A4A;Intitulé;Adresse;Nombre d'UC;Famille produit;Zone;Equipementier;R+H1:I9505ef équipementier;Machine;fournisseur;Ref Fournisseur;Stock minimum;Stock alerte;No lot;Date d'entrée
AIX_001;TOP RING J-LINER SiC HOT SH, R200 ;BAT 41X01F1;2;pieces detachees;Depot;AIXTRON;100201141;AIXTRON;AIXTRON;100201141;1;0;05/02/2018;  /  /    
AIX_002;MIDDLE SECTION J-LINER, SiC, HOT SH, R200 ;BAT 41X02E1;2;pieces detachees;Depot;AIXTRON;100201142;AIXTRON;AIXTRON;100201142;1;0;05/02/2018;  /  /    
AIX_003;BOTTOM RING J-LINER, SiC, HOT SH, R200 ;BAT 41X01F1;1;pieces detachees;Depot;AIXTRON;100201143;AIXTRON;AIXTRON;100201143;1;0;05/02/2018;  /  /    
AIX_004OLD;ROTATING GATE VALVE, HOT SH, R200 ;BAT 26B01B7;3;pieces detachees;Depot;AIXTRON;100201144;AIXTRON;AIXTRON;100201144;1;0;21/11/2017;  /  /    
AIX_006;Gloves Pair 300 mm Butyl ;BAT BAT 41X01E1;2;pieces detachees;Depot;AIXTRON;100001887;AIXTRON;AIXTRON;100001887;0;0;09/10/2018;  /  /    
AIX_007;"THERMOCOUPLE Type C"" 1/16 dia x 38"" lo """;BAT BAT 41X01E1;1;pieces detachees;Depot;AIXTRON;100091539;AIXTRON;AIXTRON;100091539;1;0;24/04/2018;  /  /    
AIX_007OLD;"THERMOCOUPLE Type C"" 1/16 dia x 38"" lo """;BAT BAT 26B04B5;2;pieces detachees;Depot;AIXTRON;100091539;AIXTRON;AIXTRON;100091539;0;0;03/01/2018;  /  /    
AIX_008;SHEATH THERMOCOUPLE, L=787 mm ;BAT 41X01E1;8;pieces detachees;Depot;AIXTRON;100188140;AIXTRON;AIXTRON;100188140;0;0;05/03/2018;  /  /    
AIX_009;INTERNAL SNAP RINGS ;BAT 41X01E1;6;pieces detachees;Depot;AIXTRON;100105869;AIXTRON;AIXTRON;100105869;0;0;30/01/2018;  /  /    
AIX_010;LIFT PIN SLEEVE RETAINER ;BAT 41X01E1;5;pieces detachees;Depot;AIXTRON;100162962;AIXTRON;AIXTRON;100162962;0;0;17/07/2018;  /  /    
AIX_011;TUNGSTEN LIFT PIM ;BAT 41X01E1;3;pieces detachees;Depot;AIXTRON;100116530;AIXTRON;AIXTRON;100116530;0;0;13/08/2018;  /  /    
AIX_012;Lifting pin button - sic coated ;BAT 41X01E1;15;pieces detachees;Depot;AIXTRON;100123502;AIXTRON;AIXTRON;100123502;15;15;21/11/2018;  /  /    
AIX_013;LIFT PIN BEARING BOTTOM ;BAT 41X01E1;2;pieces detachees;Depot;AIXTRON;100101547;AIXTRON;AIXTRON;100101547;0;0;17/07/2018;  /  /    
AIX_014;LIFT PIN SLEEVE BEARING ;BAT 41X01E1;8;pieces detachees;Depot;AIXTRON;100101545;AIXTRON;AIXTRON;100101545;0;0;30/01/2018;  /  /    
AIX_015;DRIVE DOG ;BAT 41X01E1;15;pieces detachees;Depot;AIXTRON;100152096;AIXTRON;AIXTRON;100152096;0;0;05/03/2018;  /  /    
AIX_016;Déposition shield 6mm,0,25mm no group V;BAT 41X02E1;1;pieces detachees;Depot;AIXTRON;100190158;CRIUS R200;AIXTRON;100190158;0;0;14/02/2018;  /  /    
AIX_017;Quartz susceptor support ;BAT 41X01F1;1;pieces detachees;Depot;AIXTRON;100135010;AIXTRON;AIXTRON;100135010;0;0;05/02/2018;  /  /    
AIX_017OLD;Quartz susceptor support;BAT 26B01A6;1;pieces detachees;Depot;AIXTRON;100135010;AIXTRON;AIXTRON;100135010;0;0;22/12/2017;  /  /    
AIX_017OLDND;Quartz susceptor support new design;BAT 26B04B3;1;pieces detachees;Depot;AIXTRON;100135010;AIXTRON;AIXTRON;100135010;0;0;03/01/2018;  /  /    
AIX_017OLDOD;Quartz susceptor support old design;BAT 26B04B3;1;pieces detachees;Depot;AIXTRON;100135010;AIXTRON;AIXTRON;100135010;0;0;03/01/2018;  /  /    
AIX_018;Susceptor, 400µm pins, Used ;BAT 41X01C1;1;pieces detachees;Depot;AIXTRON;100164266;;;;;;;
AIX_018OLD;Susceptor, 400µm pins, Used ;BAT 26B04B4;2;pieces detachees;Depot;AIXTRON;100164266U;AIXTRON;AIXTRON;100164266U;0;0;03/01/2018;  /  /    
AIX_019OLD;Susceptor, 200µm pins, Used ;BAT 26B05B5;1;pieces detachees;Depot;AIXTRON;100193650U;AIXTRON;AIXTRON;100193650U;0;0;03/01/2018;  /  /    
AIX_020;TOP RING J-LINER CRIUS R 200 Graphite Used ;BAT 41X04F1;1;pieces detachees;Depot;AIXTRON;100156011U ;AIXTRON;AIXTRON;100156011U ;0;0;14/02/2018;  /  /    
AIX_021;BOTTOM RING J-LINER CRIUS R 200 Graphite;BAT 41X01F1;3;pieces detachees;Depot;AIXTRON;100137633;AIXTRON;AIXTRON;100137633;0;0;05/02/2018;  /  /    
AIX_022;MIDDLE SECTION J-LINER CRIUS R 200 Graphite Used ;BAT 41X03F1;1;pieces detachees;Depot;AIXTRON;100160536U;AIXTRON;AIXTRON;100160536U;0;0;14/02/2018;  /  /    
AIX_023;Rotating Gate Valve Crius R 200mm Graphite Used ;BAT 41X04F1;1;pieces detachees;Depot;AIXTRON;100152095U ;AIXTRON;AIXTRON;100152095U ;0;0;14/02/2018;  /  /    
AIX_024;"EXHAUST LINER (6x2 FT) """;BAT 41X01E1;3;pieces detachees;Depot;AIXTRON;100003749;AIXTRON;AIXTRON;100003749;0;0;18/01/2016;  /  /    
AIX_025;SHEATH THERMOCOUPLE L=100 mm ;BAT 41X01E1;9;pieces detachees;Depot;AIXTRON;100188141;AIXTRON;AIXTRON;100188141;5;5;14/09/2018;  /  /    
AIX_026;"Outil - Palan pour la showerhead"" """;BAT 26B04A5;2;pieces detachees;Depot;AIXTRON;;AIXTRON;AIXTRON;.;0;0;21/11/2017;  /  /    
AIX_027;Outil - Tuyau Gris (large) ;BAT 26C03A6;1;pieces detachees;Depot;AIXTRON;;AIXTRON;AIXTRON;.;0;0;02/02/2018;  /  /    
AIX_029;CHECK VALVE DN40 ISO KF 25mbar;BAT 41X01E1;4;pieces detachees;Depot;AIXTRON;100001866;AIXTRON;AIXTRON;100001866;0;0;26/07/2018;  /  /    
AIX_030;CHECK VALVE DN40 ISO KF 70mbar SST;BAT 41X01E1;2;pieces detachees;Depot;AIXTRON;100001867;AIXTRON;AIXTRON;100001867;0;0;26/07/2018;  /  /    
AIX_031;FERRULE 1/16¨ FRONT NYL;BAT 41X01E1;19;pieces detachees;Depot;AIXTRON;100061353;AIXTRON;AIXTRON;100061353;0;0;30/01/2018;  /  /    
AIX_032;FERRULE 1/16¨ BACK NYL;BAT 41X01E1;19;pieces detachees;Depot;AIXTRON;100061355;AIXTRON;AIXTRON;100061355;0;0;30/01/2018;  /  /    
AIX_033;SCREW SOCKET HEAD M4 DEP SHEILD;BAT 41X01E1;12;pieces detachees;Depot;AIXTRON;100202435;AIXTRON;AIXTRON;100202435;0;0;26/08/2016;  /  /    
AIX_034;FLANGED BUSH TOP DEP SHIELD;BAT 41X01E1;12;pieces detachees;Depot;AIXTRON;100202433;AIXTRON;AIXTRON;100202433;0;0;26/08/2016;  /  /    
AIX_035;FLGD BUSH BTM 3MM C'BORE DEP SHEILD;BAT 41X01E1;6;pieces detachees;Depot;AIXTRON;100202436;AIXTRON;AIXTRON;100202436;0;0;26/08/2016;  /  /    
AIX_036;BOTTOM RING J-LINER SIC HOT SH R200;BAT 41X02F1;1;pieces detachees;Depot;AIXTRON;100201143;AIXTRON;AIXTRON;100201143;0;0;05/02/2018;  /  /    
AIX_037OLD;CRIUS-R 200 FURNITURE ASSY ;BAT 26B01A6;1;pieces detachees;Depot;AIXTRON;100135097;AIXTRON;AIXTRON;100135097;0;0;21/11/2017;  /  /    
AIX_038OLD;SWITCHBOX 10/100MBPS UNMANAGED 16 PORT;BAT 26B01A4;1;pieces detachees;Depot;AIXTRON;100185348;AIXTRON;AIXTRON;100135097;0;0;21/11/2017;  /  /    
AIX_039;DISC QUARTZ 12X4.5 SMALL;BAT 41X01E1;8;pieces detachees;Depot;AIXTRON;100003639;AIXTRON;AIXTRON;100003639;0;0;26/08/2016;  /  /    
AIX_040;DISC QUARTZ 58X8 MM;BAT 41X01E1;1;pieces detachees;Depot;AIXTRON;100003637;AIXTRON;AIXTRON;100003637;0;0;13/08/2018;  /  /    
AIX_041;ASSY BEARING HOUSING INSULATED;BAT 41X01E1;3;pieces detachees;Depot;AIXTRON;100183074;AIXTRON;AIXTRON;100183074;0;0;13/08/2018;  /  /    
AIX_042;O-RING*6.1Xx1.6X*EPDM70*black;BAT 41X01E1;6;pieces detachees;Depot;AIXTRON;100092004;AIXTRON;AIXTRON;100092004;0;0;05/01/2017;  /  /    
AIX_043;O-RING*7.1Xx1.6X*EPDM70*black;BAT 41X01E1;6;pieces detachees;Depot;AIXTRON;100092002;AIXTRON;AIXTRON;100092002;0;0;05/01/2017;  /  /    
AIX_044;FUSIBLE 5x20 mm 6.3 A T ;BAT 41X01E1;8;pieces detachees;Depot;AIXTRON;;AIXTRON;ROHS;167-8121;0;0;05/01/2017;  /  /    
AIX_045;ORING 475x3,53 EPDM60 Black ;BAT 41X01E1;2;pieces detachees;Depot;AIXTRON;100092114;AIXTRON;AIXTRON;100092114;0;0;19/01/2017;  /  /    
AIX_046;O-RING 500X3.53 EPDM60 black;BAT 41X01E1;1;pieces detachees;Depot;AIXTRON;100092115;AIXTRON;AIXTRON;100092115;0;0;27/01/2017;  /  /    
AIX_048;WINDOW DIODE ARRAY;BAT 41X01E1;1;pieces detachees;Depot;AIXTRON;100156952;AIXTRON;AIXTRON;100156952;0;0;22/02/2017;  /  /    
AIX_049;O-RING*405.26x3.53*EPDM70*black;BAT 41X01E1;4;pieces detachees;Depot;AIXTRON;100092104;AIXTRON;AIXTRON;100092104;0;0;29/05/2017;  /  /    
AIX_053;FEDERRING, CRIUS -R-200,BG;BAT 41X01E1;1;;Depot;AIXTRON;100141907;CRIUS R200;AIXTRON;100141907;0;0;12/06/2018;  /  /    
AIX_056;MIDDLE RING - GRAPHITE - J LINER;BAT 41X03F1;2;pieces detachees;Depot;;100137632;AIXTRON;AIXTRON;100137632;0;0;14/02/2018;  /  /    
AIX_057;BOTTOM RING - J LINER - HEAT OUTSIDE;BAT 41X01F1;2;pieces detachees;Depot;;;AIXTRON;AIXTRON;100137634;0;0;05/02/2018;  /  /    
AIX_058;TOP RING - J LINER - CRIUS R 200;BAT 41X01F1;2;pieces detachees;Depot;;;AIXTRON;AIXTRON;100137415;0;0;05/02/2018;  /  /    
AIX_061;SPRING RING ASSY ;BAT 41X01E1;2;pieces detachees;Depot;AIXTRON;100113988;AIXTRON;AIXTRON;100113988;1;0;31/01/2018;  /  /    
AIX_062;Oring BS012EPDM70 ;BAT 41X01E1;6;pieces detachees;Depot;AIXTRON;100084342;AIXTRON;AIXTRON;100084342;1;0;08/02/2018;  /  /    
AIX_063;Oring BS277EPDM70 ;BAT 41X01E1;1;pieces detachees;Depot;AIXTRON;100092120;AIXTRON;;;1;0;08/02/2018;  /  /    
AIX_064;Oring 117*4 ;BAT 41X01E1;1;pieces detachees;Depot;AIXTRON;100130612;AIXTRON;;;1;0;08/02/2018;  /  /    
AIX_065;Oring 510*3-53 ;BAT 41X01E1;1;pieces detachees;Depot;AIXTRON;100084349;AIXTRON;;;1;0;08/02/2018;  /  /    
AIX_066;Oring BS258EP70 ;BAT 41X01E1;2;pieces detachees;Depot;AIXTRON;100091991;AIXTRON;;;1;0;08/02/2018;  /  /    
AIX_067;Oring BS283EP70 ;BAT 41X01E1;6;pieces detachees;Depot;AIXTRON;100084348;AIXTRON;;;1;0;08/02/2018;  /  /    
AIX_068;Oring BS222EP70 ;BAT 41X01E1;4;pieces detachees;Depot;AIXTRON;100092019;AIXTRON;;;1;0;08/02/2018;  /  /    
AIX_069;Oring 370*4-1 ;BAT 41X01E1;9;pieces detachees;Depot;AIXTRON;100064057;AIXTRON;;;1;0;08/02/2018;  /  /    
AIX_070;Oring 560*3-53 ;BAT 41X01E1;1;pieces detachees;Depot;AIXTRON;100064058;AIXTRON;;;1;0;08/02/2018;  /  /    
AIX_071;Shaft, conn Rod, DEP. SHIELD ;BAT 41X01E1;8;pieces detachees;Depot;AIXTRON;100202314;AIXTRON;;;1;0;13/08/2018;  /  /    
AIX_072;Flange, Conn Rod, DEP. SHIELD ;BAT 41X01E1;8;pieces detachees;Depot;AIXTRON;100202313;AIXTRON;;;1;0;08/02/2018;  /  /    
AIX_073;Connecting Rod - DDS ;BAT 41X01E1;4;pieces detachees;Depot;AIXTRON;100159856;AIXTRON;;;2;0;08/02/2018;  /  /    
AIX_074;Linear actuator - with flange (2 câbles) ;BAT 41X01E1;4;pieces detachees;Depot;AIXTRON;100159156;AIXTRON;;;2;0;08/02/2018;  /  /    
AIX_075;"DISC 8 D209 MODUL 2.35 CC300 LO100""";BAT 41X01D1;10;pieces detachees;Depot;AIXTRON;100208515;AIXTRON;;;0;0;25/04/2018;  /  /    
AIX_077;Support ring crius R200;BAT 41X01E1;1;pieces detachees;Depot;AIXTRON;100135268;CRIUS R200;;;0;0;25/04/2018;  /  /    
AIX_078;CANALISATION EXHAUST AIXTRON zone grillagee ss41;01A00A0;1;pieces detachees;Depot;AIXTRON;;AIXTRON;;;0;0;14/11/2018;  /  /    
AIX_080;Oring 5-1X1-6 ;BAT 41X01E1;5;pieces detachees;Depot;AIXTRON;100091930;AIXTRON;;;1;0;15/05/2018;  /  /    
AIX_081;Oring 25-1X1-6 ;BAT 41X01E1;1;pieces detachees;Depot;AIXTRON;100091938;AIXTRON;;;1;0;15/05/2018;  /  /    
AIX_083;Oring 8-1X1-6 ;BAT 41X01E1;1;pieces detachees;Depot;AIXTRON;100091937;AIXTRON;;;1;0;15/05/2018;  /  /    
AIX_084;Oring BS205EPDM70 ;BAT 41X01E1;7;pieces detachees;Depot;AIXTRON;100084343;AIXTRON;;;1;0;15/05/2018;  /  /    
AIX_086;Oring 35-5X3 ;BAT 41X01E1;4;pieces detachees;Depot;AIXTRON;100091995;AIXTRON;;;1;0;15/05/2018;  /  /    
AIX_087;Oring 14-1X1-6 ;BAT 41X01E1;8;pieces detachees;Depot;AIXTRON;100083478;AIXTRON;;;1;0;15/05/2018;  /  /    
AIX_088;Oring 12-6X2-4 ;BAT 41X01E1;9;pieces detachees;Depot;AIXTRON;100105391;AIXTRON;;;1;0;15/05/2018;  /  /    
AIX_089;Oring 16-1X1-6 ;BAT 41X01E1;1;pieces detachees;Depot;AIXTRON;100091934;AIXTRON;;;1;0;15/05/2018;  /  /    
AIX_090;Oring 13-1X1-6 ;BAT 41X01E1;1;pieces detachees;Depot;AIXTRON;100091931;AIXTRON;;;1;0;15/05/2018;  /  /    
AIX_091;Oring 184-5X3 ;BAT 41X01E1;1;pieces detachees;Depot;AIXTRON;100091993;AIXTRON;;;1;0;15/05/2018;  /  /    
AIX_092;Oring 37-6X2 ;BAT 41X01E1;1;pieces detachees;Depot;AIXTRON;100121749;AIXTRON;;;1;0;15/05/2018;  /  /    
AIX_093;Oring BS011V175 ;BAT 41X01E1;1;pieces detachees;Depot;AIXTRON;100109131;AIXTRON;;;1;0;15/05/2018;  /  /    
AIX_094;Oring 18-1X1-6 ;BAT 41X01E1;1;pieces detachees;Depot;AIXTRON;100091935;AIXTRON;;;1;0;15/05/2018;  /  /    
AIX_095;Oring 14-6X2-4 ;BAT 41X01E1;2;pieces detachees;Depot;AIXTRON;100092124;AIXTRON;;;1;0;15/05/2018;  /  /    
AIX_096;Oring 17-1X1-6 ;BAT 41X01E1;2;pieces detachees;Depot;AIXTRON;100105404;AIXTRON;;;1;0;15/05/2018;  /  /    
AIX_097;Oring BS011EP70 ;BAT 41X01E1;2;pieces detachees;Depot;AIXTRON;100092006;AIXTRON;;;1;0;15/05/2018;  /  /    
AIX_098;Oring 19-5X3 ;BAT 41X01E1;8;pieces detachees;Depot;AIXTRON;100091940;AIXTRON;;;1;0;15/05/2018;  /  /    
AIX_099;Oring BS272EP70 ;BAT 41X01E1;1;pieces detachees;Depot;AIXTRON;100092107;AIXTRON;;;1;0;15/05/2018;  /  /    
AIX_100;Oring 11-6X2 ;BAT 41X01E1;18;pieces detachees;Depot;AIXTRON;100084351;AIXTRON;;;1;0;15/05/2018;  /  /    
AIX_101;Oring 500X3-53 ;BAT 41X01E1;1;pieces detachees;Depot;AIXTRON;100092115;AIXTRON;;;1;0;15/05/2018;  /  /    
AIX_102;Oring 115X4 ;BAT 41X01E1;1;pieces detachees;Depot;AIXTRON;100130613;AIXTRON;;;1;0;15/05/2018;  /  /    
AIX_103;Oring 700X4-5 ;BAT 41X01E1;1;pieces detachees;Depot;AIXTRON;100092101;AIXTRON;;;1;0;15/05/2018;  /  /    
AIX_104;Oring 61-6X2 ;BAT 41X01E1;1;pieces detachees;Depot;AIXTRON;100121747;AIXTRON;;;1;0;15/05/2018;  /  /    
AIX_105;Oring BS112EP70 ;BAT 41X01E1;6;pieces detachees;Depot;AIXTRON;100084344;AIXTRON;;;1;0;15/05/2018;  /  /    
AIX_107;Oring 535X3-53EP60GR ;BAT 41X01E1;1;pieces detachees;Depot;AIXTRON;100092119;AIXTRON;;;1;0;15/05/2018;  /  /    
AIX_109;QUARTZ SUPPORT;01A00A0;2;pieces detachees;Depot;AIXTRON;100143077;AIXTRON;;;1;1;30/05/2018;  /  /    
AIX_110;SPRING CARRIER;01A00A0;1;pieces detachees;Depot;AIXTRON;1001165931;AIXTRON;;;1;1;30/05/2018;  /  /    
AIX_111;SPRING CLAMP RING;01A00A0;1;pieces detachees;Depot;AIXTRON;1001165930;AIXTRON;;;1;1;30/05/2018;  /  /    
AIX_112;SUPPORT RING;01A00A0;1;pieces detachees;Depot;AIXTRON;100135268;AIXTRON;;;1;1;30/05/2018;  /  /    
AIX_113;FLH SCREW DIN7991 M4x10 A4 SST;01A00A0;6;pieces detachees;Depot;AIXTRON;100002887;AIXTRON;;;3;3;30/05/2018;  /  /    
AIX_114;CLAMP TSSEL 20x8x5;01A00A0;3;pieces detachees;Depot;AIXTRON;100000726;AIXTRON;;;3;3;30/05/2018;  /  /    
AIX_115;MODIFIED GRUB SCREW M4x20 A2 70 SST;01A00A0;3;pieces detachees;Depot;AIXTRON;100170181;AIXTRON;;;3;3;30/05/2018;  /  /    
AIX_116;HSHC SCREW DIN912 M4x20 A2 70 SST;01A00A0;3;pieces detachees;Depot;AIXTRON;100002842;AIXTRON;;;3;3;30/05/2018;  /  /    
AIX_117;BUTTON M4 SKT CAP HD SCREW;01A00A0;3;pieces detachees;Depot;AIXTRON;100000722;AIXTRON;;;3;3;30/05/2018;  /  /    
AIX_118;HSHC SCREW DIN912 M4x10 A4 SST;01A00A0;12;pieces detachees;Depot;AIXTRON;100082260;AIXTRON;;;12;12;30/05/2018;  /  /    
AIX_119;SPRING CLAMP RING;BAT 41X01D1;1;pieces detachees;Depot;AIXTRON;100165930;AIXTRON;;;1;1;13/06/2018;  /  /    
AIX_120;SPRING CARRIER;BAT 41X01D1;1;pieces detachees;Depot;AIXTRON;100165931;AIXTRON;;;1;1;13/06/2018;  /  /    
AIX_121;BALL BEARING (FOUR POINT CONTACT);BAT 41X01E1;1;pieces detachees;Depot;AIXTRON;100105292;AIXTRON;;;1;1;17/07/2018;  /  /    
AIX_122;HSHC-SCREW DIN912 M4x8 A2-70 SST;BAT 41X01E1;12;pieces detachees;Depot;AIXTRON;100003031;AIXTRON;;;1;1;14/09/2018;  /  /    
AIX_123;HSHC-SCREW DIN912 M4x25 A4-70 SST;BAT 41X01E1;3;pieces detachees;Depot;AIXTRON;100002843;AIXTRON;;;1;1;14/09/2018;  /  /    
ALI_000;ALIMENTATION LAMBDA 12V;BAT 41F03B3;1;pieces detachees;AAA - Commun;VEECO;LIS-31-12;P5000 (Tous modèles);;;0;0;08/08/2017;  /  /    
AMA_000;TUYAU RPS PRODUSER HDP SICONI FRONTIER SUPPLY;BAT 41F04E1;1;pieces detachees;AAA- Non définie;AMAT;0050-90900;AAA - Non définie;AMAT;0050-90900;0;0;01/02/2017;  /  /    
AMA_001;TUYAU RPS PRODUSER HDP SICONI FRONTIER RETURN;BAT 41F04E1;1;pieces detachees;AAA- Non définie;AMAT;0050-90901;AAA - Non définie;AMAT;0050-90901;0;0;01/02/2017;  /  /    
AMA_002;TUYAU HEAT EXCHANGER 300MM EPI;BAT 41E05G1;4;pieces detachees;AAA- Non définie;AMAT;0050-98708;AAA - Non définie;AMAT;0050-98708;0;0;26/07/2017;  /  /    
AMA_003;JOINT CATHODE BODY DPS 300;BAT 41F04E1;1;pieces detachees;AAA - Commun;AMAT;3700-01369;AMAT (TOUTES);AMAT;3700-01369;0;0;09/08/2017;  /  /    
AMA_004;FIBRE OPTIC P5000/CENT;BAT 41F04E1;2;pieces detachees;AAA - Commun;AMAT;0010-35792;;AMAT;0010-35792;0;0;05/10/2017;  /  /    
AMA_006;WINDOW COVER 5,X FILTRE UV LAMPE FI;BAT 41N02G1;1;pieces detachees;Depot;AMAT;0041-53638;AMAT(TOUTES);;;;;;
AMA_007;WINDOW COVER LEFT  SIDE 5,X  FILTRE UV LAMPE FI;BAT 41N02G1;1;pieces detachees;Depot;AMAT;0041-54493;AMAT(TOUTES);;;;;;
AMA_008;ORING ID 10,984 CSD ,139 VITON 75 DURO;BAT 41F04E1;2;pieces detachees;Depot;AMAT;3700-02447;;;;;;;
AMP_019;LAMPE 6V 10W PHILLIPS - HAL/6605 6V10G4;BAT 41Q06C2;4;pieces detachees;Gravure;TEL;ES046-000656-1;TEL UNITY1;COMPTOIR;350268096;0;1;27/12/2010;  /  /    
AMP_020;STARTER - LAMPE A ARMOCAGE DE PLASMA;BAT 41R00B2;2;pieces detachees;Gravure;GASONICS;73789-04;IPC (Tous modèles);;;0;1;04/09/2018;  /  /    
AMP_022;LAMPE CM85 28V;BAT 41R00C3;6;pieces detachees;Gravure;GASONICS;72957-06;IPC (Tous modèles);;;0;1;27/12/2010;  /  /    
AMP_023;LAMPE 85;BAT 41R00C3;4;pieces detachees;Gravure;GASONICS;71311-01;IPC (Tous modèles);;;0;1;27/12/2010;  /  /    
AMP_024;LAMPE M1 757;BAT 41R00C3;2;pieces detachees;Gravure;GASONICS;73797-01;IPC (Tous modèles);;;0;1;27/12/2010;  /  /    
AMP_F01;Lampes pour four JIPELEC 5;BAT 41A04E1;8;pieces detachees;TTH / Chimie;QUALIFLOW;10321131;JIPELEC 5;;;0;0;12/11/2015;  /  /    
AMP_F20;AMPOULE HALOGEN JTHZ 240V-1500WC;BAT 41F02A3;13;pieces detachees;Litho;AAA - Non définie;*;FSM 900;STI;312-0005;0;0;27/12/2010;  /  /    
AMP_F22;LAMP BULB 1000W CLEAR CAN;BAT 41Z01D1;18;pieces detachees;Depot;AMAT;1010-01088;P5000 (Tous modèles);USHIO;090421JCV120V1000WBM;0;0;06/07/2018;  /  /    
AMP_F23;BA9S 9MM MBC 30V 2W FILAMENTS LAMPS;BAT 41X06N1;88;pieces detachees;Depot;AMAT;*;P5000 (Tous modèles);RADIOSPARE;577-487;0;0;27/12/2010;  /  /    
AMP_F24;LAMPE QUARTZ INFRD HALOGEN 480 V-DRL SP RT;BAT 41Y01F1;4;pieces detachees;Depot;ASM;43-105310A64;EPSILON 3200A;XYCARB;10211456;10;10;28/06/2017;  /  /    
AMP_F27A;MERCURY XENON LAMP (2 48NM );BAT 41F02B3;1;pieces detachees;Litho;DNS;23973674;DNS RF3A;;;0;2;14/05/2018;  /  /    
AMP_F28;LAMP L2 D2 AU DEUTERIUM;BAT 41M01C1;4;pieces detachees;Metrologie;WOOLLAMN;*;WOOLLAM1;HAMAMATSU;L6999-50;0;2;07/03/2017;  /  /    
AMP_F31;LAMPE XENON;BAT 41K01N1;3;pieces detachees;Metrologie;KLA TENCOR;L2174-01;UV1050;HAMAMATSU;L2174-01;0;3;09/06/2017;  /  /    
AMP_F32;LAMPE UXM - S 200KL  MERCURE POUR ALARM / ALA;BAT 41F02A2;0;pieces detachees;Metrologie;ALSYS;2502150;ALARM;USHIO;UXM-S200KL;0;2;25/07/2018;  /  /    
AMP_F34;LAMPES;BAT 41F02C4;10;pieces detachees;AAA- Non définie;AAA - Non définie;;AAA - Non définie;;;0;0;25/05/2011;  /  /    
AMP_F35;AMPOULE 24V 85MA 10X28;BAT 41F02B4;13;pieces detachees;AAA- Non définie;AAA - Non définie;;AAA - Non définie;;;0;0;25/05/2011;  /  /    
AMP_F38;LAMP HALOGEN 120V 600W ;BAT 41F03F1;20;pieces detachees;Depot;AMAT;1010-01424;END 5500 (Tous modèles);GE;DVY;0;0;27/12/2010;  /  /    
AMP_F40;LAMPE SUBMINI 28V;BAT 41R00C3;12;pieces detachees;Gravure;GASONICS;9FAA7001;IPC (Tous modèles);;;0;6;27/12/2010;  /  /    
AMP_K01;NEON TL6W/33;BAT 41A03E1;25;pieces detachees;TTH / Chimie;TEL;*;TEL ALPHA (Tous modèles);PHILIPS;ND;0;5;27/12/2010;  /  /    
AMP_K06;AMPOULES 12V;BAT 41F03F3;6;pieces detachees;Litho;RIGAKU;H-1211;TXRF 300A;;;0;0;20/06/2017;  /  /    
AMP_K08;BULB 28V 40 MA T1-3/4 MIDGET GROOVE;BAT 41S06D1;1;pieces detachees;Gravure;NEXTRAL;B5000559228;NE330A;;;0;0;14/12/2011;  /  /    
AMP_K10;LAMPE MERCURE HBO 1500W / PIL;BAT 41F02A1;4;pieces detachees;Litho;ASM;;ASM 100A;OSRAM;HBO1500W / PIL;2;2;30/07/2018;  /  /    
AMP_K11;LAMPE HALOGENE;BAT 41A04E1;24;pieces detachees;TTH / Chimie;QUALIFLOW;;JIPELEC2;QUALIFLOW;QIR 480 - 6000 E - AK176740);0;0;15/09/2014;  /  /    
AMP_K12;LAMPE HALOGENE;BAT 41A04E1;20;pieces detachees;TTH / Chimie;QUALIFLOW;;JIPELEC1;QUALIFLOW;QIR 230 / 250 - 2000 UI6;0;0;15/12/2011;  /  /    
AMP_K13;LAMPE MERCURE HBO 1000W/D;BAT 41F02E3;4;pieces detachees;Litho;SUSS MICROTEC;;MA8A;OSRAM;HBO1000W/D;0;3;15/10/2018;  /  /    
AMP_K14;AMPOULE 2,5V 200MA;BAT 41O03D3;24;pieces detachees;TTH / Chimie;ALPSITEC;*;M550 (Tous modèles);RADIOSPARE;369-2775;0;1;27/12/2010;  /  /    
AMP_K15;LAMP H+ BULB AMAT PACKAGE APPLED ONLY;BAT 41Z03E2;1;pieces detachees;Depot;AMAT;0195-04787;PRODUCER SE1;;;0;2;01/06/2018;  /  /    
AMP_K18;LAMP QUARTZ 500W 120V T3 TRANSLUCENT IRE;BAT 41F03F4;1;pieces detachees;Depot;AMAT;*;END 5500 (Tous modèles);;;0;1;27/12/2010;  /  /    
AMP_K21;LAMPE SOPM;BAT 41O01C1;1;pieces detachees;TTH / Chimie;EBARA;C-5176-047-0001;EBARA1;;;0;1;14/03/2018;  /  /    
AMP_K22;LAMP HALOGEN 120V 1000W;BAT 41F02A3;8;pieces detachees;Litho;ON TRAK;73-0001-010;SCRUB (Tous modèles);ONTRAK;73-0001-010;0;1;27/12/2010;  /  /    
AMP_K23;NEON FI LAMP 17W;BAT 41Z07D1;2;pieces detachees;Depot;AMAT;1010-01529;;AMAT;1010-01529;0;0;30/01/2017;  /  /    
AMP_Q01;AMPOULE HALOGEN 12V 100W GZ635;BAT 41F02E2;2;pieces detachees;AAA- Non définie;NANOMETRICS;;IVS 165A;OSRAM;64637;0;0;15/12/2011;  /  /    
AMP_Q02;LAMP-SPOT-TUNGSTEN-HALOGEN;BAT 41Y01C3;7;pieces detachees;Depot;ASM;43-105310A23;EPSILON 3200A;;;0;6;27/12/2010;  /  /    
AMP_V02;LAMPES FILAMENT 24V 2W;BAT 41O03F1;204;pieces detachees;TTH / Chimie;ALPSITEC;*;M550 (Tous modèles);RADIOSPARE;193-4982;0;1;27/12/2010;  /  /    
AMP_V03;NEON 18W;BAT 41O03F1;4;pieces detachees;TTH / Chimie;ALPSITEC;*;M550 (Tous modèles);MAZDAFLUOR;1KTF2018W;0;2;27/12/2010;  /  /    
AMP_V04;NEON;BAT 41O03F1;8;pieces detachees;TTH / Chimie;ALPSITEC;*;M550 (Tous modèles);HEBEC;F8T5CW;0;2;27/12/2010;  /  /    
AMP_V07;MINIATURE LAMPS 757;BAT 41F03F2;10;pieces detachees;Depot;AMAT;1010-01065;AAA - Non définie;EIKO;ND;0;0;27/12/2010;  /  /    
AMP_V11;HALOGENE LAMP 120V/2000W;BAT 41F03F2;2;pieces detachees;Depot;AMAT;1010-01102;END 5500A;USHIO;JCV120V-2000WC;0;20;27/12/2010;  /  /    
AMP_V12;LAMP USHIO EPI 2000W;BAT 41Y02A4;23;pieces detachees;Depot;AMAT;0190-05974;CENT 5200C;;;0;40;15/02/2017;  /  /    
AMP_V13;NEON SYLVANIA 0002775 T5FHO 39 W BLANC POUR R;B2E;3;pieces detachees;TTH / Chimie;SEMITOOL;*;RAIDER (TOUTES);FARNELL;4718070;0;2;08/11/2017;  /  /    
AMP_V16;LAMP HALOGEN 800W;BAT 41Q00B2;8;pieces detachees;Gravure;AMAT;1010-01116;CENT 5200B;;;0;0;13/06/2018;  /  /    
AMP_V17;LAMPE HALOGENE 750W;BAT 41C02G2;10;pieces detachees;TTH / Chimie;SEMITOOL;*;RAIDER (TOUTES);OSRAM;750W77V93721;0;1;23/09/2013;  /  /    
AMP_V19;LAMPE DETERIUM POUR ELLIPSOMETRE;BAT 41M01C1;3;pieces detachees;Metrologie;;L1414;WOOLLAM1;LOT-QUANTU;L1414;0;0;07/03/2017;  /  /    
AMP_V20;LAMP IR HALOGEN;BAT 41Y01F3;12;pieces detachees;AAA - Commun;ASM;10321131;EPSILON 3200A;ASM;16-143143-01;0;0;14/06/2016;  /  /    
AMP_V23;XENON LAMP L2193 HAMAMATSU;BAT 41O01C1;2;pieces detachees;TTH / Chimie;EBARA;;EBARA1;EBARA;L2193;1;1;30/05/2013;  /  /    
AMP_V24;AMPOULE 13.8V 85W DED OSRAM 64618;BAT 41F02C1;9;pieces detachees;Litho;SUSS MICROTEC;G148649;MA8A;SUSS;G148649;0;0;02/10/2017;  /  /    
AMP_V26;FLUORESCENT LAMP;BAT 41O01D1;2;pieces detachees;TTH / Chimie;EBARA;C-5176-040-0001;EBARA1;EBARA;C-5176-040-0001;0;0;03/03/2016;  /  /    
AMP_V31;LAMPE HALOGENE PHILIPS 480V-6000W;BAT 41A02C4;5;pieces detachees;TTH / Chimie;;;PAILLASSE;;;3;3;08/08/2012;  /  /    
AMP_V33;BOITE A AMPOULE DIVERS;BAT 41E05C2;1;pieces detachees;TTH / Chimie;;;;;;0;0;22/09/2014;  /  /    
BAG_008;ENTRETOISE 214-003;BAT 41G01D1;9;pieces detachees;Litho;ON TRAK;*;AAA - Non définie;LAM;206278 /// 039-RS;0;0;27/12/2010;  /  /    
BAG_009;BAGUE / ENTRETOISE 214-018;BAT 41G01D1;1;pieces detachees;Litho;ON TRAK;*;AAA - Non définie;;;0;0;27/12/2010;  /  /    
BAG_010;BAGUE / ENTRETOISE 214-035;BAT 41G01D1;1;pieces detachees;Litho;ON TRAK;*;AAA - Non définie;;;0;0;27/12/2010;  /  /    
BAG_011;BAGUE / ENTRETOISE 92-0001-011;BAT 41G01D1;1;pieces detachees;Litho;ON TRAK;*;AAA - Non définie;;;0;0;14/10/2013;  /  /    
BAG_F01;BAGUE TEFLON VIEWPORT DN16;BAT 41R02A1;0;pieces detachees;Gravure;STS;DT314064;STS HRM1;;;0;2;22/06/2012;  /  /    
BAG_F02;BAGUE PLASTIQUE BLANC;BAT 41R02A1;4;pieces detachees;Gravure;STS;1,13E+06;STS HRM1;CHELTAPE;ND;0;2;27/12/2010;  /  /    
BAG_F04;BAGUE PLASTIQUE MARRON SPIN;BAT 41G01G1;5;pieces detachees;Litho;ON TRAK;13-0082-004;SCRUB (Tous modèles);;;0;2;27/12/2010;  /  /    
BAG_F05;BAGUE TEFLON BLANC POUR COURROIE SENDER 2;BAT 41G01G1;14;pieces detachees;Litho;ON TRAK;13-8892-058;SCRUB (Tous modèles);;;0;1;27/12/2010;  /  /    
BAG_F06;BAGUE METALLIQUE;BAT 41G01F3;37;pieces detachees;Litho;ON TRAK;214-003;SCRUB (Tous modèles);;;0;1;27/12/2010;  /  /    
BAG_F08;BAGUE PLASTIQUE NOIR SENDER 2;BAT 41G01G1;82;pieces detachees;Litho;ON TRAK;13-8800-057;SCRUB (Tous modèles);;;0;2;27/12/2010;  /  /    
BAG_F09;BAGUE TEFLON BLANC BRUSH;BAT 41G01G1;23;pieces detachees;Litho;ON TRAK;13-8000-008;SCRUB (Tous modèles);;;0;1;27/12/2010;  /  /    
BAG_F10;BAGUE BRONZE BRUSH;BAT 41G01F3;19;pieces detachees;Litho;ON TRAK;201-032;SCRUB (Tous modèles);;;0;1;27/12/2010;  /  /    
BAG_F11;BAGUE TEFLON BLANC BRUSH;BAT 41G01G1;30;pieces detachees;Litho;ON TRAK;90-0001-003;SCRUB (Tous modèles);;;0;1;27/12/2010;  /  /    
BAG_F12;BAGUE PLASTIQUE MARRON BRUSH;BAT 41G01G1;127;pieces detachees;Litho;ON TRAK;201-029;SCRUB (Tous modèles);;;0;2;23/06/2016;  /  /    
BAG_F13;BAGUE TEFLON BLANC;BAT 41G01G1;23;pieces detachees;Litho;ON TRAK;13-8800-032;SCRUB (Tous modèles);;;0;1;27/12/2010;  /  /    
BAG_F14;BAGUE TEFLON BLANC SENDER 2;BAT 41G01G1;7;pieces detachees;Litho;ON TRAK;13-8892-062;SCRUB (Tous modèles);;;0;1;27/12/2010;  /  /    
BAG_F15;POULIE TEFLON BLANC SENDER;BAT 41G01G1;32;pieces detachees;Litho;ON TRAK;13-0092-059;SCRUB (Tous modèles);;;0;1;27/12/2010;  /  /    
BAG_F16;BAGUE TEFLON BLANC ROBOT;BAT 41G01G1;2;pieces detachees;Litho;ON TRAK;33-1000-003;SCRUB (Tous modèles);;;0;1;27/12/2010;  /  /    
BAG_F17;BAGUE TEFLON BLANC BRUSH;BAT 41G01G1;35;pieces detachees;Litho;ON TRAK;13-8800-033;SCRUB (Tous modèles);;;0;1;27/12/2010;  /  /    
BAG_F18;BAGUE TEFLON BLANC ROBOT;BAT 41G01G1;60;pieces detachees;Litho;ON TRAK;13-0072-020;SCRUB (Tous modèles);;;0;1;27/12/2010;  /  /    
BAG_F19;BAGUE METALLIQUE ROBOT;BAT 41G01F3;4;pieces detachees;Litho;ON TRAK;33-0004-001;SCRUB (Tous modèles);;;0;1;27/12/2010;  /  /    
BAG_F20;BAGUE OUVERTE TEFLON SENDER;BAT 41G01G1;71;pieces detachees;Litho;ON TRAK;33-0005-004;SCRUB (Tous modèles);;;0;2;27/12/2010;  /  /    
BAG_F21;BAGUE METALLIQUE SPIN;BAT 41G01F3;39;pieces detachees;Litho;ON TRAK;214-002;SCRUB (Tous modèles);;;0;2;27/12/2010;  /  /    
BAG_F23;BAGUE PLASTIQUE BLANC BRUSH;BAT 41G01G1;4;pieces detachees;Litho;ON TRAK;201-012;SCRUB (Tous modèles);;;0;1;27/12/2010;  /  /    
BAG_F26;BAGUE PLASTIQUE NOIR;BAT 41G01G1;121;pieces detachees;Litho;ON TRAK;00515-04;SCRUB (Tous modèles);;;0;2;27/12/2010;  /  /    
BAG_F27;BAGUE PLASTIQUE MARRON;BAT 41G01G1;2;pieces detachees;Litho;ON TRAK;13-0082-032;SCRUB (Tous modèles);;;0;1;27/12/2010;  /  /    
BAG_F28;BAGUE BRONZE SPIN;BAT 41G01F3;2;pieces detachees;Litho;ON TRAK;33-0008-001;SCRUB (Tous modèles);;;0;1;27/12/2010;  /  /    
BAG_F30;BAGUE PLASTIQUE MARRON;BAT 41G01G1;1;pieces detachees;Litho;ON TRAK;13-0092-007;SCRUB (Tous modèles);;;0;1;27/12/2010;  /  /    
BAG_F32;BAGUE PLASTIQUE SPIN;BAT 41G01G1;3;pieces detachees;Litho;ON TRAK;13-0082-027;SCRUB (Tous modèles);;;0;1;27/12/2010;  /  /    
BAG_F44;BAGUE PLASTIQUE NOIR;BAT 41I01F3;4;pieces detachees;Litho;TEL;*;AAA - Non définie;RUBBER;BD1-7815-000000;0;2;27/12/2010;  /  /    
BAG_F45;BAGUE PLASTIQUE NOIR;BAT 41I01F3;2;pieces detachees;Litho;TEL;*;AAA - Non définie;RUBBER;BD1-1216-000000;0;2;27/12/2010;  /  /    
BAG_F46;BAGUE PLASTIQUE NOIR;BAT 41I01F1;4;pieces detachees;Litho;TEL;*;AAA - Non définie;RUBBER;BD1-2672-040 000;0;2;27/12/2010;  /  /    
BAG_F47;SEAL MK5 RESIST NOZZLE;BAT 41I01F1;10;pieces detachees;Litho;TEL;2310-490510-1;AAA - Non définie;;;0;6;27/12/2010;  /  /    
BAG_F52;BAGUE PLASTIQUE BLANC;BAT 41G01G1;4;pieces detachees;Litho;ON TRAK;13-8682-008;SCRUB (Tous modèles);;;0;2;27/12/2010;  /  /    
BAG_F54;BAGUE PLASTIQUE BLANC TEFLON;BAT 41G01G1;3;pieces detachees;Litho;ON TRAK;13-0012-020;SCRUB (Tous modèles);;;0;2;27/12/2010;  /  /    
BAG_F57;BAGUE PLASTIQUE (BUMPER NEST-U-GROOVE);BAT 41G01G1;23;pieces detachees;Litho;ON TRAK;13-8082-306 (ANC;SCRUB (Tous modèles);;;0;2;23/06/2016;  /  /    
BAG_F59;BAGUE METALLIQUE;BAT 41G01F3;1;pieces detachees;Litho;ON TRAK;214-018;SCRUB (Tous modèles);;;0;1;27/12/2010;  /  /    
BAG_F60;BAGUE METALLIQUE;BAT 41G01F3;1;pieces detachees;Litho;ON TRAK;92-0001-011;SCRUB (Tous modèles);;;0;1;27/12/2010;  /  /    
BAG_F63;BAGUE PLASTIQUE;BAT 41G01G1;20;pieces detachees;Litho;ON TRAK;13-8082-290;SCRUB (Tous modèles);;;0;2;27/12/2010;  /  /    
BAG_F64;SPACER (0,1);BAT 41I01F1;4;pieces detachees;Litho;TEL;1310-497583-12;TEL MK8C;;;0;2;27/12/2010;  /  /    
BAG_F66;BAGUE TEFLON BLANC;BAT 41M02F1;4;pieces detachees;Metrologie;HITACHI;1061-02;AAA - COMMUN;;;0;2;27/12/2010;  /  /    
BAG_F71;PIN RING SUPPORT 130LG ;BAT 41Y01C3;3;pieces detachees;Depot;ASM;04-185716-01;EPSILON 3200A;;;0;0;15/10/2018;  /  /    
BAG_F73;PIN RING SPRT SQUARE CHMBR-90;BAT 41Y01C3;3;pieces detachees;Depot;ASM;*;EPSILON 3200A;;;0;0;27/12/2010;  /  /    
BAG_F75;PIN RING SUPPORT SQUARE CHMBR. 170LG;BAT 41Y01C3;3;pieces detachees;Depot;ASM;*;EPSILON 3200A;;;0;0;27/12/2010;  /  /    
BAG_F77;PIN RING SPRT SQUARE CHMBR 200LG;BAT 41Y01C3;3;pieces detachees;Depot;ASM;04-185716-01;EPSILON 3200A;;;0;0;27/12/2010;  /  /    
BAG_F78;PIN-RING SPRT SQUARE CHMBR;BAT 41Y01C3;4;pieces detachees;Depot;ASM;*;EPSILON 3200A;;;0;0;27/12/2010;  /  /    
BAG_F79;PIN RING SPRT SQUARE CHMBR 180LG;BAT 41Y01C3;4;pieces detachees;Depot;ASM;04-185716-01;EPSILON 3200A;;;0;0;27/12/2010;  /  /    
BAG_F85;ORING 93-500/70D WHT-FLUOROCARBON;BAT 41X06G1;7;pieces detachees;Depot;ASM;04-185716-01;EPSILON 3200A;ASM;60-119075A71;0;1;16/04/2014;  /  /    
BAG_F88;KIT O-RING PROCESS CH SHORT FLNG INJ;BAT 41X06H2;7;pieces detachees;Depot;ASM;04-185716-01;EPSILON 3200A;ASM;60-119075A31;0;3;06/05/2014;  /  /    
BAG_F89;O-RING 2-224/75D BLK-FLUOROCARBON;BAT 41X06G2;1;pieces detachees;Depot;ASM;60-119075A75;EPSILON 3200A;;;0;0;06/05/2014;  /  /    
BAG_K02;JOINT A LEVRE POUR PORTE TOURNANTE;BAT 41B04D3;11;pieces detachees;TTH / Chimie;ASM;2571250-01;VT400 (Tous modèles);;;0;5;12/06/2013;  /  /    
BAG_K03;JOINT A LEVRE POUR PORTE TOURNANTE;BAT 41B04D3;6;pieces detachees;TTH / Chimie;ASM;2571277-01;VT400 (Tous modèles);;;0;5;27/12/2010;  /  /    
BAG_Q01;BAGUE VERT;BAT 41C03E4;7;pieces detachees;TTH / Chimie;SEMITOOL;70.725.01;AAA - Non définie;;;0;0;22/09/2014;  /  /    
BAG_Q02;OLIVE TEFLON N2 MANIFOLD;BAT 41C03E4;2;pieces detachees;TTH / Chimie;SEMITOOL;12.138.01;AAA - Non définie;;;0;0;22/09/2014;  /  /    
BAG_Q04;BAGUE TEFLON ATOMIZE;BAT 41C03E4;41;pieces detachees;TTH / Chimie;SEMITOOL;10.842.01;AAA - Non définie;;;0;0;22/09/2014;  /  /    
BAG_Q09;BAGUE / ENTRETOISE;BAT 41M01E1;3;pieces detachees;Metrologie;JORDAN VALLEY;*;JVX 5200T1;;;0;0;27/12/2010;  /  /    
BAG_Q10;KIT ORING PROCESS CH SHORT FINGING;BAT 41X06H1;1;pieces detachees;Depot;ASM;;EPSILON 3200A;ASM;04-185716-01;0;0;18/03/2015;  /  /    
BAG_Q13;CLAMPING RING POUR ESC;BAT 41R02A1;1;pieces detachees;Gravure;STS;DT302347;STS HRM1;;;0;0;21/03/2012;  /  /    
BAG_Q15;BONDED WASHER M8 ;BAT 41X07O4;18;pieces detachees;Depot;SPTS;701010;VERSALIS;SPTS;701010;20;20;14/09/2018;  /  /    
BAG_Q16;O-RING 475.0 ID X 4.0 FR10/80 ;BAT 41X07M1;3;pieces detachees;Depot;SPTS;711680;VERSALIS;SPTS;711680;1;1;09/03/2018;  /  /    
BAG_Q20;O-RING 6.07*1.78 FFKM 75 BLANC;BAT 41X06G1;6;pieces detachees;Depot;ASM;04-185716-01;EPSILON 3200A;ASM;60-122483A67;0;1;17/12/2013;  /  /    
BAG_Q21;ORING 2-223/75D BLK VITON;BAT 41X06G1;6;pieces detachees;Depot;ASM;04-185716-01;EPSILON 3200A;ASM;60-119075A05;0;1;17/12/2013;  /  /    
BAG_Q22;ORING 2-320/75D WHT-VITON;BAT 41X06G1;11;pieces detachees;Depot;ASM;04-185716-01;EPSILON 3200A;ASM;60-106206A94;0;1;17/12/2013;  /  /    
BAT_003;BATTERY PCB MEMORY 3;BAT 41O04A1;3;pieces detachees;IBS;AXCELIS;0441-0006-0001;NV8200;;;0;1;27/12/2010;  /  /    
BAT_004;JAPAN STORAGE BATTERY PE12V7.2AH;BAT 41O04A1;2;pieces detachees;IBS;AXCELIS;*;NV8200;PORTALAC;PE12V7.2;0;2;27/12/2010;  /  /    
BAT_005;BATTERY;BAT 41O04A1;2;pieces detachees;IBS;AXCELIS;*;NV8200;NI-CD;790383RS;0;2;27/12/2010;  /  /    
BAT_008;Référence supprimée (remplacée par elec_045);BAT 41R06B1;2;pieces detachees;;;;;;;0;0;13/11/2013;  /  /    
BOC_A24;EMMI PC HP Vectra ;BAT 26A04A1;1;Dcos Test Electrique;;;;;HP;vectra;0;0;19/01/2015;  /  /    
BOC_A25;Ecran PC Vectra ;BAT 26A04A1;1;Dcos Test Electrique;;;;;HP;Ecran;0;0;19/01/2015;  /  /    
BOC_A26;Prober semi-auto Karl Suss ;BAT 26A04A1;1;Dcos Test Electrique;;;;;KARLSUSS;PA200;0;0;19/01/2015;  /  /    
BOC_A27;Boitier alims prober Suss ;BAT 26A04A1;1;Dcos Test Electrique;;;;;KARLSUSS;nc;0;0;19/01/2015;  /  /    
BOC_A28;Clavier de commande Suss ;BAT 26A04A1;1;Dcos Test Electrique;;;;;KARLSUSS;nc;0;0;19/01/2015;  /  /    
BOC_A29;Chiller Hamamatsu ;BAT 26A04A1;1;Dcos Test Electrique;;;;;HAMAMATSU;nc;0;0;19/01/2015;  /  /    
BOC_A30;Dewar Azote;BAT 26A04A1;1;Dcos Test Electrique;;;;;PRINCETON;nc;0;0;19/01/2015;  /  /    
BOC_A31;Boitier de chauffe dewar ;BAT 26A04A1;1;Dcos Test Electrique;;;;;PRINCETON;nc;0;0;19/01/2015;  /  /    
BOC_A33;Alimentation 2 voies 20V 5A;BAT 26A04A1;1;Dcos Test Electrique;;;;;CMB;nc;0;0;19/01/2015;  /  /    
BOT_099;bottle cap gallon ;BAT 41H03D1;3;pieces detachees;Litho;;2J4F1592 ;;DNS;2J4F1592 ;0;0;12/10/2017;  /  /    
CAI_003;SUSCEPTOR GAMMA HYBRID;0;0;pieces detachees;Depot;;16-193888-D99 rev E;ASM POLYGON;;;0;0;21/03/2018;  /  /    
CAI_004;PLATE SUSCEPTOR 200mm (PULSAR);BAT 41Y05C1;1;pieces detachees;Depot;;16-404407-01;ASM POLYGON;;;0;0;03/03/2014;  /  /    
CAI_010;CONTENU NON DEFINI;A3E;1;pieces detachees;Depot;SPTS;CAISSE 2;VERSALIS;;;0;0;08/11/2017;  /  /    
CAI_023;200MM HSE PLATEN MKII;A4E;2;pieces detachees;Depot;SPTS;A49494;VERSALIS;;;0;0;08/11/2017;  /  /    
CAI_025B;ASSY. 300MM PLATEN SHIELD 65-80 TTP SPACING ARC;0;0;pieces detachees;Depot;SPTS;2028797;VERSALIS;;;0;0;26/09/2018;  /  /    
CAI_028;BAFFLE PLATE 2.5/2.5 MOCVD;BAT 41Y06D1;1;pieces detachees;Depot;SPTS;2034276;VERSALIS;;;;;11/02/2019;
CAI_028W;BAFFLE PLATE 2.5/2.5 MOCVD;BAT 41Y06D1;1;pieces detachees;Depot;SPTS;2034276;VERSALIS;;;0;0;12/07/2018;  /  /    
CAI_029;ASSY 200MM AP ESC PREDESTAL;A4E;1;pieces detachees;Depot;SPTS;2034457;VERSALIS;;;0;0;24/09/2018;  /  /    
CAI_030;ASSY 200MM PLATEN DARK SPACE;A3E;2;pieces detachees;Depot;SPTS;2028704;VERSALIS;;;0;0;08/11/2017;  /  /    
CAI_032;KIT 200MM TI/TIN;B4E;1;pieces detachees;Depot;SPTS;2025899;VERSALIS;;;0;0;08/11/2017;  /  /    
CAI_033;KIT 200MM CU;B3E;1;pieces detachees;Depot;SPTS;2034390;VERSALIS;;;0;0;08/11/2017;  /  /    
CAI_044;CAISSE AIXTRON 20.12 CHARLES MATTHEW;BAT 41X02F1;1;pieces detachees;Depot;AIXTRON;;AIXTRON;;;0;0;14/02/2018;  /  /    
CAI_053;CAISSE CHILLER HRZ001 SMC E6326;BAT 26A01C1;1;pieces detachees;;;;;;;0;0;17/02/2014;  /  /    
CAI_054;CAISSE POMPE EDWARDS IH600;A1A;1;pieces detachees;;;;;;;0;0;03/10/2016;  /  /    
CAI_062;CAISSE PIECES DIVERSE CLN 200;BAT 41T04C1;1;pieces detachees;Depot;PLASMA THERM;;CLN 200;;;0;0;13/03/2014;  /  /    
CAI_082;Caisse de transport Cartouche CS Epi 200 mm SnGe;BAT 26A01C1;1;pieces detachees;Depot;AAA - Non définie;;CENT 5200C;;;0;0;15/04/2015;  /  /    
CAI_089;CAISSE QUARTZ VT412B;BAT 26A00A1;1;pieces detachees;TTH / Chimie;AAA - Non définie;;AAA - COMMUN;;;0;0;01/12/2015;  /  /    
CAI_092;CAISSE THERMO ELECTRIQUE;BAT 26A01A1;1;pieces detachees;TTH / Chimie;AAA - Non définie;;AAA - COMMUN;;;0;0;14/12/2015;  /  /    
CAI_093;CAISSE TITAN THEMIS;BAT 26A00A1;1;pieces detachees;AAA - Commun;AAA - Non définie;SAUVAGNARGUE;AAA - COMMUN;;;0;0;14/12/2015;  /  /    
CAI_097;CAISSE KIT LAM MEMS1 EXLAN;02A00A2;1;pieces detachees;Gravure;;;LAM_MEMS1;;;0;0;29/07/2016;  /  /    
CAI_098;CAISSE KIT LAM MEMS1 EXLAN;02A00A2;1;pieces detachees;Gravure;;;LAM_MEMS1;;;0;0;29/07/2016;  /  /    
CAI_099;CAISSE KIT LAM MEMS1 EXLAN;02A00A2;1;pieces detachees;Gravure;;;LAM_MEMS1;;;0;0;11/07/2018;  /  /    
CAI_102;CAISSE HX SMC SINGLE CHANNEL;BAT 26A01A1;1;Pompe;Depot;AMAT;;;SMC;*;0;0;23/11/2016;  /  /    
CAI_105;CAISSE Géné AE DC Pulsé 10KW Pinnacle + ;D5E;1;pieces detachees;Depot;AMAT;;END 5500D;ADVANCED;.;0;0;01/03/2018;  /  /    
CAI_107;CAISSE DE TRANSPORT DIVERS;BAT 26A03A1;1;pieces detachees;Metrologie;;;;;;0;0;07/04/2017;  /  /    
CAI_108;CAISSE pompe turbo EDWARDS STPXA3203CV;BAT 26A03A1;1;pieces detachees;Gravure;EDWARDS;;;;;0;0;01/03/2018;  /  /    
CAL_001;MATERIEL DE CALIBRATION(CHAMBRE);BAT 41R06A1;3;pieces detachees;Gravure;LAM RESEARCH;715-02321-625;LAM VERSYS1;;;0;1;27/12/2010;  /  /    
CAL_003;OUTILS DE CALIBRATION POUR ROBOT;BAT 41R06A3;1;pieces detachees;Gravure;LAM RESEARCH;515-021118-001;LAM VERSYS1;;;0;1;27/12/2010;  /  /    
CAL_004;OUTILS DE CALIBRATION POUR ROBOT;BAT 41R06A3;1;pieces detachees;Gravure;LAM RESEARCH;714-015536-001;LAM VERSYS1;;;0;1;27/12/2010;  /  /    
CAL_005;OUTILS DE CALIBRATION POUR ROBOT;BAT 41R06A3;1;pieces detachees;Gravure;LAM RESEARCH;713-037445-001;LAM VERSYS1;;;0;1;27/12/2010;  /  /    
CAL_007;MATERIEL DE CALIBRATION;BAT 41R06A3;1;pieces detachees;Gravure;LAM RESEARCH;518-810663-001;LAM VERSYS1;;;0;1;27/12/2010;  /  /    
CAL_008;MATERIEL DE CALIBRATION;BAT 41R06A3;1;pieces detachees;Gravure;LAM RESEARCH;524-004257-002;LAM VERSYS1;;;0;1;27/12/2010;  /  /    
CAL_009;MATERIEL DE CALIBRATION;BAT 41R06A2;2;pieces detachees;Gravure;LAM RESEARCH;713-004706-002;LAM VERSYS1;;;0;1;27/12/2010;  /  /    
CAL_011;MATERIEL DE CALIBRATION;BAT 41R06A1;1;pieces detachees;Gravure;LAM RESEARCH;518-810617-001;LAM VERSYS1;;;0;1;27/12/2010;  /  /    
CAL_012;MATERIEL DE CALIBRATION;BAT 41R06A3;1;pieces detachees;Gravure;LAM RESEARCH;518-810654-001;LAM VERSYS1;;;0;1;27/12/2010;  /  /    
CAL_013;OUTILS DE CALIBRATION POUR ROBOT;BAT 41R06A2;1;pieces detachees;Gravure;LAM RESEARCH;799-901256-001;LAM VERSYS1;;;0;1;11/03/2013;  /  /    
CAL_014;TOOL EXTRACTION;BAT 41R06A3;1;pieces detachees;Gravure;LAM RESEARCH;715-005202-001;LAM VERSYS1;PROSWISS;ND;0;1;27/12/2010;  /  /    
CAL_017;OUTILS DE CALIBRATION;BAT 41R08E1;3;pieces detachees;Gravure;LAM RESEARCH;715-020895-001;LAM VERSYS1;;;0;1;27/12/2010;  /  /    
CAL_018;OUTILS DE CALIBRATION;BAT 41R06A1;3;pieces detachees;Gravure;LAM RESEARCH;713-019151-002;LAM VERSYS1;;;0;1;27/12/2010;  /  /    
CAL_19;OUTIL DE CALIBRATION;BAT 41Q03B1;1;pieces detachees;Gravure;AMAT;0020-38890;P5000A;;;0;0;27/12/2010;  /  /    
CAL_20;OUTIL DE CALIBRATION;BAT 41Q03B1;3;pieces detachees;Gravure;AMAT;0270-20044;P5000A;;;0;0;27/12/2010;  /  /    
CAL_21;OUTIL DE CALIBRATION;BAT 41Q03B1;1;pieces detachees;Gravure;AMAT;0270-20069;P5000A;;;0;0;27/12/2010;  /  /    
CAL_22;OUTIL DE CALIBRATION;BAT 41Q03B1;1;pieces detachees;Gravure;AMAT;"FOR 8"""" only""""";P5000A;;;0;0;27/12/2010;  /  /    
CAL_A01;Sensarray 300 mm + PDA;BAT 41Z03G1;1;pieces detachees;Depot;;1310-00070;PRODUCER SE1;;;0;0;04/02/2014;  /  /    
CAL_F42;MANOMETRE PNEUMATIQUE;BAT 41G01F4;1;pieces detachees;Litho;ON TRAK;209-001;SCRUB (Tous modèles);;;0;1;27/12/2010;  /  /    
CAL_F45;MANOMETRE PIRANI, MESURE DE PRESSION (0,01 A;BAT 41Z08B1;1;pieces detachees;Depot;AMAT;*;AAA - Non définie;ALCATEL;85400;0;0;03/03/2014;  /  /    
CAL_F46;CONTROLLER;A1B;4;pieces detachees;Depot;AMAT;*;P5000 (Tous modèles);ASTECH;ATL-100RA;0;0;08/11/2017;  /  /    
CAL_F48;600 SERIES ¨PRESSURE CONTROLLER;BAT 41Z08B1;2;pieces detachees;Depot;AAA - Non définie;*;AAA - Non définie;MKS;GSSA-D2N;0;0;27/12/2010;  /  /    
CAL_F50;Sensarray 6 pouces;BAT 41Z01G1;1;pieces detachees;Depot;AAA - Non définie;*;P5000 (Tous modèles);SENS;1605A-6-0035;0;0;27/12/2010;  /  /    
CAL_F51;Sensarray 4 pouces;BAT 41Z01G1;1;pieces detachees;Depot;AAA - Non définie;*;P5000 (Tous modèles);SENS;1790A-4-5002;0;0;27/12/2010;  /  /    
CAL_F53;Sensarray 6 pouces;BAT 41Z01G1;1;pieces detachees;Depot;AAA - Non définie;*;P5000 (Tous modèles);SENS;6501-0067;0;0;27/12/2010;  /  /    
CAL_F58;SUSCEPTOR CALIBRATION DISPLAY;A1D;1;pieces detachees;Depot;AMAT;*;P5000 (Tous modèles);KAMAN;853968-004;0;0;08/11/2017;  /  /    
