;;;;;;;;;;;;;;;;;;;;;;;
Filiale;site;n° parc GT;Categorie vehicule;Souscategorie vehicule;Date incorporation;Mode acquisition;Marque;Modele;Propriétaire;Immatriculation;Date miseenservice;Num serie;;;;;;;;;;;
GT LOGISTICS.01;CEA;404247;GTX CHARIOT FRONTAL;CHARIOT ELEVATEUR FRONTAL =<2.5T;01/03/2009;Achat neuf;FENWICK;E16;GT LOGISTICS.01;;01/03/2009;H2X386Z02060;;;;;;;;;;;
GT LOGISTICS.01;CEA;404248;GTX CHARIOT FRONTAL;CHARIOT ELEVATEUR FRONTAL 2.5T<>=5T;01/03/2009;Achat neuf;FENWICK;H50D;GT LOGISTICS.01;;01/03/2009;H2X394Z00681;;;;;;;;;;;
GT LOGISTICS.01;CEA;405152;GTX ENGIN MAGASINAGE;GERBEUR A CONDUCTEUR AUTOPORTE;01/03/2012;Achat neuf;FENWICK;E10;GT LOCATION;;01/03/2012;F2X334C00036;;;;;;;;;;;
GT LOGISTICS.01;CEA;484576;GTX ENGIN MAGASINAGE;GERBEUR A CONDUCTEUR AUTOPORTE;01/05/2010;Achat occasion;FENWICK;E10;GT LOGISTICS.01;;01/05/2010;F2X334L00017;;;;;;;;;;;
GT LOGISTICS.01;CEA;484577;GTX CHARIOT FRONTAL;CHARIOT ELEVATEUR FRONTAL =<2.5T;01/05/2010;Achat occasion;FENWICK;E25;GT LOGISTICS.01;;01/05/2010;G1X336R01231;;;;;;;;;;;
GT LOGISTICS.01;EUTHANASIE VOLAILLES;400141;GTX ENGIN MAGASINAGE;GERBEUR A CONDUCTEUR ACCOMPAGNANT;07/04/2003;Achat neuf;BT;S12;GT LOGISTICS.01;;07/04/2003;575964;;;;;;;;;;;
GT LOGISTICS.01;EUTHANASIE VOLAILLES;400245;GTX ENGIN BTP;CHARIOT TELESCOPIQUE;01/06/2005;Achat neuf;MANITOU;MTS23;GT LOGISTICS;;01/06/2005;204439;;;;;;;;;;;
GT LOGISTICS.01;EUTHANASIE VOLAILLES;406818;GTX ENGIN BTP;CHARIOT TELESCOPIQUE;17/10/2016;Achat neuf;MANITOU;TMT 2525;GT LOGISTICS.01;;17/10/2016;972757;;;;;;;;;;;
GT LOGISTICS.01;PAPETERIE EMIN LEYDIER;404956;GTX CHARIOT FRONTAL;CHARIOT ELEVATEUR FRONTAL 9T<>=16T;13/05/2011;Achat neuf;HYSTER;H16.0;GT LOGISTICS.01;;13/05/2011;G019E02596H;;;;;;;;;;;
GT LOGISTICS.01;PAPETERIE EMIN LEYDIER;405246;GTX CHARIOT FRONTAL;CHARIOT ELEVATEUR FRONTAL 9T<>=16T;04/04/2013;Achat neuf;HYSTER;CHARIOT;GT LOGISTICS.01;;04/04/2013;R005B02340L;Attente confirmation sortie;;;;;;;;;;
GT LOGISTICS.01;PAPETERIE EMIN LEYDIER;405247;GTX CHARIOT FRONTAL;CHARIOT ELEVATEUR FRONTAL 9T<>=16T;04/04/2013;Achat neuf;HYSTER;CHARIOT;GT LOGISTICS.01;;04/04/2013;R005B02341L;Attente confirmation sortie;;;;;;;;;;
GT LOGISTICS.01;PAPETERIE EMIN LEYDIER;405248;GTX CHARIOT FRONTAL;CHARIOT ELEVATEUR FRONTAL 9T<>=16T;04/04/2013;Achat neuf;HYSTER;CHARIOT;GT LOGISTICS.01;;04/04/2013;R005B02262K;Attente confirmation sortie;;;;;;;;;;
GT LOGISTICS.01;PAPETERIE EMIN LEYDIER;405249;GTX CHARIOT FRONTAL;CHARIOT ELEVATEUR FRONTAL 9T<>=16T;04/04/2013;Achat neuf;HYSTER;CHARIOT;GT LOGISTICS.01;;04/04/2013;R005B02328L;Attente confirmation sortie;;;;;;;;;;
GT LOGISTICS.01;PAPETERIE EMIN LEYDIER;405250;GTX CHARIOT FRONTAL;CHARIOT ELEVATEUR FRONTAL 9T<>=16T;04/04/2013;Achat neuf;HYSTER;CHARIOT;GT LOGISTICS.01;;04/04/2013;R005B02329L;Attente confirmation sortie;;;;;;;;;;
GT LOGISTICS.01;PAPETERIE EMIN LEYDIER;405252;GTX CHARIOT FRONTAL;CHARIOT ELEVATEUR FRONTAL 9T<>=16T;04/04/2013;Achat neuf;HYSTER;CHARIOT;GT LOGISTICS.01;;04/04/2013;R005B02342L;;;;;;;;;;;
GT LOGISTICS.01;PAPETERIE EMIN LEYDIER;405450;GTX ENGIN TRACTION;TERBERG;26/07/2016;Achat occasion;TERBERG;YT182;GT LOGISTICS.01;;01/07/2005;XLWYT182X52655465;;;;;;;;;;;
GT LOGISTICS.01;PAPETERIE EMIN LEYDIER;405519;GTX ENGIN DIVERS;BALAYEUSE;15/10/2013;Achat neuf;TENNANT;S12;GT LOGISTICS.01;;02/10/2013;5210002076;;;;;;;;;;;
GT LOGISTICS.01;PAPETERIE EMIN LEYDIER;405818;GTX ENGIN DIVERS;LAVEUSE ;01/07/2014;Achat neuf;TENNANT;T7;GT LOGISTICS.01;;24/03/2014;T755708047;;;;;;;;;;;
GT LOGISTICS.01;PAPETERIE EMIN LEYDIER;406781;GTX CHARIOT FRONTAL;CHARIOT ELEVATEUR FRONTAL 9T<>=16T;28/07/2016;Achat neuf;HYSTER;H14XM-6;GT LOGISTICS.01;;01/07/2016;K019E01610P;;;;;;;;;;;
GT LOGISTICS.01;PAPETERIE EMIN LEYDIER;407897;GTX CHARIOT FRONTAL;CHARIOT ELEVATEUR FRONTAL 6T;20/02/2018;Achat neuf;HYSTER;H6.0;;;42736;L006E01643R;;;;;;;;;;;
GT LOGISTICS.01;PAPETERIE EMIN LEYDIER;407926;GTX CHARIOT FRONTAL;CHARIOT ELEVATEUR FRONTAL 5T<>=9T;14/06/2018;Achat neuf;FENWICK;E50HL-1/600;GT LOGISTICS.01;;01/01/2018;H2X388J00635;;;;;;;;;;;
GT LOGISTICS.01;PAPETERIE EMIN LEYDIER;407927;GTX CHARIOT FRONTAL;CHARIOT ELEVATEUR FRONTAL 5T<>=9T;14/06/2018;Achat neuf;FENWICK;E50HL-1/600;GT LOGISTICS.01;;01/01/2018;H2X388J00628;;;;;;;;;;;
GT LOGISTICS.01;PAPETERIE EMIN LEYDIER;407928;GTX CHARIOT FRONTAL;CHARIOT ELEVATEUR FRONTAL 5T<>=9T;14/06/2018;Achat neuf;FENWICK;E50HL-1/600;GT LOGISTICS.01;;01/01/2018;H2X388J00655;;;;;;;;;;;
GT LOGISTICS.01;PAPETERIE EMIN LEYDIER;407929;GTX CHARIOT FRONTAL;CHARIOT ELEVATEUR FRONTAL 5T<>=9T;14/06/2018;Achat neuf;FENWICK;E50HL-1/600;GT LOGISTICS.01;;01/01/2018;H2X388J00634;;;;;;;;;;;
GT LOGISTICS.01;PAPETERIE EMIN LEYDIER;407930;GTX CHARIOT FRONTAL;CHARIOT ELEVATEUR FRONTAL 5T<>=9T;14/06/2018;Achat neuf;FENWICK;E50HL-1/600;GT LOGISTICS.01;;01/01/2018;H2X388J00631;;;;;;;;;;;
GT LOGISTICS.01;PAPETERIE EMIN LEYDIER;495778;GTX ENGIN BTP;CHARGEUSE;01/05/2014;Location longue durée;VOLVO;A RENSEIGNER;PHILIPPE MANUTENTION MANULOC;;24/09/2014;VCEL30G0V03120024;;;;;;;;;;;
GT LOGISTICS.01;PAPETERIE EMIN LEYDIER;495819;GTX CHARIOT FRONTAL;CHARIOT ELEVATEUR FRONTAL 9T<>=16T;01/07/2014;Location longue durée;HYSTER;H14XM-6;CM CIC BAIL;;01/07/2014;J019E02264M;;;;;;;;;;;
GT LOGISTICS.01;PAPETERIE EMIN LEYDIER;495820;GTX CHARIOT FRONTAL;CHARIOT ELEVATEUR FRONTAL 9T<>=16T;01/07/2014;Location longue durée;HYSTER;H14XM-6;CM CIC BAIL;;01/07/2014;J019E02263M;;;;;;;;;;;
GT LOGISTICS.01;PAPETERIE EMIN LEYDIER;497898;GTX CHARIOT FRONTAL;CHARIOT ELEVATEUR FRONTAL 6T;01/06/2018;Location longue durée;HYSTER;H8.0FT6;;;42736;C299E01519R;;;;;;;;;;;
GT LOGISTICS.02;NOGENT LE PHAYE;400310;GTX ENGIN MAGASINAGE;GERBEUR A CONDUCTEUR ACCOMPAGNANT;01/11/2006;Achat occasion;FENWICK;G14;GT LOGISTICS (non fact);;01/11/2006;82030635;;;;;;;;;;;
GT LOGISTICS.02;NOGENT LE PHAYE;405368;GTX CHARIOT FRONTAL;CHARIOT ELEVATEUR FRONTAL =<2.5T;24/05/2013;Achat occasion;FENWICK;E14;PROMOCAF;;01/01/2007;H2X335R06242;;;;;;;;;;;
GT LOGISTICS.02;NOGENT LE PHAYE;407444;GTX ENGIN MAGASINAGE;CHARIOT ELEVATEUR RETRACTABLE;03/11/2017;Achat neuf;JUNGHEINRICH;ETV 214;PROMOCAF;;03/11/2017;91121907;;;;;;;;;;;
GT LOGISTICS.02;NOGENT LE PHAYE;407445;GTX ENGIN MAGASINAGE;CHARIOT ELEVATEUR RETRACTABLE;03/11/2017;Achat neuf;JUNGHEINRICH;ETV 214;PROMOCAF;;03/11/2017;91121908;;;;;;;;;;;
GT LOGISTICS.02;NOGENT LE PHAYE;407446;GTX ENGIN MAGASINAGE;CHARIOT ELEVATEUR RETRACTABLE;03/11/2017;Achat neuf;JUNGHEINRICH;ETV 214;PROMOCAF;;03/11/2017;91121909;;;;;;;;;;;
GT LOGISTICS.02;NOGENT LE PHAYE;407478;GTX ENGIN MAGASINAGE;CHARIOT ELEVATEUR RETRACTABLE;28/11/2017;Achat neuf;JUNGHEINRICH;ERE 225;PROMOCAF;;28/11/2017;C181057381;;;;;;;;;;;
GT LOGISTICS.02;NOGENT LE PHAYE;407479;GTX ENGIN MAGASINAGE;CHARIOT ELEVATEUR RETRACTABLE;28/11/2017;Achat neuf;JUNGHEINRICH;ERE 225;PROMOCAF;;28/11/2017;C181057382;;;;;;;;;;;
GT LOGISTICS.02;NOGENT LE PHAYE;486764;GTX ENGIN MAGASINAGE;TRANSPALETTE A CONDUCTEUR ACCOMPAGNANT;04/10/2016;Achat occasion;FENWICK;T18;GT LOGISTICS;;01/10/2006;W41152B05263;;;;;;;;;;;
GT LOGISTICS.02;NOGENT LE PHAYE;486793;GTX ENGIN MAGASINAGE;GERBEUR A CONDUCTEUR ACCOMPAGNANT;04/12/2013;Achat occasion;YALE;MC 12;GT LOGISTICS;;01/10/2008;B8660T00004F;;;;;;;;;;;
GT LOGISTICS.02;NOGENT LE PHAYE;490307;GTX CHARIOT FRONTAL;CHARIOT ELEVATEUR FRONTAL =<2.5T;01/10/2006;Location longue durée;FENWICK;E14;DIVERS ;;01/10/2006;H2X335NO3717;;;;;;;;;;;
GT LOGISTICS.02;NOGENT LE PHAYE;490308;GTX ENGIN MAGASINAGE;CHARIOT ELEVATEUR RETRACTABLE;01/10/2006;Location longue durée;FENWICK;R14;DIVERS ;;01/10/2006;G1X115NO1883;;;;;;;;;;;
GT LOGISTICS.02;NOGENT LE PHAYE;496762;GTX ENGIN MAGASINAGE;TRANSPALETTE A CONDUCTEUR ACCOMPAGNANT;04/10/2016;Location longue durée;YALE;MP16;GT LOGISTICS;;01/01/2016;A428T03629P;;;;;;;;;;;
GT LOGISTICS.02;NOGENT LE PHAYE;496763;GTX ENGIN MAGASINAGE;TRANSPALETTE A CONDUCTEUR ACCOMPAGNANT;04/10/2016;Location longue durée;YALE;MP16;GT LOGISTICS;;01/01/2016;A428T03628P;;;;;;;;;;;
GT LOGISTICS.02;NTN CRAN GEVRIER;495536;GTX ENGIN MAGASINAGE;TRANSPALETTE A CONDUCTEUR AUTOPORTE;01/11/2013;Location longue durée;BT;LPE240;TOYOTA MATERIAL HANDLING;;01/11/2013;6271227;;;;;;;;;;;
GT LOGISTICS.02;NTN CRAN GEVRIER;495537;GTX ENGIN MAGASINAGE;TRANSPALETTE A CONDUCTEUR AUTOPORTE;01/11/2013;Location longue durée;BT;LPE240;TOYOTA MATERIAL HANDLING;;01/11/2013;6271228;;;;;;;;;;;
GT LOGISTICS.02;NTN CRAN GEVRIER;495538;GTX ENGIN MAGASINAGE;CHARIOT ELEVATEUR RETRACTABLE;01/11/2013;Location longue durée;BT;RRE160;TOYOTA MATERIAL HANDLING;;01/11/2013;6272496;;;;;;;;;;;
GT LOGISTICS.02;NTN CRAN GEVRIER;495539;GTX ENGIN MAGASINAGE;CHARIOT ELEVATEUR RETRACTABLE;01/11/2013;Location longue durée;BT;RRE160;TOYOTA MATERIAL HANDLING;;01/11/2013;6272739;;;;;;;;;;;
GT LOGISTICS.02;NTN CRAN GEVRIER;495540;GTX ENGIN MAGASINAGE;CHARIOT ELEVATEUR RETRACTABLE;01/11/2013;Location longue durée;BT;RRE160;TOYOTA MATERIAL HANDLING;;01/11/2013;6272740;;;;;;;;;;;
GT LOGISTICS.02;NTN CRAN GEVRIER;495541;GTX ENGIN MAGASINAGE;CHARIOT ELEVATEUR RETRACTABLE;01/11/2013;Location longue durée;BT;RRE160;TOYOTA MATERIAL HANDLING;;01/11/2013;6272741;;;;;;;;;;;
GT LOGISTICS.02;NTN CRAN GEVRIER;495542;GTX ENGIN MAGASINAGE;TRANSPALETTE PREPARATEUR DE COMMANDE;01/12/2013;Location longue durée;BT;OSE100 BALEA;TOYOTA MATERIAL HANDLING;;01/12/2013;6278909;;;;;;;;;;;
GT LOGISTICS.02;NTN CRAN GEVRIER;495543;GTX ENGIN MAGASINAGE;TRANSPALETTE PREPARATEUR DE COMMANDE;01/12/2013;Location longue durée;BT;OSE100 BALEA;TOYOTA MATERIAL HANDLING;;01/12/2013;6279153;;;;;;;;;;;
GT LOGISTICS.02;NTN CRAN GEVRIER;495544;GTX ENGIN MAGASINAGE;TRANSPALETTE PREPARATEUR DE COMMANDE;01/12/2013;Location longue durée;BT;OSE100 BALEA;TOYOTA MATERIAL HANDLING;;01/12/2013;6280083;;;;;;;;;;;
GT LOGISTICS.02;NTN CRAN GEVRIER;495545;GTX ENGIN MAGASINAGE;TRANSPALETTE PREPARATEUR DE COMMANDE;01/12/2013;Location longue durée;BT;OSE100 BALEA;TOYOTA MATERIAL HANDLING;;01/12/2013;6280340;;;;;;;;;;;
GT LOGISTICS.02;NTN CRAN GEVRIER;495546;GTX ENGIN MAGASINAGE;TRANSPALETTE PREPARATEUR DE COMMANDE;01/12/2013;Location longue durée;BT;OSE100 BALEA;TOYOTA MATERIAL HANDLING;;01/12/2013;6281171;;;;;;;;;;;
GT LOGISTICS.02;NTN CRAN GEVRIER;495547;GTX ENGIN MAGASINAGE;TRANSPALETTE PREPARATEUR DE COMMANDE;01/12/2013;Location longue durée;BT;OSE100 BALEA;TOYOTA MATERIAL HANDLING;;01/12/2013;6281355;;;;;;;;;;;
GT LOGISTICS.02;NTN CRAN GEVRIER;495548;GTX ENGIN MAGASINAGE;TRANSPALETTE PREPARATEUR DE COMMANDE;01/12/2013;Location longue durée;BT;OSE100 BALEA;TOYOTA MATERIAL HANDLING;;01/12/2013;6282146;;;;;;;;;;;
GT LOGISTICS.02;NTN CRAN GEVRIER;495549;GTX ENGIN MAGASINAGE;TRANSPALETTE PREPARATEUR DE COMMANDE;01/12/2013;Location longue durée;BT;OSE100 BALEA;TOYOTA MATERIAL HANDLING;;01/12/2013;6282373;;;;;;;;;;;
GT LOGISTICS.02;NTN CRAN GEVRIER;495550;GTX ENGIN MAGASINAGE;TRANSPALETTE PREPARATEUR DE COMMANDE;01/11/2013;Location longue durée;BT;OME100 H;TOYOTA MATERIAL HANDLING;;01/11/2013;6273059;;;;;;;;;;;
GT LOGISTICS.02;NTN CRAN GEVRIER;495551;GTX ENGIN MAGASINAGE;GERBEUR A CONDUCTEUR AUTOPORTE;01/12/2013;Location longue durée;BT;SPE200;TOYOTA MATERIAL HANDLING;;01/12/2013;6274925;;;;;;;;;;;
GT LOGISTICS.02;NTN CRAN GEVRIER;495552;GTX ENGIN MAGASINAGE;GERBEUR A CONDUCTEUR AUTOPORTE;01/11/2013;Location longue durée;BT;SPE200;TOYOTA MATERIAL HANDLING;;01/12/2013;6274920;;;;;;;;;;;
GT LOGISTICS.02;NTN CRAN GEVRIER;495553;GTX ENGIN MAGASINAGE;TRANSPALETTE A CONDUCTEUR ACCOMPAGNANT;01/12/2013;Location longue durée;BT;LWE160;TOYOTA MATERIAL HANDLING;;01/12/2013;6272448;;;;;;;;;;;
GT LOGISTICS.02;NTN CRAN GEVRIER;495934;GTX ENGIN MAGASINAGE;TRANSPALETTE PREPARATEUR DE COMMANDE;11/09/2014;Location longue durée;BT;OSE100;TOYOTA MATERIAL HANDLING;;10/09/2014;6315341;;;;;;;;;;;
GT LOGISTICS.02;NTN CRAN GEVRIER;495935;GTX ENGIN MAGASINAGE;TRANSPALETTE PREPARATEUR DE COMMANDE;11/09/2014;Location longue durée;BT;OSE100;TOYOTA MATERIAL HANDLING;;10/09/2014;6315342;;;;;;;;;;;
GT LOGISTICS.02;NTN CRAN GEVRIER;495936;GTX ENGIN MAGASINAGE;TRANSPALETTE PREPARATEUR DE COMMANDE;11/09/2014;Location longue durée;BT;OSE100;TOYOTA MATERIAL HANDLING;;10/09/2014;6315605;;;;;;;;;;;
GT LOGISTICS.02;NTN CRAN GEVRIER;495937;GTX ENGIN MAGASINAGE;TRANSPALETTE PREPARATEUR DE COMMANDE;11/09/2014;Location longue durée;BT;OSE100;TOYOTA MATERIAL HANDLING;;10/09/2014;6315606;;;;;;;;;;;
GT LOGISTICS.02;NTN CRAN GEVRIER;496990;GTX ENGIN MAGASINAGE;TRANSPALETTE PREPARATEUR DE COMMANDE;01/12/2015;Location longue durée;BT;LWE160;TOYOTA MATERIAL HANDLING;;01/11/2015;6397401;;;;;;;;;;;
GT LOGISTICS.02;NTN CRAN GEVRIER;496991;GTX CHARIOT FRONTAL;CHARIOT ELEVATEUR FRONTAL =<2.5T;01/12/2016;Location longue durée;BT;8FBET16;TOYOTA MATERIAL HANDLING;;01/11/2016;11266;;;;;;;;;;;
GT LOGISTICS.02;NTN CRAN GEVRIER;497029;GTX ENGIN MAGASINAGE;TRANSPALETTE A CONDUCTEUR AUTOPORTE;03/02/2017;Location longue durée;BT;LPE240;TOYOTA MATERIAL HANDLING;;03/02/2017;6473021;;;;;;;;;;;
GT LOGISTICS.02;NTN CRAN GEVRIER;497040;GTX ENGIN MAGASINAGE;CHARIOT ELEVATEUR RETRACTABLE;03/02/2017;Location longue durée;BT;RRE160;TOYOTA MATERIAL HANDLING;;03/02/2017;6477202;;;;;;;;;;;
GT LOGISTICS.02;NTN ST VULBAS;487486;GTX ENGIN MAGASINAGE;TRANSPALETTE PREPARATEUR DE COMMANDE;13/11/2017;Achat occasion;BT;LWE180;GT LOGISTICS;;01/12/2012;6201618;;;;;;;;;;;
GT LOGISTICS.02;NTN ST VULBAS;495556;GTX CHARIOT FRONTAL;CHARIOT ELEVATEUR FRONTAL 2.5T<>=5T;07/04/2014;Location longue durée;BT;8FBMT35;TOYOTA MATERIAL HANDLING;;01/04/2014;8FBMT35-10241;;;;;;;;;;;
GT LOGISTICS.02;NTN ST VULBAS;495559;GTX ENGIN MAGASINAGE;GERBEUR A CONDUCTEUR AUTOPORTE;02/12/2013;Location longue durée;BT;SPE200;TOYOTA MATERIAL HANDLING;;01/12/2013;6274921;;;;;;;;;;;
GT LOGISTICS.02;NTN ST VULBAS;495561;GTX ENGIN MAGASINAGE;CHARIOT ELEVATEUR RETRACTABLE;01/12/2013;Location longue durée;BT;RRE160;TOYOTA MATERIAL HANDLING;;01/12/2013;6271062;;;;;;;;;;;
GT LOGISTICS.02;NTN ST VULBAS;495562;GTX ENGIN MAGASINAGE;CHARIOT ELEVATEUR RETRACTABLE;02/12/2013;Location longue durée;BT;RRE160;TOYOTA MATERIAL HANDLING;;01/12/2013;6271063;;;;;;;;;;;
GT LOGISTICS.02;NTN ST VULBAS;495564;GTX ENGIN MAGASINAGE;CHARIOT ELEVATEUR RETRACTABLE;02/12/2013;Location longue durée;BT;RRE160;TOYOTA MATERIAL HANDLING;;01/12/2013;6271318;;;;;;;;;;;
GT LOGISTICS.02;NTN ST VULBAS;495566;GTX ENGIN MAGASINAGE;CHARIOT ELEVATEUR RETRACTABLE;02/12/2013;Location longue durée;BT;RRE160;TOYOTA MATERIAL HANDLING;;01/12/2013;6271319;;;;;;;;;;;
GT LOGISTICS.02;NTN ST VULBAS;495567;GTX ENGIN MAGASINAGE;CHARIOT ELEVATEUR RETRACTABLE;02/12/2013;Location longue durée;BT;RRE160;TOYOTA MATERIAL HANDLING;;01/12/2013;6271320;;;;;;;;;;;
GT LOGISTICS.02;NTN ST VULBAS;495568;GTX ENGIN MAGASINAGE;TRANSPALETTE PREPARATEUR DE COMMANDE;01/12/2013;Location longue durée;BT;OSE100;TOYOTA MATERIAL HANDLING;;01/12/2013;6276956;;;;;;;;;;;
GT LOGISTICS.02;NTN ST VULBAS;495569;GTX ENGIN MAGASINAGE;TRANSPALETTE PREPARATEUR DE COMMANDE;01/12/2013;Location longue durée;BT;OSE100;TOYOTA MATERIAL HANDLING;;01/12/2013;6277211;;;;;;;;;;;
GT LOGISTICS.02;NTN ST VULBAS;495570;GTX ENGIN MAGASINAGE;TRANSPALETTE PREPARATEUR DE COMMANDE;01/12/2013;Location longue durée;BT;OSE100;TOYOTA MATERIAL HANDLING;;01/12/2013;6277402;;;;;;;;;;;
GT LOGISTICS.02;NTN ST VULBAS;495571;GTX ENGIN MAGASINAGE;TRANSPALETTE PREPARATEUR DE COMMANDE;01/12/2013;Location longue durée;BT;OSE100;TOYOTA MATERIAL HANDLING;;01/12/2013;6277778;;;;;;;;;;;
GT LOGISTICS.02;NTN ST VULBAS;495572;GTX ENGIN MAGASINAGE;TRANSPALETTE PREPARATEUR DE COMMANDE;01/12/2013;Location longue durée;BT;OSE100;TOYOTA MATERIAL HANDLING;;01/12/2013;6278252;;;;;;;;;;;
GT LOGISTICS.02;NTN ST VULBAS;495573;GTX ENGIN MAGASINAGE;TRANSPALETTE PREPARATEUR DE COMMANDE;01/12/2013;Location longue durée;BT;OSE100;TOYOTA MATERIAL HANDLING;;01/12/2013;6279147;;;;;;;;;;;
GT LOGISTICS.02;NTN ST VULBAS;495574;GTX ENGIN MAGASINAGE;TRANSPALETTE PREPARATEUR DE COMMANDE;01/12/2013;Location longue durée;BT;OSE100;TOYOTA MATERIAL HANDLING;;01/12/2013;6279148;;;;;;;;;;;
GT LOGISTICS.02;NTN ST VULBAS;495575;GTX ENGIN MAGASINAGE;TRANSPALETTE PREPARATEUR DE COMMANDE;01/12/2013;Location longue durée;BT;OSE100;TOYOTA MATERIAL HANDLING;;01/12/2013;6279635;;;;;;;;;;;
GT LOGISTICS.02;NTN ST VULBAS;495576;GTX ENGIN MAGASINAGE;TRANSPALETTE PREPARATEUR DE COMMANDE;01/12/2013;Location longue durée;BT;OSE100;TOYOTA MATERIAL HANDLING;;01/12/2013;6279636;;;;;;;;;;;
GT LOGISTICS.02;NTN ST VULBAS;495577;GTX ENGIN MAGASINAGE;TRANSPALETTE PREPARATEUR DE COMMANDE;01/12/2013;Location longue durée;BT;OSE100;TOYOTA MATERIAL HANDLING;;01/12/2013;6279892;;;;;;;;;;;
GT LOGISTICS.02;NTN ST VULBAS;495578;GTX ENGIN MAGASINAGE;TRANSPALETTE PREPARATEUR DE COMMANDE;01/12/2013;Location longue durée;BT;OSE100;TOYOTA MATERIAL HANDLING;;01/12/2013;6280336;;;;;;;;;;;
GT LOGISTICS.02;NTN ST VULBAS;495579;GTX ENGIN MAGASINAGE;TRANSPALETTE PREPARATEUR DE COMMANDE;01/12/2013;Location longue durée;BT;OSE100;TOYOTA MATERIAL HANDLING;;01/12/2013;6280546;;;;;;;;;;;
GT LOGISTICS.02;NTN ST VULBAS;495580;GTX ENGIN MAGASINAGE;TRANSPALETTE PREPARATEUR DE COMMANDE;01/12/2013;Location longue durée;BT;OME100 H;TOYOTA MATERIAL HANDLING;;01/12/2013;6273057;;;;;;;;;;;
GT LOGISTICS.02;NTN ST VULBAS;495581;GTX ENGIN MAGASINAGE;TRANSPALETTE A CONDUCTEUR AUTOPORTE;01/12/2013;Location longue durée;BT;LPE240;TOYOTA MATERIAL HANDLING;;01/12/2013;6270835;;;;;;;;;;;
GT LOGISTICS.02;NTN ST VULBAS;495582;GTX ENGIN MAGASINAGE;TRANSPALETTE A CONDUCTEUR AUTOPORTE;01/12/2013;Location longue durée;BT;LPE240;TOYOTA MATERIAL HANDLING;;01/12/2013;6270836;;;;;;;;;;;
GT LOGISTICS.02;NTN ST VULBAS;495583;GTX ENGIN MAGASINAGE;TRANSPALETTE A CONDUCTEUR ACCOMPAGNANT;01/12/2013;Location longue durée;BT;LWE160;TOYOTA MATERIAL HANDLING;;01/12/2013;6272459;;;;;;;;;;;
GT LOGISTICS.02;NTN ST VULBAS;495584;GTX ENGIN MAGASINAGE;GERBEUR A CONDUCTEUR ACCOMPAGNANT;01/12/2013;Location longue durée;BT;SWE080;TOYOTA MATERIAL HANDLING;;01/12/2013;6009741;;;;;;;;;;;
GT LOGISTICS.02;NTN ST VULBAS;495723;GTX ENGIN MAGASINAGE;GERBEUR A CONDUCTEUR AUTOPORTE;14/02/2014;Location longue durée;BT;SPE200;TOYOTA MATERIAL HANDLING;;14/02/2014;6290439;;;;;;;;;;;
GT LOGISTICS.02;NTN ST VULBAS;496514;GTX ENGIN MAGASINAGE;GERBEUR A CONDUCTEUR ACCOMPAGNANT;01/11/2015;Location longue durée;BT;SWE080L;TOYOTA MATERIAL HANDLING;;01/01/2015;6380715;;;;;;;;;;;
GT LOGISTICS.02;NTN ST VULBAS;496515;GTX ENGIN MAGASINAGE;TRANSPALETTE PREPARATEUR DE COMMANDE;06/10/2015;Location longue durée;BT;OSE100;TOYOTA MATERIAL HANDLING;;01/01/2015;6383776;;;;;;;;;;;
GT LOGISTICS.02;NTN ST VULBAS;496516;GTX ENGIN MAGASINAGE;TRANSPALETTE PREPARATEUR DE COMMANDE;06/10/2015;Location longue durée;BT;OSE100;TOYOTA MATERIAL HANDLING;;01/01/2015;6383777;;;;;;;;;;;
GT LOGISTICS.02;NTN ST VULBAS;496997;GTX ENGIN MAGASINAGE;GERBEUR A CONDUCTEUR ACCOMPAGNANT;06/10/2016;Location longue durée;BT;SWE080L;TOYOTA MATERIAL HANDLING;;01/10/2016;6390368;;;;;;;;;;;
GT LOGISTICS.02;NTN ST VULBAS;496998;GTX ENGIN MAGASINAGE;TRANSPALETTE PREPARATEUR DE COMMANDE;06/10/2016;Location longue durée;BT;OSE100;TOYOTA MATERIAL HANDLING;;01/01/2016;6353717;;;;;;;;;;;
GT LOGISTICS.02;NTN ST VULBAS;497643;GTX ENGIN MAGASINAGE;CHARIOT NACELLE;01/12/2017;Mise à disposition;BT;OP1000 HSE;TOYOTA MATERIAL HANDLING;;01/12/2017;6155079;;;;;;;;;;;
GT LOGISTICS.02;NTN ST VULBAS;497649;GTX ENGIN MAGASINAGE;CHARIOT ELEVATEUR RETRACTABLE;01/12/2017;Mise à disposition;BT;A RENSEIGNER;TOYOTA MATERIAL HANDLING;;01/12/2017;508027;;;;;;;;;;;
GT LOGISTICS.02;PRIMAVISTA;427727;GTX ENGIN MAGASINAGE;TRANSPALETTE A CONDUCTEUR AUTOPORTE;01/04/2014;Location longue durée;JUNGHEINRICH;EJE 116;JUNGHEINRICH.;;01/03/2012;98059350;;;;;;;;;;;
GT LOGISTICS.02;PRIMAVISTA;484605;GTX ENGIN DIVERS;LAVEUSE ;01/07/2010;Achat occasion;DULEVO;H507;GT LOGISTICS;;01/07/2010;H507000766;;;;;;;;;;;
GT LOGISTICS.02;PRIMAVISTA;486747;GTX ENGIN MAGASINAGE;GERBEUR A CONDUCTEUR ACCOMPAGNANT;23/09/2016;Achat occasion;YALE;MS 10 E;GT LOGISTICS;;23/09/2016;B845T01818J;;;;;;;;;;;
GT LOGISTICS.02;PRIMAVISTA;495725;GTX CHARIOT FRONTAL;CHARIOT ELEVATEUR FRONTAL >16T;01/04/2014;Location longue durée;JUNGHEINRICH;EFG215;JUNGHEINRICH.;;01/03/2012;FN446127;;;;;;;;;;;
GT LOGISTICS.02;PRIMAVISTA;495726;GTX ENGIN MAGASINAGE;CHARIOT ELEVATEUR RETRACTABLE;01/04/2014;Location longue durée;JUNGHEINRICH;ETV112;JUNGHEINRICH.;;01/03/2012;91080933;;;;;;;;;;;
GT LOGISTICS.02;PRIMAVISTA;496758;GTX ENGIN MAGASINAGE;CHARIOT ELEVATEUR RETRACTABLE;01/02/2016;Location longue durée;STILL;FMX 12;GT LOGISTICS;;01/02/2016;511901F00127;;;;;;;;;;;
GT LOGISTICS.02;PRIMAVISTA;496759;GTX ENGIN MAGASINAGE;TRANSPALETTE A CONDUCTEUR AUTOPORTE;01/02/2016;Location longue durée;STILL;EXU-SF 20;GT LOGISTICS;;01/02/2016;F20179F00534;;;;;;;;;;;
GT LOGISTICS.02;PSA POLARIS;497020;GTX ENGIN MAGASINAGE;GERBEUR A CONDUCTEUR ACCOMPAGNANT;01/09/2016;Mise à disposition;OMG;CHARIOT;;;01/09/2016;72693010010;;;;;;;;;;;
GT LOGISTICS.02;PSA POLARIS;497021;GTX CHARIOT FRONTAL;CHARIOT ELEVATEUR FRONTAL =<2.5T;01/09/2016;Mise à disposition;CHARLATTE;TE206;;;01/09/2016;2060460;;;;;;;;;;;
GT LOGISTICS.02;PSA POLARIS;497022;GTX CHARIOT FRONTAL;CHARIOT ELEVATEUR FRONTAL =<2.5T;01/09/2016;Mise à disposition;CHARLATTE;TE206;;;01/09/2016;2060267;;;;;;;;;;;
GT LOGISTICS.02;PSA POLARIS;497026;GTX CHARIOT FRONTAL;CHARIOT ELEVATEUR FRONTAL =<2.5T;01/09/2016;Mise à disposition;HYSTER;J2.5XN-717;;;01/09/2016;A276B02957K;;;;;;;;;;;
GT LOGISTICS.02;PSA POLARIS;497027;GTX CHARIOT FRONTAL;CHARIOT ELEVATEUR FRONTAL =<2.5T;01/09/2016;Mise à disposition;HYSTER;J2.5XN-717;;;01/09/2016;A276B02958K;;;;;;;;;;;
GT LOGISTICS.02;PSA POLARIS;497028;GTX ENGIN MAGASINAGE;CHARIOT ELEVATEUR RETRACTABLE;01/09/2016;Mise à disposition;HYSTER;R2.0;;;01/09/2016;C435T08785K;;;;;;;;;;;
GT LOGISTICS.02;PSA POLARIS;497652;GTX CHARIOT FRONTAL;CHARIOT ELEVATEUR FRONTAL =<2.5T;19/11/2017;Mise à disposition;JUNGHEINRICH;P992F;;;15/03/2017;FN532392;;;;;;;;;;;
GT LOGISTICS.02;PSA POLARIS;497653;GTX CHARIOT FRONTAL;CHARIOT ELEVATEUR FRONTAL =<2.5T;14/03/2017;Mise à disposition;CHARLATTE;P60Z;;;15/03/2017;G1X126U00573;;;;;;;;;;;
GT LOGISTICS.02;PSA POLARIS;497654;GTX CHARIOT FRONTAL;CHARIOT ELEVATEUR FRONTAL =<2.5T;19/11/2017;Mise à disposition;CHARLATTE;APROLIS;;;15/03/2017;C273/TO075;;;;;;;;;;;
GT LOGISTICS.02;PSA POLARIS;497655;GTX ENGIN MAGASINAGE;GERBEUR A CONDUCTEUR ACCOMPAGNANT;19/11/2017;Mise à disposition;OMG;CHARIOT;;;15/03/2017;90532714;;;;;;;;;;;
GT LOGISTICS.02;PSA POLARIS;497656;GTX CHARIOT FRONTAL;CHARIOT ELEVATEUR FRONTAL =<2.5T;19/11/2017;Mise à disposition;JUNGHEINRICH;FN534172;;;15/03/2017;EFG425470DZ;;;;;;;;;;;
GT LOGISTICS.02;PSA POLARIS;497657;GTX ENGIN MAGASINAGE;CHARIOT ELEVATEUR RETRACTABLE;19/11/2017;Mise à disposition;JUNGHEINRICH;6-0116G-EU;;;15/03/2017;BA145910;;;;;;;;;;;
GT LOGISTICS.02;PSA POLARIS;690238;GTX REMORQUE;REMORQUE INDUSTRIELLE;01/09/2016;Mise à disposition;PSA;SUR MESURE;;;01/09/2016;900173822;;;;;;;;;;;
GT LOGISTICS.02;PSA POLARIS;690239;GTX REMORQUE;REMORQUE INDUSTRIELLE;01/09/2016;Mise à disposition;PSA;SUR MESURE;;;01/09/2016;900173821;;;;;;;;;;;
GT LOGISTICS.02;PSA POLARIS;690240;GTX REMORQUE;REMORQUE INDUSTRIELLE;01/09/2016;Mise à disposition;PSA;SUR MESURE;;;01/09/2016;900173826;;;;;;;;;;;
GT LOGISTICS.02;PSA POLARIS;690241;GTX REMORQUE;REMORQUE INDUSTRIELLE;01/09/2016;Mise à disposition;PSA;SUR MESURE;;;01/09/2016;900173825;;;;;;;;;;;
GT LOGISTICS.02;PSA POLARIS;690242;GTX REMORQUE;REMORQUE INDUSTRIELLE;01/09/2016;Mise à disposition;PSA;SUR MESURE;;;01/09/2016;900173823;;;;;;;;;;;
GT LOGISTICS.02;PSA POLARIS;690243;GTX REMORQUE;REMORQUE INDUSTRIELLE;01/09/2016;Mise à disposition;SMAN; ;;;01/09/2016;JAUNE;;;;;;;;;;;
GT LOGISTICS.02;PSA POLARIS;690244;GTX REMORQUE;REMORQUE INDUSTRIELLE;01/09/2016;Mise à disposition;SMAN;BLEU;;;01/09/2016;BLEU;;;;;;;;;;;
GT LOGISTICS.02;PSA POLARIS;690245;GTX REMORQUE;REMORQUE INDUSTRIELLE;01/09/2016;Mise à disposition;SMAN;BLEU;;;01/09/2016;BLEU;;;;;;;;;;;
GT LOGISTICS.02;PSA POLARIS;690246;GTX REMORQUE;REMORQUE INDUSTRIELLE;01/09/2016;Mise à disposition;SMAN;BLEU;;;01/09/2016;BLEU;;;;;;;;;;;
GT LOGISTICS.02;PSA POLARIS;690255;GTX REMORQUE;REMORQUE INDUSTRIELLE;19/11/2017;Mise à disposition;PSA;SUR MESURE;;;01/01/2017;848069;;;;;;;;;;;
GT LOGISTICS.02;PSA POLARIS;690256;GTX REMORQUE;REMORQUE INDUSTRIELLE;19/11/2017;Mise à disposition;PSA;SUR MESURE;;;01/01/2017;CU 6T 98;;;;;;;;;;;
GT LOGISTICS.02;PSA Sochaux;496552;GTX CHARIOT FRONTAL;CHARIOT ELEVATEUR FRONTAL 2.5T<>=5T;12/02/2016;Mise à disposition;FENWICK;E25;APROLIS FINANCE;;12/02/2016;5293;;;;;;;;;;;
GT LOGISTICS.02;PSA Sochaux;496555;GTX CHARIOT FRONTAL;CHARIOT ELEVATEUR FRONTAL 2.5T<>=5T;12/02/2016;Mise à disposition;CATERPILLAR;EP50;APROLIS FINANCE;;12/02/2016;6064;;;;;;;;;;;
GT LOGISTICS.02;PSA Sochaux;496556;GTX CHARIOT FRONTAL;CHARIOT ELEVATEUR FRONTAL 2.5T<>=5T;12/02/2016;Mise à disposition;CATERPILLAR;EP50;APROLIS FINANCE;;12/02/2016;6139;;;;;;;;;;;
GT LOGISTICS.02;PSA Sochaux;496557;GTX CHARIOT FRONTAL;CHARIOT ELEVATEUR FRONTAL 2.5T<>=5T;12/02/2016;Mise à disposition;CATERPILLAR;EP50;APROLIS FINANCE;;12/02/2016;6240;;;;;;;;;;;
GT LOGISTICS.02;PSA Sochaux;496892;GTX CHARIOT FRONTAL;CHARIOT ELEVATEUR FRONTAL 2.5T<>=5T;24/03/2016;Mise à disposition;CATERPILLAR;EP50;APROLIS FINANCE;;12/02/2016;6137;;;;;;;;;;;
GT LOGISTICS.02;PSA Sochaux;496893;GTX CHARIOT FRONTAL;CHARIOT ELEVATEUR FRONTAL 2.5T<>=5T;24/03/2016;Mise à disposition;CATERPILLAR;EP50;APROLIS FINANCE;;12/02/2016;6138;;;;;;;;;;;
GT LOGISTICS.02;PSA Sochaux;497647;GTX CHARIOT FRONTAL;CHARIOT ELEVATEUR FRONTAL 2.5T<>=5T;30/10/2017;Mise à disposition;CATERPILLAR;EP50;APROLIS FINANCE;;01/01/2017;6271;;;;;;;;;;;
GT LOGISTICS.02;PSA Sochaux;497648;GTX CHARIOT FRONTAL;CHARIOT ELEVATEUR FRONTAL 2.5T<>=5T;30/10/2017;Mise à disposition;CATERPILLAR;EP50;APROLIS FINANCE;;01/01/2017;6272;;;;;;;;;;;
GT LOGISTICS.02;PSA Sochaux;497916;GTX CHARIOT FRONTAL;CHARIOT ELEVATEUR FRONTAL 2.5T<>=5T;06/06/2018;Mise à disposition;CATERPILLAR;EP50;APROLIS FINANCE;;01/01/2015;6239;;;;;;;;;;;
GT LOGISTICS.02;PSA Sochaux;497917;GTX CHARIOT FRONTAL;CHARIOT ELEVATEUR FRONTAL 2.5T<>=5T;06/06/2018;Mise à disposition;CATERPILLAR;EP50;APROLIS FINANCE;;01/01/2017;6278;;;;;;;;;;;
GT LOGISTICS.03;AIA;406409;GTX ENGIN MAGASINAGE;GERBEUR A CONDUCTEUR ACCOMPAGNANT;01/06/2015;Achat neuf;BT;SPE160L;GT LOGISTICS.03;;06/01/2016;6384235;;;;;;;;;;;
GT LOGISTICS.03;AIA;406410;GTX ENGIN MAGASINAGE;GERBEUR A CONDUCTEUR ACCOMPAGNANT;01/06/2015;Achat neuf;BT;SPE160L;GT LOGISTICS.03;;06/01/2016;6384815;;;;;;;;;;;
GT LOGISTICS.03;AIA;406411;GTX ENGIN MAGASINAGE;GERBEUR A CONDUCTEUR ACCOMPAGNANT;01/06/2015;Achat neuf;BT;SPE160L;GT LOGISTICS.03;;06/01/2016;6384236;;;;;;;;;;;
GT LOGISTICS.03;AIA;406412;GTX CHARIOT FRONTAL;CHARIOT ELEVATEUR FRONTAL =<2.5T;01/06/2015;Achat neuf;BT;8FBET16;GT LOGISTICS.03;;06/01/2016;8FBMT16-12023;;;;;;;;;;;
GT LOGISTICS.03;AIA;406413;GTX CHARIOT FRONTAL;CHARIOT ELEVATEUR FRONTAL =<2.5T;01/06/2015;Achat neuf;BT;8FBET16;GT LOGISTICS.03;;06/01/2016;8FBMT16-12022;;;;;;;;;;;
GT LOGISTICS.03;AIA;406414;GTX CHARIOT FRONTAL;CHARIOT ELEVATEUR FRONTAL =<2.5T;01/06/2015;Achat neuf;BT;8FBET16;GT LOGISTICS.03;;06/01/2016;8FBMT16-12021;;;;;;;;;;;
GT LOGISTICS.03;AIA;406449;GTX ENGIN MAGASINAGE;GERBEUR A CONDUCTEUR ACCOMPAGNANT;01/01/2016;Achat neuf;BT;SWE080L;GT LOGISTICS.03;;01/01/2016;6404631;;;;;;;;;;;
GT LOGISTICS.03;AIA;406450;GTX CHARIOT FRONTAL;CHARIOT ELEVATEUR FRONTAL 2.5T<>=5T;11/01/2016;Achat neuf;BT;8FDF50;GT LOGISTICS.03;;06/01/2016;40-8FD50N-10329;;;;;;;;;;;
GT LOGISTICS.03;AIA;406451;GTX CHARIOT FRONTAL;CHARIOT ELEVATEUR FRONTAL 2.5T<>=5T;01/06/2015;Achat neuf;BT;8FDF30;GT LOGISTICS.03;;06/01/2016;8FDJF35-61102;;;;;;;;;;;
GT LOGISTICS.03;AIA;406452;GTX ENGIN MAGASINAGE;TRANSPALETTE A CONDUCTEUR AUTOPORTE;06/01/2016;Achat neuf;BT;LWE160;GT LOGISTICS.03;;06/01/2016;640208;;;;;;;;;;;
GT LOGISTICS.03;AIA;406726;GTX ENGIN MAGASINAGE;GERBEUR A CONDUCTEUR ACCOMPAGNANT;27/07/2016;Achat neuf;BT;SWE080L;GT LOGISTICS.03;;30/06/2016;6438025;;;;;;;;;;;
GT LOGISTICS.03;AIA;486448;GTX ENGIN MAGASINAGE;CHARIOT ELEVATEUR RETRACTABLE;01/06/2015;Achat occasion;BT;RRE140;GT LOGISTICS.03;;01/06/2015;6120387;;;;;;;;;;;
GT LOGISTICS.03;CEA GRENOBLE;486645;GTX CHARIOT FRONTAL;CHARIOT ELEVATEUR FRONTAL >16T;15/04/2016;Achat occasion;FENWICK;E16;GT LOGISTICS.03;;15/04/2016;H2X386A00412;;;;;;;;;;;
GT LOGISTICS.03;CEA GRENOBLE;486646;GTX CHARIOT FRONTAL;CHARIOT ELEVATEUR FRONTAL >16T;15/04/2016;Achat occasion;FENWICK;E20;GT LOGISTICS.03;;15/04/2016;a renseigner;;;;;;;;;;;
GT LOGISTICS.03;EINEA;487721;GTX ENGIN MAGASINAGE;TRANSPALETTE A CONDUCTEUR AUTOPORTE;01/08/2017;Achat occasion;FENWICK;T18;GT LOGISTICS.03;;01/01/2004;a renseigner;;;;;;;;;;;
GT LOGISTICS.03;EINEA;487722;GTX ENGIN MAGASINAGE;TRANSPALETTE A CONDUCTEUR AUTOPORTE;01/08/2017;Achat occasion;JUNGEINRICH;A RENSEIGNER;GT LOGISTICS.03;;01/01/2004;82127634;;;;;;;;;;;
GT LOGISTICS.03;EINEA;487723;GTX ENGIN MAGASINAGE;GERBEUR A CONDUCTEUR AUTOPORTE;01/08/2017;Achat occasion;JUNGEINRICH;EJC14;GT LOGISTICS.03;;01/01/2004;90029597;;;;;;;;;;;
GT LOGISTICS.03;EINEA;487724;GTX ENGIN MAGASINAGE;TRANSPALETTE A CONDUCTEUR AUTOPORTE;01/08/2017;Achat occasion;CROW;WP2320;GT LOGISTICS.03;;01/01/2004;5A331803;;;;;;;;;;;
GT LOGISTICS.03;EINEA;487725;GTX ENGIN MAGASINAGE;PREPARATEUR COMMANDE;01/08/2017;Achat occasion;FENWICK;V08-02;GT LOGISTICS.03;;01/01/2004;a renseigner;;;;;;;;;;;
GT LOGISTICS.03;EINEA;487726;GTX ENGIN MAGASINAGE;TRANSPALETTE A CONDUCTEUR AUTOPORTE;01/08/2017;Achat occasion;CROW;WP2320;GT LOGISTICS.03;;01/01/2004;5A331804;;;;;;;;;;;
GT LOGISTICS.03;EINEA;487727;GTX ENGIN MAGASINAGE;TRANSPALETTE A CONDUCTEUR AUTOPORTE;01/08/2017;Achat occasion;JUNGEINRICH;ELE20;GT LOGISTICS.03;;01/01/2004;90018757;;;;;;;;;;;
GT LOGISTICS.03;EINEA;487728;GTX ENGIN MAGASINAGE;TRANSPALETTE A CONDUCTEUR AUTOPORTE;01/08/2017;Achat occasion;FENWICK;T18;GT LOGISTICS.03;;01/01/2004;WAX360RO7935;;;;;;;;;;;
GT LOGISTICS.03;EINEA;487729;GTX ENGIN MAGASINAGE;TRANSPALETTE A CONDUCTEUR AUTOPORTE;01/08/2017;Achat occasion;JUNGEINRICH;ELE20;GT LOGISTICS.03;;01/01/2004;82294629;;;;;;;;;;;
GT LOGISTICS.03;EINEA;487730;GTX ENGIN MAGASINAGE;TRANSPALETTE A CONDUCTEUR AUTOPORTE;01/08/2017;Achat occasion;JUNGEINRICH;EJE118;GT LOGISTICS.03;;01/01/2004;90278750;;;;;;;;;;;
GT LOGISTICS.03;GRTGaz;486517;GTX CHARIOT FRONTAL;CHARIOT ELEVATEUR FRONTAL 5T<>=9T;24/12/2015;Achat occasion;FENWICK;E50;GT LOGISTICS.03;;01/03/2012;H2X388C0052;;;;;;;;;;;
GT LOGISTICS.03;GRTGaz;486518;GTX ENGIN MAGASINAGE;CHARIOT ELEVATEUR RETRACTABLE;24/12/2015;Achat occasion;FENWICK;R16S;GT LOGISTICS.03;;01/04/2012;H2X115C00677;;;;;;;;;;;
GT LOGISTICS.03;GRTGaz;486519;GTX ENGIN MAGASINAGE;CHARIOT ELEVATEUR RETRACTABLE;24/12/2015;Achat occasion;FENWICK;R16S;GT LOGISTICS.03;;10/03/2012;H2X115C00336;;;;;;;;;;;
GT LOGISTICS.03;GRTGaz;486520;GTX ENGIN MAGASINAGE;TRANSPALETTE PREPARATEUR DE COMMANDE;24/12/2015;Achat occasion;FENWICK;N20L;GT LOGISTICS.03;;01/04/2012;W4X132C00667;;;;;;;;;;;
GT LOGISTICS.03;GRTGaz;486521;GTX ENGIN MAGASINAGE;TRANSPALETTE PREPARATEUR DE COMMANDE;24/12/2015;Achat occasion;FENWICK;N20L;GT LOGISTICS.03;;01/04/2012;W4X132C00669;;;;;;;;;;;
GT LOGISTICS.03;GRTGaz;486522;GTX ENGIN MAGASINAGE;TRANSPALETTE PREPARATEUR DE COMMANDE;24/12/2015;Achat occasion;FENWICK;T20SP;GT LOGISTICS.03;;19/03/2012;W4X131C01460;;;;;;;;;;;
GT LOGISTICS.03;GRTGaz;486523;GTX CHARIOT FRONTAL;CHARIOT ELEVATEUR FRONTAL >16T;15/03/2016;Achat occasion;FENWICK;E16C;GT LOGISTICS.03;;01/04/2007;H2X386U03760;;;;;;;;;;;
GT LOGISTICS.03;GRTGaz;486524;GTX ENGIN MAGASINAGE;TRANSPALETTE A CONDUCTEUR ACCOMPAGNANT;15/03/2016;Achat occasion;FENWICK;L12;GT LOGISTICS.03;;01/04/2011;711172B07615;;;;;;;;;;;
GT LOGISTICS.03;GRTGaz;486525;GTX ENGIN MAGASINAGE;TRANSPALETTE A CONDUCTEUR AUTOPORTE;15/03/2016;Achat occasion;FENWICK;T20SP;GT LOGISTICS.03;;01/04/2008;W4X131W02589;;;;;;;;;;;
GT LOGISTICS.03;HUTCHINSON;407899;GTX ENGIN MAGASINAGE;CHARIOT FRONTAL ELECTRIQUE;17/05/2018;Achat neuf;TOYOTA;8FBE15T;GT LOGISTICS.03;;01/04/2018;8FBE15T-13377;;;;;;;;;;;
GT LOGISTICS.03;HUTCHINSON;407900;GTX ENGIN MAGASINAGE;CHARIOT RETRACTABLE;12/06/2018;Achat neuf;TOYOTA;RRE140H;GT LOGISTICS.03;;01/06/2018;6589936;;;;;;;;;;;
GT LOGISTICS.03;HUTCHINSON;407901;GTX ENGIN MAGASINAGE;CHARIOT RETRACTABLE;12/06/2018;Achat neuf;TOYOTA;RRE140H;GT LOGISTICS.03;;02/06/2018;6589938;;;;;;;;;;;
GT LOGISTICS.03;HUTCHINSON;407902;GTX ENGIN MAGASINAGE;CHARIOT RETRACTABLE;12/06/2018;Achat neuf;TOYOTA;RRE140H;GT LOGISTICS.03;;03/06/2018;6589937;;;;;;;;;;;
GT LOGISTICS.03;HUTCHINSON;407903;GTX ENGIN MAGASINAGE;PREPARATEUR AU SOL ELECTRIQUE;17/05/2018;Achat neuf;TOYOTA;OSE250;GT LOGISTICS.03;;01/04/2018;6582941;;;;;;;;;;;
GT LOGISTICS.03;HUTCHINSON;407904;GTX ENGIN MAGASINAGE;PREPARATEUR AU SOL ELECTRIQUE;17/05/2018;Achat neuf;TOYOTA;OSE250;GT LOGISTICS.03;;01/04/2018;6582942;;;;;;;;;;;
GT LOGISTICS.03;HUTCHINSON;407905;GTX ENGIN MAGASINAGE;PREPARATEUR AU SOL ELECTRIQUE;17/05/2018;Achat neuf;TOYOTA;OSE250;GT LOGISTICS.03;;01/04/2018;6582940;;;;;;;;;;;
GT LOGISTICS.03;HUTCHINSON;407906;GTX ENGIN MAGASINAGE;PREPARATEUR A NACELLE ELEVABLE ELECTRIQUE;17/05/2018;Achat neuf;TOYOTA;OSE100;GT LOGISTICS.03;;01/04/2018;6582939;;;;;;;;;;;
GT LOGISTICS.03;HUTCHINSON;407907;GTX ENGIN MAGASINAGE;PREPARATEUR A NACELLE ELEVABLE ELECTRIQUE;17/05/2018;Achat neuf;TOYOTA;OSE100;GT LOGISTICS.03;;01/04/2018;6582938;;;;;;;;;;;
GT LOGISTICS.03;HUTCHINSON;407908;GTX ENGIN MAGASINAGE;Gerbeurs accompagnant;18/06/2018;Achat neuf;TOYOTA;SPE200DN;GT LOGISTICS.03;;01/04/2018;6589927;;;;;;;;;;;
GT LOGISTICS.03;IMECA;497717;GTX CHARIOT FRONTAL;CHARIOT ELEVATEUR FRONTAL =<2.5T;01/12/2017;Mise à disposition;STILL;R20-20;IMECA;;01/01/2011;516215B00862;;;;;;;;;;;
GT LOGISTICS.03;IMECA;497718;GTX CHARIOT FRONTAL;CHARIOT ELEVATEUR FRONTAL =<2.5T;01/12/2017;Mise à disposition;STILL;R20-20;IMECA;;01/01/2011;516215B00880;;;;;;;;;;;
GT LOGISTICS.03;IMECA;497719;GTX ENGIN MAGASINAGE;GERBEUR A CONDUCTEUR AUTOPORTE;01/12/2017;Mise à disposition;FENWICK;L10;IMECA;;01/01/1997;379H04338910;;;;;;;;;;;
GT LOGISTICS.03;IMECA;497720;GTX CHARIOT FRONTAL;CHARIOT ELEVATEUR FRONTAL 2.5T<>=5T;01/12/2017;Mise à disposition;CATERPILLAR;M120D;IMECA;;01/01/1991;4AJ00092;;;;;;;;;;;
GT LOGISTICS.03;NAPALI;400324;GTX ENGIN DIVERS;LAVEUSE ;01/04/2007;Achat neuf;NILKFISK;BR1300S;GT LOGISTICS (non fact);;01/04/2007;N1961737;;;;;;;;;;;
GT LOGISTICS.03;NAPALI;405085;GTX ENGIN MAGASINAGE;CHARIOT ELEVATEUR RETRACTABLE;01/08/2011;Achat neuf;FENWICK;R20;GT LOGISTICS.03;;01/08/2011;H2X115B01462;;;;;;;;;;;
GT LOGISTICS.03;NAPALI;495244;GTX ENGIN MAGASINAGE;TRANSPALETTE A CONDUCTEUR AUTOPORTE;18/09/2012;Location longue durée;BT;LPE240 LONGUES FOURCHES;TOYOTA MATERIAL HANDLING;;18/09/2012;6219393;;;;;;;;;;;
GT LOGISTICS.03;NAPALI;495245;GTX ENGIN MAGASINAGE;TRANSPALETTE A CONDUCTEUR AUTOPORTE;18/09/2012;Location longue durée;BT;LPE240 LONGUES FOURCHES;TOYOTA MATERIAL HANDLING;;18/09/2012;6219394;;;;;;;;;;;
GT LOGISTICS.03;NAPALI;495310;GTX ENGIN MAGASINAGE;TRANSPALETTE A CONDUCTEUR AUTOPORTE;18/02/2013;Location longue durée;BT;LPE240;TOYOTA MATERIAL HANDLING;;18/02/2013;6240086;;;;;;;;;;;
GT LOGISTICS.03;NAPALI;495469;GTX ENGIN MAGASINAGE;TRANSPALETTE A CONDUCTEUR AUTOPORTE;06/08/2013;Location longue durée;BT;OSE250;TOYOTA MATERIAL HANDLING;;06/08/2013;6265204/2013;;;;;;;;;;;
GT LOGISTICS.03;NAPALI;495470;GTX ENGIN MAGASINAGE;CHARIOT ELEVATEUR RETRACTABLE;06/08/2013;Location longue durée;BT;RRE160;TOYOTA MATERIAL HANDLING;;06/08/2013;6265850/2013;;;;;;;;;;;
GT LOGISTICS.03;NAPALI;495471;GTX ENGIN MAGASINAGE;CHARIOT ELEVATEUR RETRACTABLE;06/08/2013;Location longue durée;BT;RRE160;TOYOTA MATERIAL HANDLING;;06/08/2013;6266273/2013;;;;;;;;;;;
GT LOGISTICS.03;NAPALI;495473;GTX ENGIN MAGASINAGE;TRANSPALETTE A CONDUCTEUR AUTOPORTE;06/08/2013;Location longue durée;BT;LPE240;TOYOTA MATERIAL HANDLING;;06/08/2013;6265377/2013;;;;;;;;;;;
GT LOGISTICS.03;NAPALI;495494;GTX ENGIN MAGASINAGE;CHARIOT ELEVATEUR RETRACTABLE;10/09/2013;Location longue durée;BT;RRE160;TOYOTA MATERIAL HANDLING;;10/09/2013;6268410;;;;;;;;;;;
GT LOGISTICS.03;NAPALI;495495;GTX ENGIN MAGASINAGE;CHARIOT ELEVATEUR RETRACTABLE;10/09/2013;Location longue durée;BT;RRE160;TOYOTA MATERIAL HANDLING;;10/09/2013;6268411;;;;;;;;;;;
GT LOGISTICS.03;NAPALI;495686;GTX ENGIN MAGASINAGE;CHARIOT ELEVATEUR RETRACTABLE;10/01/2014;Location longue durée;BT;RRE160;TOYOTA MATERIAL HANDLING;;10/01/2014;6286357;;;;;;;;;;;
GT LOGISTICS.03;NAPALI;495687;GTX ENGIN MAGASINAGE;CHARIOT ELEVATEUR RETRACTABLE;10/01/2014;Location longue durée;BT;RRE160;TOYOTA MATERIAL HANDLING;;10/01/2014;6286356;;;;;;;;;;;
GT LOGISTICS.03;NAPALI;495689;GTX ENGIN BTP;NACELLE;10/01/2014;Location longue durée;BT;NACELLE;TOYOTA MATERIAL HANDLING;;10/01/2014;6266468;;;;;;;;;;;
GT LOGISTICS.03;NAPALI;495690;GTX ENGIN MAGASINAGE;TRANSPALETTE A CONDUCTEUR AUTOPORTE;01/01/2017;Location longue durée;BT;LPE240;;;06/08/2016;6286544;;;;;;;;;;;
GT LOGISTICS.03;NAPALI;495691;GTX ENGIN MAGASINAGE;TRANSPALETTE A CONDUCTEUR AUTOPORTE;01/01/2017;Location longue durée;BT;LPE240;;;06/08/2016;6286545;;;;;;;;;;;
GT LOGISTICS.03;NAPALI;495692;GTX ENGIN MAGASINAGE;TRANSPALETTE A CONDUCTEUR AUTOPORTE;01/01/2017;Location longue durée;BT;LPE240;;;06/08/2016;6286546;;;;;;;;;;;
GT LOGISTICS.03;NAPALI;495817;GTX ENGIN MAGASINAGE;TRANSPALETTE A CONDUCTEUR AUTOPORTE;04/07/2014;Location longue durée;BT;OSE250;TOYOTA MATERIAL HANDLING;;04/07/2014;6286245;;;;;;;;;;;
GT LOGISTICS.03;NAPALI;496086;GTX ENGIN MAGASINAGE;TRANSPALETTE A CONDUCTEUR AUTOPORTE;01/01/2017;Location longue durée;BT;LPE240;;;06/08/2016;6286547;;;;;;;;;;;
GT LOGISTICS.03;NAPALI;496087;GTX ENGIN MAGASINAGE;TRANSPALETTE A CONDUCTEUR AUTOPORTE;01/01/2017;Location longue durée;BT;LPE240;;;06/08/2016;6286548;;;;;;;;;;;
GT LOGISTICS.03;NAPALI;496088;GTX ENGIN MAGASINAGE;TRANSPALETTE A CONDUCTEUR AUTOPORTE;01/01/2017;Location longue durée;BT;LPE240;;;06/08/2016;6286549;;;;;;;;;;;
GT LOGISTICS.03;NAPALI;497487;GTX ENGIN MAGASINAGE;GERBEUR A CONDUCTEUR AUTOPORTE;04/12/2017;Location longue durée;BT;SPE200;TOYOTA MATERIAL HANDLING;;01/01/2017;6544072;;;;;;;;;;;
GT LOGISTICS.03;NAPALI;497488;GTX ENGIN MAGASINAGE;GERBEUR A CONDUCTEUR AUTOPORTE;04/12/2017;Location longue durée;BT;SPE200;TOYOTA MATERIAL HANDLING;;01/01/2017;6544071;;;;;;;;;;;
GT LOGISTICS.03;NAPALI;497658;GTX CHARIOT FRONTAL;CHARIOT ELEVATEUR FRONTAL 2.5T<>=5T;31/10/2016;Location longue durée;TOYOTA;8FBET18;;;06/08/2015;8FBE18T-10620 ;;;;;;;;;;;
GT LOGISTICS.03;PSA Versailles;497618;GTX ENGIN MAGASINAGE;CHARIOT ELEVATEUR RETRACTABLE;03/01/2018;Mise à disposition;STILL;R60-25;;;03/01/2018;516043002114;;;;;;;;;;;
GT LOGISTICS.03;PSA Versailles;497619;GTX ENGIN MAGASINAGE;CHARIOT ELEVATEUR RETRACTABLE;03/01/2018;Mise à disposition;STILL;R50-15 SAXBY;;;03/01/2018;50344676;;;;;;;;;;;
GT LOGISTICS.03;PSA Versailles;497620;GTX ENGIN MAGASINAGE;CHARIOT ELEVATEUR RETRACTABLE;03/01/2018;Mise à disposition;STILL;R50-10;;;03/01/2018;50320225;;;;;;;;;;;
GT LOGISTICS.03;PSM - Thiollet;497909;GTX CHARIOT FRONTAL;CHARIOT ELEVATEUR FRONTAL 2.5T<>=5T;25/06/2018;Location longue durée;FENWICK;H50D;;;27/12/2012;H2X394C04029;Reprise contrat en cours;;;;;;;;;;
GT LOGISTICS.03;PSM - Thiollet;497910;GTX CHARIOT FRONTAL;CHARIOT ELEVATEUR FRONTAL 2.5T<>=5T;25/06/2018;Location longue durée;FENWICK;H50D;;;27/12/2012;H2X394C04091;Reprise contrat en cours;;;;;;;;;;
GT LOGISTICS.03;PSM - Thiollet;497911;GTX CHARIOT FRONTAL;CHARIOT ELEVATEUR FRONTAL 5T<>=9T;25/06/2018;Location longue durée;FENWICK;H60D;;;A compléter;H2X396D00016;Reprise contrat en cours;;;;;;;;;;
GT LOGISTICS.03;PSM - Thiollet;497912;GTX ENGIN BTP;CHARGEUSE;25/06/2018;Location longue durée;CATERPILLAR;914M;;;01/08/2017;H2400227;Reprise contrat en cours;;;;;;;;;;
GT LOGISTICS.03;PSM - Thiollet;497913;GTX ENGIN BTP;CHARGEUSE;25/06/2018;Location longue durée;CATERPILLAR;938H;;;01/12/2008;JKLM000295;Reprise contrat en cours;;;;;;;;;;
GT LOGISTICS.03;SAFRAN SED FOUGERES;497914;GTX ENGIN MAGASINAGE;TRANSPALETTE MOTORISE;16/04/2018;Mise à disposition;non communiqué;non communiqué;;;non communiqué;P1144752;;;;;;;;;;;
GT LOGISTICS.03;SAFRAN SED FOUGERES;497915;GTX CHARIOT FRONTAL;CHARIOT FRONTAL;16/04/2018;Mise à disposition;non communiqué;non communiqué;;;non communiqué;VOIR SYLVAIN GUERLEE;;;;;;;;;;;
GT LOGISTICS.04;ARKEMA JARRIE;405353;GTX ENGIN TRACTION;LOCOTRACTEUR;02/02/2015;Achat neuf;EUROTRACT;LOCOTRACTEUR;GT LOGISTICS;;01/02/2015;2533;;;;;;;;;;;
GT LOGISTICS.04;ARKEMA JARRIE;406196;GTX CHARIOT FRONTAL;CHARIOT ELEVATEUR FRONTAL =<2.5T;20/04/2015;Achat occasion;TOYOTA;C3E180;GT LOGISTICS;;20/04/2015;336483CE;;;;;;;;;;;
GT LOGISTICS.04;ARKEMA JARRIE;406197;GTX CHARIOT FRONTAL;CHARIOT ELEVATEUR FRONTAL =<2.5T;20/04/2015;Achat neuf;TOYOTA;8FBET18;GT LOGISTICS;;20/04/2015;12210;;;;;;;;;;;
GT LOGISTICS.04;ARKEMA MONT;405191;GTX ENGIN MAGASINAGE;TRANSPALETTE A CONDUCTEUR ACCOMPAGNANT;06/07/2015;Achat neuf;YALE;TRANSPALETTE;GT LOGISTICS;;05/06/2012;E842T03637K;;;;;;;;;;;
GT LOGISTICS.04;ARKEMA MONT;406360;GTX CHARIOT FRONTAL;CHARIOT ELEVATEUR FRONTAL =<2.5T;11/08/2015;Achat neuf;FENWICK;H25T;GT LOGISTICS;;11/08/2015;H2X392F01271;;;;;;;;;;;
GT LOGISTICS.04;ARKEMA MONT;406361;GTX CHARIOT FRONTAL;CHARIOT ELEVATEUR FRONTAL =<2.5T;19/08/2015;Achat neuf;FENWICK;H25T;GT LOGISTICS;;11/08/2015;H2X392F01510;;;;;;;;;;;
GT LOGISTICS.04;ARKEMA MONT;406362;GTX CHARIOT FRONTAL;CHARIOT ELEVATEUR FRONTAL =<2.5T;23/07/2015;Achat neuf;FENWICK;H25T;GT LOGISTICS;;23/07/2015;H2X392F01253;;;;;;;;;;;
GT LOGISTICS.04;ARKEMA MONT;486212;GTX CHARIOT FRONTAL;CHARIOT ELEVATEUR FRONTAL =<2.5T;01/04/2015;Achat occasion;FENWICK;H25T;GT LOGISTICS;;01/04/2015;H2X392B00677;;;;;;;;;;;
GT LOGISTICS.04;ARKEMA MONT;486356;GTX CHARIOT FRONTAL;CHARIOT ELEVATEUR FRONTAL =<2.5T;06/10/2015;Achat occasion;FENWICK;H25T;GT LOGISTICS;;06/10/2015;H2X392W00562;;;;;;;;;;;
GT LOGISTICS.04;ARKEMA MONT;486358;GTX CHARIOT FRONTAL;CHARIOT ELEVATEUR FRONTAL =<2.5T;17/12/2015;Achat occasion;FENWICK;H25T;GT LOGISTICS;;17/12/2015;H2X392U00501;;;;;;;;;;;
GT LOGISTICS.04;ARKEMA MONT;486359;GTX CHARIOT FRONTAL;CHARIOT ELEVATEUR FRONTAL =<2.5T;07/05/2015;Achat occasion;FENWICK;H25T;GT LOGISTICS;;07/05/2015;H2X392C02217;;;;;;;;;;;
GT LOGISTICS.04;ARKEMA MONT;600202;GTX REMORQUE;REMORQUE INDUSTRIELLE;10/08/2015;Achat neuf;FENWICK;MS1430;GT LOGISTICS;;10/08/2015;66/07/15 01;;;;;;;;;;;
GT LOGISTICS.04;ARKEMA MONT;600203;GTX REMORQUE;REMORQUE INDUSTRIELLE;10/08/2015;Achat neuf;FENWICK;MS1430;GT LOGISTICS;;10/08/2015;66/07/15 02;;;;;;;;;;;
GT LOGISTICS.04;ARKEMA MONT;600204;GTX REMORQUE;REMORQUE INDUSTRIELLE;10/08/2015;Achat neuf;FENWICK;MS1430;GT LOGISTICS;;10/08/2015;66/07/15 03;;;;;;;;;;;
GT LOGISTICS.04;ARKEMA MONT;600205;GTX REMORQUE;REMORQUE INDUSTRIELLE;10/08/2015;Achat neuf;FENWICK;MS1430;GT LOGISTICS;;10/08/2015;66/07/15 04;;;;;;;;;;;
GT LOGISTICS.04;ARKEMA MONT;600206;GTX REMORQUE;REMORQUE INDUSTRIELLE;10/08/2015;Achat neuf;FENWICK;MS1430;GT LOGISTICS;;10/08/2015;21/04/2015;;;;;;;;;;;
GT LOGISTICS.04;BLUE STAR;186135;GTX ENGIN TRACTION;TERBERG;11/11/2014;Achat occasion;TERBERG;YT182DT1740;GT LOGISTICS;;02/11/2011;XLWYT1827B4451125;;;;;;;;;;;
GT LOGISTICS.04;BLUE STAR;405355;GTX CHARIOT FRONTAL;CHARIOT ELEVATEUR FRONTAL =<2.5T;04/03/2013;Achat neuf;NISSAN;U1D2A25LQ;FRANCETRUCK;;04/03/2013;701990;;;;;;;;;;;
GT LOGISTICS.04;BLUE STAR;405357;GTX CHARIOT FRONTAL;CHARIOT ELEVATEUR FRONTAL 5T<>=9T;01/05/2013;Achat neuf;NISSAN;GX50D;FRANCETRUCK;;01/05/2013;000101;;;;;;;;;;;
GT LOGISTICS.04;BLUE STAR;485506;GTX ENGIN MAGASINAGE;TRANSPALETTE A CONDUCTEUR AUTOPORTE;18/12/2012;Achat occasion;FENWICK;T18;FRANCETRUCK;;12/11/2007;W4X36OU00362;;;;;;;;;;;
GT LOGISTICS.04;BLUE STAR;485693;GTX CHARIOT FRONTAL;CHARIOT ELEVATEUR FRONTAL =<2.5T;13/02/2014;Achat occasion;HYSTER;H2.5FT;FRANCETRUCK;;13/02/2014;L177B16063E;;;;;;;;;;;
GT LOGISTICS.04;BLUE STAR;485694;GTX CHARIOT FRONTAL;CHARIOT ELEVATEUR FRONTAL 2.5T<>=5T;13/02/2014;Achat occasion;HYSTER;H3.50FT;FRANCETRUCK;;13/02/2014;L177B09721D;;;;;;;;;;;
GT LOGISTICS.04;BLUE STAR;486689;GTX CHARIOT FRONTAL;CHARIOT ELEVATEUR FRONTAL 2.5T<>=5T;08/06/2016;Achat occasion;TOYOTA;027FGJF35;GT LOGISTICS;;17/02/2004;11881;;;;;;;;;;;
GT LOGISTICS.04;CECA FEUCHY;496999;GTX CHARIOT FRONTAL;CHARIOT ELEVATEUR FRONTAL =<2.5T;01/01/2016;Mise à disposition;NISSAN;FD02A250;;;01/01/2016;FD02E712403;;;;;;;;;;;
GT LOGISTICS.04;CECA FEUCHY;497000;GTX CHARIOT FRONTAL;CHARIOT ELEVATEUR FRONTAL =<2.5T;01/01/2016;Mise à disposition;HYSTER;H2.5FT;;;01/01/2012;L177B38133K;;;;;;;;;;;
GT LOGISTICS.04;CECA FEUCHY;497001;GTX CHARIOT FRONTAL;CHARIOT ELEVATEUR FRONTAL =<2.5T;01/01/2016;Mise à disposition;HYSTER;H2.5FT;;;01/01/2012;L177B38136K;;;;;;;;;;;
GT LOGISTICS.04;CECA FEUCHY;497002;GTX CHARIOT FRONTAL;CHARIOT ELEVATEUR FRONTAL =<2.5T;01/01/2016;Mise à disposition;HYSTER;H2.5FT;;;01/01/2012;L177B38138K;;;;;;;;;;;
GT LOGISTICS.04;CECA FEUCHY;497003;GTX CHARIOT FRONTAL;CHARIOT ELEVATEUR FRONTAL =<2.5T;01/01/2016;Mise à disposition;HYSTER;H2.5FT;;;01/01/2012;L177B38141K;;;;;;;;;;;
GT LOGISTICS.04;CECA FEUCHY;497004;GTX ENGIN TRACTION;TRACTEUR INDUSTRIEL;01/01/2016;Mise à disposition;JOHN DEERE;5315 CS3;;;01/01/2007;ATCSCAB206258;;;;;;;;;;;
GT LOGISTICS.04;CECA FEUCHY;690234;GTX REMORQUE;REMORQUE INDUSTRIELLE;01/01/2016;Mise à disposition;MILOCO;MS11142400000001;;;01/01/2009;0003003091;;;;;;;;;;;
GT LOGISTICS.04;CECA FEUCHY;690235;GTX REMORQUE;REMORQUE INDUSTRIELLE;01/01/2016;Mise à disposition;MILOCO;MS11142400000001;;;01/01/2009;0003003092;;;;;;;;;;;
GT LOGISTICS.04;CECA FEUCHY;690236;GTX REMORQUE;REMORQUE INDUSTRIELLE;01/01/2016;Mise à disposition;MILOCO;MS11142400000001;;;01/01/2009;0003003093;;;;;;;;;;;
GT LOGISTICS.04;CECA FEUCHY;690237;GTX REMORQUE;REMORQUE INDUSTRIELLE;01/01/2016;Mise à disposition;MILOCO;MS11142400000001;;;01/01/2009;0003003094;;;;;;;;;;;
GT LOGISTICS.04;HERAKLES;405349;GTX ENGIN MAGASINAGE;GERBEUR A CONDUCTEUR ACCOMPAGNANT;18/03/2013;Achat neuf;FENWICK;L12;FRANCETRUCK;;18/03/2013;W41172D00917;;;;;;;;;;;
GT LOGISTICS.04;HERAKLES;405350;GTX CHARIOT FRONTAL;CHARIOT ELEVATEUR FRONTAL =<2.5T;21/03/2013;Achat neuf;FENWICK;E20;FRANCETRUCK;;20/03/2013;H2X386D01938;;;;;;;;;;;
GT LOGISTICS.04;HERAKLES;405351;GTX CHARIOT FRONTAL;CHARIOT ELEVATEUR FRONTAL =<2.5T;25/03/2013;Achat neuf;FENWICK;E20;FRANCETRUCK;;25/03/2013;H2X386D01896;;;;;;;;;;;
GT LOGISTICS.04;HERAKLES;405352;GTX CHARIOT FRONTAL;CHARIOT ELEVATEUR FRONTAL =<2.5T;27/03/2013;Achat neuf;FENWICK;E20;FRANCETRUCK;;27/03/2013;H2X386D02088;;;;;;;;;;;
GT LOGISTICS.04;HERAKLES;405354;GTX ENGIN MAGASINAGE;TRANSPALETTE A CONDUCTEUR ACCOMPAGNANT;12/04/2013;Achat neuf;FENWICK;T16;FRANCETRUCK;;12/04/2013;W41152D03284;;;;;;;;;;;
GT LOGISTICS.04;HERAKLES;405358;GTX ENGIN MAGASINAGE;TRANSPALETTE A CONDUCTEUR ACCOMPAGNANT;19/03/2013;Achat neuf;FENWICK;T16;FRANCETRUCK;;19/03/2013;W41152D02213;;;;;;;;;;;
GT LOGISTICS.04;HERAKLES;405374;GTX CHARIOT FRONTAL;CHARIOT ELEVATEUR FRONTAL =<2.5T;04/04/2013;Achat neuf;FENWICK;E16;FRANCETRUCK;;04/04/2013;H2X386D02331;;;;;;;;;;;
GT LOGISTICS.04;HERAKLES;405391;GTX CHARIOT FRONTAL;CHARIOT ELEVATEUR FRONTAL 2.5T<>=5T;26/04/2013;Achat neuf;FENWICK;E40;FRANCETRUCK;;26/04/2013;H2X388D00321;;;;;;;;;;;
GT LOGISTICS.04;HERAKLES;405409;GTX CHARIOT FRONTAL;CHARIOT ELEVATEUR FRONTAL =<2.5T;31/05/2013;Achat neuf;FENWICK;E20;FRANCETRUCK;;31/05/2013;H2X386D02082;;;;;;;;;;;
GT LOGISTICS.04;HERAKLES;486992;GTX ENGIN MAGASINAGE;GERBEUR A CONDUCTEUR AUTOPORTE;05/12/2016;Achat occasion;FENWICK;T16;GT LOGISTICS;;05/12/2016;W41152E10068;;;;;;;;;;;
GT LOGISTICS.04;HERAKLES;487267;GTX CHARIOT FRONTAL;CHARIOT ELEVATEUR FRONTAL =<2.5T;22/05/2017;Achat occasion;FENWICK;E16L;GT LOGISTICS;;01/01/2010;H2X386Z01753;;;;;;;;;;;
GT LOGISTICS.04;HERAKLES;495342;GTX ENGIN MAGASINAGE;TRANSPALETTE A CONDUCTEUR AUTOPORTE;01/07/2014;Location longue durée;FENWICK;R14;FENWICK LEASE;;01/07/2014;G1X115R01273;;;;;;;;;;;
GT LOGISTICS.04;HERAKLES;495343;GTX ENGIN MAGASINAGE;TRANSPALETTE A CONDUCTEUR AUTOPORTE;01/07/2014;Location longue durée;FENWICK;R20;FENWICK LEASE;;01/07/2014;G1X115R01290;;;;;;;;;;;
GT LOGISTICS.04;HERAKLES;495344;GTX ENGIN MAGASINAGE;CHARIOT ELEVATEUR RETRACTABLE;01/01/2013;Location longue durée;CROWN;ESR 4500;APROLIS FINANCE;;01/01/2013;5A208114;;;;;;;;;;;
GT LOGISTICS.04;HERAKLES;495345;GTX ENGIN MAGASINAGE;TRANSPALETTE A CONDUCTEUR AUTOPORTE;01/07/2014;Location longue durée;FENWICK;H80D;FENWICK LEASE;;01/07/2014;E1X353R00884;;;;;;;;;;;
GT LOGISTICS.04;HERAKLES;495346;GTX ENGIN MAGASINAGE;TRANSPALETTE A CONDUCTEUR AUTOPORTE;01/07/2014;Location longue durée;FENWICK;H136;FENWICK LEASE;;01/07/2014;354J011006136;;;;;;;;;;;
GT LOGISTICS.04;HERAKLES;495347;GTX CHARIOT FRONTAL;CHARIOT ELEVATEUR FRONTAL 2.5T<>=5T;01/01/2013;Location longue durée;CATERPILLAR;EP40;APROLIS FINANCE;;01/01/2013;FN377534;;;;;;;;;;;
GT LOGISTICS.04;HERAKLES;495348;GTX ENGIN MAGASINAGE;TRANSPALETTE A CONDUCTEUR ACCOMPAGNANT;01/01/2013;Location longue durée;OMG;330BE;APROLIS FINANCE;;01/01/2013;025195;;;;;;;;;;;
GT LOGISTICS.04;HERAKLES;495417;GTX ENGIN MAGASINAGE;TRANSPALETTE A CONDUCTEUR AUTOPORTE;01/07/2014;Location longue durée;FENWICK;E20;FENWICK LEASE;;01/07/2014;H2X335P05389;;;;;;;;;;;
GT LOGISTICS.04;HERAKLES;600173;GTX REMORQUE;REMORQUE INDUSTRIELLE;08/11/2013;Achat neuf;DAUDIN;A RENSEIGNER;FRANCETRUCK;;01/11/2013;;;;;;;;;;;;
GT LOGISTICS.04;RTA;195803;GTX ENGIN TRACTION;TERBERG;24/04/2014;Location longue durée;TERBERG;YT182DT1740;FRANCETRUCK;;02/04/2014;XWYTI823F9234548;;;;;;;;;;;
GT LOGISTICS.04;RTA;195804;GTX ENGIN TRACTION;TERBERG;24/04/2014;Location longue durée;TERBERG;YT182DT1740;FRANCETRUCK;;02/04/2014;XWYTI823F9234549;;;;;;;;;;;
GT LOGISTICS.04;RTA;195805;GTX ENGIN TRACTION;TERBERG;11/06/2014;Location longue durée;TERBERG;YT182DT1740;FRANCETRUCK;;02/04/2014;XWYTI823F9234550;;;;;;;;;;;
GT LOGISTICS.04;RTA;404389;GTX ENGIN MAGASINAGE;CHARIOT ELEVATEUR RETRACTABLE;01/01/2009;Achat neuf;JUNGHEINRICH;ETV 110;GT LOCATION;;01/09/2009;115525D2;;;;;;;;;;;
GT LOGISTICS.04;RTA;407449;GTX ENGIN MAGASINAGE;GERBEUR A CONDUCTEUR AUTOPORTE;11/08/2017;Achat occasion;FENWICK;L12;GT LOGISTICS.04;;01/01/2017;F21172H02916;;;;;;;;;;;
GT LOGISTICS.04;RTA;484578;GTX CHARIOT FRONTAL;CHARIOT ELEVATEUR FRONTAL =<2.5T;01/05/2010;Achat occasion;FENWICK;H25D;FRANCETRUCK;;01/05/2010;H2X392S01357;;;;;;;;;;;
GT LOGISTICS.04;RTA;484923;GTX ENGIN MAGASINAGE;GERBEUR A CONDUCTEUR AUTOPORTE;08/04/2011;Achat occasion;FENWICK;L14;FRANCETRUCK;;17/02/2008;W4X372W03247;;;;;;;;;;;
GT LOGISTICS.04;RTA Dunkerque;185341;GTX ENGIN TRACTION;TERBERG;11/01/2013;Achat occasion;TERBERG;YT182DT1740;FRANCETRUCK;;10/01/2013;XLWYT182682447944;;;;;;;;;;;
GT LOGISTICS.04;RTA Dunkerque;196198;GTX ENGIN TRACTION;TERBERG;11/11/2014;Location longue durée;TERBERG;YT182DT1740;FRANCETRUCK;;10/11/2014;XLWYT182XB444124;;;;;;;;;;;
GT LOGISTICS.04;RTA Dunkerque;406794;GTX ENGIN BTP;CHARIOT TELESCOPIQUE;12/10/2016;Achat neuf;JCB;531-70;GT LOGISTICS;;01/01/2006;JCB5AA7GK2463028;;;;;;;;;;;
GT LOGISTICS.04;RTA Dunkerque;406795;GTX ENGIN BTP;CHARIOT TELESCOPIQUE;12/10/2016;Achat neuf;JCB;531-70;GT LOGISTICS;;01/01/2015;JCB5AA7GK2465078;;;;;;;;;;;
GT LOGISTICS.04;RTA Dunkerque;407265;GTX CHARIOT FRONTAL;CHARIOT ELEVATEUR FRONTAL 5T<>=9T;26/06/2017;Achat neuf;YALE;GDP50VX;VIVIER;;01/06/2017;K813B02270R;;;;;;;;;;;
GT LOGISTICS.04;RTA Dunkerque;486891;GTX ENGIN BTP;CHARGEUSE;02/11/2016;Achat occasion;BOBCAT;S70;GT LOGISTICS;;02/01/2014;B38W11205;;;;;;;;;;;
GT LOGISTICS.04;RTA Dunkerque;487693;GTX ENGIN MAGASINAGE;CHARIOT ELEVATEUR FRONTAL 5T<>=9T;01/01/2017;Achat occasion;YALE;GDP50VX;VIVIER;;01/01/2017;f813b01538d;;;;;;;;;;;
GT LOGISTICS.04;RTA Dunkerque;495031;GTX CHARIOT FRONTAL;CHARIOT ELEVATEUR FRONTAL >16T;15/09/2011;Location longue durée;KALMAR;A RENSEIGNER;JEAN BART LOCATION;;15/09/2011;T34118-004;;;;;;;;;;;
GT LOGISTICS.04;RTA Dunkerque;495032;GTX CHARIOT FRONTAL;CHARIOT ELEVATEUR FRONTAL 9T<>=16T;15/09/2011;Location longue durée;KALMAR;A RENSEIGNER;JEAN BART LOCATION;;15/09/2011;T33105-1925;;;;;;;;;;;
GT LOGISTICS.04;RTA Dunkerque;495033;GTX CHARIOT FRONTAL;CHARIOT ELEVATEUR FRONTAL 9T<>=16T;15/09/2011;Location longue durée;KALMAR;A RENSEIGNER;JEAN BART LOCATION;;15/09/2011;T33105-1765;;;;;;;;;;;
GT LOGISTICS.04;RTA Dunkerque;496202;GTX CHARIOT FRONTAL;CHARIOT ELEVATEUR FRONTAL 5T<>=9T;01/11/2014;Location longue durée;MITSUBISHI;FD50K;JEAN BART LOCATION;;01/11/2014;EF 28350021;;;;;;;;;;;
GT LOGISTICS.04;RTA Dunkerque;496205;GTX ENGIN BTP;PELLE;01/12/2014;Location longue durée;JCB;JS200;JEAN BART LOCATION;;01/12/2014;809243;;;;;;;;;;;
GT LOGISTICS.04;RTA Dunkerque;496207;GTX ENGIN BTP;MINI-PELLE;01/11/2014;Location longue durée;HANIX;A RENSEIGNER;JEAN BART LOCATION;;01/11/2014;H7530177;;;;;;;;;;;
GT LOGISTICS.04;RTA Dunkerque;496888;GTX CHARIOT FRONTAL;CHARIOT ELEVATEUR FRONTAL =<2.5T;17/10/2016;Location longue durée;YALE;GDP25VX;GT LOGISTICS;;16/10/2016;B875B26557M;;;;;;;;;;;
GT LOGISTICS.04;RTA Dunkerque;496890;GTX ENGIN BTP;CHARGEUSE;02/11/2016;Location longue durée;CATERPILLAR;926M;;;16/10/2016;0LTE02415;;;;;;;;;;;
GT LOGISTICS.04;RTA Dunkerque;497264;GTX CHARIOT FRONTAL;CHARIOT ELEVATEUR FRONTAL 5T<>=9T;26/06/2017;Achat neuf;YALE;GDP50VX;VIVIER;;01/06/2017;K813B02271R;;;;;;;;;;;
GT LOGISTICS.04;RTA Dunkerque;497266;GTX CHARIOT FRONTAL;CHARIOT ELEVATEUR FRONTAL 5T<>=9T;07/06/2017;Location longue durée;YALE;M100D S1 3D;JEAN BART LOCATION;;01/06/2017;871235;;;;;;;;;;;
GT LOGISTICS.04;RTA Dunkerque;497731;GTX ENGIN BTP;CHARGEUSE;01/01/2017;Location longue durée;YALE;906M;JEAN BART LOCATION;;01/01/2017;CAT0906MVZ6600449;;;;;;;;;;;
GT LOGISTICS.04;RTA Dunkerque;497732;GTX ENGIN MAGASINAGE;CHARIOT TELESCOPIQUE;01/01/2017;Location longue durée;YALE;M625;JEAN BART LOCATION;;01/01/2017;944734;;;;;;;;;;;
GT LOGISTICS.04;RTA Dunkerque;600116;GTX ENGIN TRACTION;LOCOTRACTEUR;01/01/2011;Achat neuf;ZEPHIR;E2000;FRANCETRUCK;;01/01/2011;2351;;;;;;;;;;;
GT LOGISTICS.05;SMURFIT;400123;GTX CHARIOT FRONTAL;CHARIOT ELEVATEUR FRONTAL =<2.5T;01/10/2002;Achat neuf;FENWICK;H25D;GT LOGISTICS.01;;01/10/2002;351B04002025;;;;;;;;;;;
GT LOGISTICS.05;SMURFIT;404772;GTX CHARIOT FRONTAL;CHARIOT ELEVATEUR FRONTAL 2.5T<>=5T;30/12/2010;Achat neuf;FENWICK;H50D;GT LOGISTICS.01;;30/12/2010;H2X394B00966;;;;;;;;;;;
GT LOGISTICS.05;SMURFIT;405139;GTX ENGIN DIVERS;LAVEUSE ;01/02/2012;Achat neuf;DULEVO;H820;GT LOGISTICS.01;;01/02/2012;120100035;;;;;;;;;;;
GT LOGISTICS.05;SMURFIT;405362;GTX CHARIOT FRONTAL;CHARIOT ELEVATEUR FRONTAL 2.5T<>=5T;25/04/2013;Achat neuf;FENWICK;H50D;GT LOGISTICS.01;;25/04/2013;H2X394D50698;;;;;;;;;;;
GT LOGISTICS.05;SMURFIT;405363;GTX CHARIOT FRONTAL;CHARIOT ELEVATEUR FRONTAL 2.5T<>=5T;25/04/2013;Achat neuf;FENWICK;H50D;GT LOGISTICS.01;;25/04/2013;H2X394D50696;;;;;;;;;;;
GT LOGISTICS.05;SMURFIT;405364;GTX CHARIOT FRONTAL;CHARIOT ELEVATEUR FRONTAL 2.5T<>=5T;25/04/2013;Achat neuf;FENWICK;H50D;GT LOGISTICS.01;;25/04/2013;H2X394D50691;;;;;;;;;;;
GT LOGISTICS.05;SMURFIT;405365;GTX CHARIOT FRONTAL;CHARIOT ELEVATEUR FRONTAL 2.5T<>=5T;25/04/2013;Achat neuf;FENWICK;H50D;GT LOGISTICS.01;;25/04/2013;H2X394D50714;;;;;;;;;;;
GT LOGISTICS.05;SMURFIT;405830;GTX CHARIOT FRONTAL;CHARIOT ELEVATEUR FRONTAL 2.5T<>=5T;02/07/2014;Achat neuf;FENWICK;H50D;GT LOGISTICS.01;;02/07/2014;H2X394E01537;;;;;;;;;;;
GT LOGISTICS.05;SMURFIT;406120;GTX CHARIOT FRONTAL;CHARIOT ELEVATEUR FRONTAL 2.5T<>=5T;01/12/2014;Achat neuf;FENWICK;H50D;GT LOGISTICS.01;;30/11/2014;H2X394E02607;;;;;;;;;;;
GT LOGISTICS.05;SMURFIT;487659;GTX CHARIOT FRONTAL;CHARIOT ELEVATEUR FRONTAL 2.5T<>=5T;18/12/2014;Location longue durée;FENWICK;H50D;GT LOGISTICS.01;;30/11/2014;H2X394E02903;;;;;;;;;;;
GT LOGISTICS.05;SMURFIT;487660;GTX CHARIOT FRONTAL;CHARIOT ELEVATEUR FRONTAL 2.5T<>=5T;18/12/2014;Location longue durée;FENWICK;H50D;GT LOGISTICS.01;;30/11/2014;H2X394E02833;;;;;;;;;;;
GT LOGISTICS.05;SMURFIT;487661;GTX CHARIOT FRONTAL;CHARIOT ELEVATEUR FRONTAL 2.5T<>=5T;18/12/2014;Location longue durée;FENWICK;H50D;GT LOGISTICS.01;;30/11/2014;H2X394E02879;;;;;;;;;;;
GT LOGISTICS.05;SMURFIT;600090;GTX ENGIN DIVERS;FILMEUSE/BANDEROLEUSE;10/01/2008;Achat neuf;MASPLAY;MASPLAY10;GT LOCATION;;10/01/2008;013120701956;;;;;;;;;;;
GT LOGISTICS.05;SMURFIT;600115;GTX ENGIN TRACTION;LOCOTRACTEUR;01/04/2006;Achat neuf;EUROTRACT;LOCOTRACTEUR;GT LOGISTICS (non fact);LOCOTRACTEUR;01/04/2006;ANCIEN400298;;;;;;;;;;;
GT LOGISTICS.06;CONTINENTAL FOIX;486537;GTX ENGIN MAGASINAGE;TRANSPALETTE A CONDUCTEUR ACCOMPAGNANT;13/01/2016;Achat occasion;FENWICK;T16;GT LOGISTICS.06;;01/10/2015;W4X360S03515;;;;;;;;;;;
GT LOGISTICS.06;CONTINENTAL FOIX;495954;GTX CHARIOT FRONTAL;CHARIOT ELEVATEUR FRONTAL =<2.5T;01/10/2014;Location longue durée;BT;C3E150;;;01/10/2014;367308CE;;;;;;;;;;;
GT LOGISTICS.06;CONTINENTAL FOIX;496534;GTX ENGIN MAGASINAGE;CHARIOT ELEVATEUR RETRACTABLE;13/01/2016;Location longue durée;BT;RRE140;;;01/10/2015;6399238;;;;;;;;;;;
GT LOGISTICS.06;CONTINENTAL FOIX;496535;GTX ENGIN MAGASINAGE;TRANSPALETTE A CONDUCTEUR ACCOMPAGNANT;13/01/2016;Location longue durée;BT;LSE200;;;01/10/2014;6398247;;;;;;;;;;;
GT LOGISTICS.06;CONTINENTAL FOIX;496536;GTX ENGIN MAGASINAGE;GERBEUR A CONDUCTEUR ACCOMPAGNANT;13/01/2016;Location longue durée;BT;SWE080L;;;01/10/2015;6401895;;;;;;;;;;;
GT LOGISTICS.06;CONTINENTAL FOIX;496548;GTX ENGIN MAGASINAGE;GERBEUR A CONDUCTEUR ACCOMPAGNANT;25/02/2016;Location longue durée;BT;SWE120;;;01/01/2016;6405260;;;;;;;;;;;
GT LOGISTICS.06;CONTINENTAL FOIX;496549;GTX CHARIOT FRONTAL;CHARIOT ELEVATEUR FRONTAL =<2.5T;25/02/2016;Location longue durée;TOYOTA;8FBE15T;;;01/01/2016;10060;;;;;;;;;;;
GT LOGISTICS.06;CONTINENTAL FOIX;497662;GTX ENGIN MAGASINAGE;GERBEUR A CONDUCTEUR ACCOMPAGNANT;11/12/2017;Location longue durée;BT;SWE120;;;01/01/2017;6539161;;;;;;;;;;;
GT LOGISTICS.06;CONTINENTAL FOIX;497663;GTX ENGIN MAGASINAGE;GERBEUR A CONDUCTEUR AUTOPORTE;11/12/2017;Location longue durée;BT;SPE125;;;01/01/2017;6542769;;;;;;;;;;;
GT LOGISTICS.06;CONTINENTAL TLSE;487664;GTX ENGIN MAGASINAGE;CHARIOT ELEVATEUR RETRACTABLE;01/06/2016;Achat occasion;BT;RRE160;;;01/01/2014;6201448;;;;;;;;;;;
GT LOGISTICS.06;CONTINENTAL TLSE;487665;GTX ENGIN MAGASINAGE;GERBEUR A CONDUCTEUR ACCOMPAGNANT;01/06/2016;Achat occasion;BT;SWE080L;;;01/01/2014;6209804;;;;;;;;;;;
GT LOGISTICS.06;CONTINENTAL TLSE;487666;GTX ENGIN MAGASINAGE;GERBEUR A CONDUCTEUR ACCOMPAGNANT;01/06/2016;Achat occasion;BT;SWE080L;;;01/01/2014;6209613;;;;;;;;;;;
GT LOGISTICS.06;CONTINENTAL TLSE;487667;GTX ENGIN MAGASINAGE;GERBEUR A CONDUCTEUR AUTOPORTE;01/06/2016;Achat occasion;BT;SWE120;;;01/01/2014;6517153;;;;;;;;;;;
GT LOGISTICS.06;CONTINENTAL TLSE;487668;GTX ENGIN MAGASINAGE;GERBEUR A CONDUCTEUR AUTOPORTE;01/06/2016;Achat occasion;BT;SWE120;;;01/01/2014;6517879;;;;;;;;;;;
GT LOGISTICS.06;CONTINENTAL TLSE;497006;GTX CHARIOT FRONTAL;CHARIOT ELEVATEUR FRONTAL 2.5T<>=5T;13/01/2016;Location longue durée;BT;8FBET15;;;01/01/2016;17095;;;;;;;;;;;
GT LOGISTICS.06;CONTINENTAL TLSE;497007;GTX CHARIOT FRONTAL;CHARIOT ELEVATEUR FRONTAL 2.5T<>=5T;13/01/2016;Location longue durée;BT;8FBET15;;;01/01/2016;17088;;;;;;;;;;;
GT LOGISTICS.06;CONTINENTAL TLSE;497008;GTX ENGIN MAGASINAGE;CHARIOT ELEVATEUR RETRACTABLE;13/01/2016;Location longue durée;BT;RRE140;;;01/01/2016;6409389;;;;;;;;;;;
GT LOGISTICS.06;CONTINENTAL TLSE;497009;GTX ENGIN MAGASINAGE;TRANSPALETTE A CONDUCTEUR AUTOPORTE;13/02/2016;Location longue durée;BT;LPE200;;;01/01/2016;6402107;;;;;;;;;;;
GT LOGISTICS.06;CONTINENTAL TLSE;497011;GTX ENGIN MAGASINAGE;GERBEUR A CONDUCTEUR ACCOMPAGNANT;13/01/2016;Location longue durée;BT;SWE080L;;;01/01/2016;6401954;;;;;;;;;;;
GT LOGISTICS.06;CONTINENTAL TLSE;497012;GTX ENGIN MAGASINAGE;GERBEUR A CONDUCTEUR ACCOMPAGNANT;13/01/2016;Location longue durée;BT;SWE080L;;;01/01/2016;6401955;;;;;;;;;;;
GT LOGISTICS.06;CONTINENTAL TLSE;497013;GTX ENGIN MAGASINAGE;GERBEUR A CONDUCTEUR AUTOPORTE;04/03/2016;Location longue durée;BT;SPE140L;;;01/01/2016;6407511;;;;;;;;;;;
GT LOGISTICS.06;CONTINENTAL TLSE;497014;GTX ENGIN MAGASINAGE;GERBEUR A CONDUCTEUR AUTOPORTE;04/03/2016;Location longue durée;BT;SPE200;;;01/01/2016;6409356;;;;;;;;;;;
GT LOGISTICS.06;CONTINENTAL TLSE;497910;GTX ENGIN MAGASINAGE;TRANSPALETTE A CONDUCTEUR AUTOPORTE;13/02/2016;Location longue durée;BT;LPE200;;;01/01/2016;6401894;;;;;;;;;;;
GT LOGISTICS.06;POULT;406765;GTX ENGIN MAGASINAGE;CHARIOT ELEVATEUR RETRACTABLE;04/10/2016;Achat neuf;JUNGHEINRICH;ETV 214;GT LOGISTICS.06;;24/08/2016;9119962;;;;;;;;;;;
GT LOGISTICS.06;POULT;406766;GTX ENGIN MAGASINAGE;CHARIOT ELEVATEUR RETRACTABLE;04/10/2016;Achat neuf;JUNGHEINRICH;ETV 214;GT LOGISTICS.06;;24/08/2016;9119963;;;;;;;;;;;
GT LOGISTICS.06;POULT;406767;GTX ENGIN MAGASINAGE;CHARIOT ELEVATEUR RETRACTABLE;04/10/2016;Achat neuf;JUNGHEINRICH;ETV 214;GT LOGISTICS.06;;24/08/2016;9119964;;;;;;;;;;;
GT LOGISTICS.06;POULT;406768;GTX ENGIN MAGASINAGE;CHARIOT ELEVATEUR RETRACTABLE;04/10/2016;Achat neuf;JUNGHEINRICH;ETV 214;GT LOGISTICS.06;;24/08/2016;9119965;;;;;;;;;;;
GT LOGISTICS.06;POULT;406769;GTX ENGIN MAGASINAGE;CHARIOT ELEVATEUR RETRACTABLE;04/10/2016;Achat neuf;JUNGHEINRICH;ETV 214;GT LOGISTICS.06;;25/08/2016;9119966;;;;;;;;;;;
GT LOGISTICS.06;POULT;406770;GTX CHARIOT FRONTAL;CHARIOT ELEVATEUR FRONTAL =<2.5T;04/10/2016;Achat neuf;JUNGHEINRICH;EFG 216 K;GT LOGISTICS.06;;01/09/2016;FN524197;;;;;;;;;;;
GT LOGISTICS.06;POULT;406771;GTX ENGIN MAGASINAGE;TRANSPALETTE A CONDUCTEUR AUTOPORTE;04/10/2016;Achat neuf;JUNGHEINRICH;ERE 225;GT LOGISTICS.06;;30/07/2016;9815771;;;;;;;;;;;
GT LOGISTICS.06;POULT;406772;GTX ENGIN MAGASINAGE;TRANSPALETTE A CONDUCTEUR AUTOPORTE;04/10/2016;Achat neuf;JUNGHEINRICH;ERE 225;GT LOGISTICS.06;;03/09/2016;98154609;;;;;;;;;;;
GT LOGISTICS.06;POULT;406773;GTX ENGIN MAGASINAGE;TRANSPALETTE A CONDUCTEUR AUTOPORTE;04/10/2016;Achat neuf;JUNGHEINRICH;ERE 225;GT LOGISTICS.06;;03/09/2016;98151772;;;;;;;;;;;
GT LOGISTICS.06;POULT;406774;GTX ENGIN MAGASINAGE;TRANSPALETTE A CONDUCTEUR AUTOPORTE;04/10/2016;Achat neuf;JUNGHEINRICH;ERE 225;GT LOGISTICS.06;;03/09/2016;98154612;;;;;;;;;;;
GT LOGISTICS.06;POULT;406775;GTX ENGIN MAGASINAGE;GERBEUR A CONDUCTEUR AUTOPORTE;04/10/2016;Achat neuf;JUNGHEINRICH;ERC 212;GT LOGISTICS.06;;03/08/2016;90504260;;;;;;;;;;;
GT LOGISTICS.06;POULT;406776;GTX ENGIN MAGASINAGE;GERBEUR A CONDUCTEUR AUTOPORTE;04/10/2016;Achat neuf;JUNGHEINRICH;ERC 212;GT LOGISTICS.06;;03/08/2016;90504261;;;;;;;;;;;
GT LOGISTICS.06;POULT;407650;GTX ENGIN MAGASINAGE;AUTO PALET MOVER;03/11/2017;Achat neuf;JUNGHEINRICH;ERE 225 APM;GT LOGISTICS.06;;03/11/2017;91606109;;;;;;;;;;;
GT LOGISTICS.06;POULT;407651;GTX ENGIN MAGASINAGE;AUTO PALET MOVER;03/11/2017;Achat neuf;JUNGHEINRICH;ERE 225 APM;GT LOGISTICS.06;;03/11/2017;91606110;;;;;;;;;;;
GT LOGISTICS.06;PRYSMIAN;497918;GTX CHARIOT FRONTAL;CHARIOT ELEVATEUR FRONTAL 2.5T<>=5T;16/02/2018;Mise à disposition;CATERPILLAR ;GP25NTD ;;;non communiqué;CT17E-53774;Pas de convention;;;;;;;;;;
GT LOGISTICS.06;PRYSMIAN;497919;GTX CHARIOT FRONTAL;CHARIOT ELEVATEUR FRONTAL 2.5T<>=5T;16/02/2018;Mise à disposition;CATERPILLAR;GP25NTD ;;;non communiqué;CT17E-53776;Pas de convention;;;;;;;;;;
GT LOGISTICS.06;PRYSMIAN;497920;GTX CHARIOT FRONTAL;CHARIOT ELEVATEUR FRONTAL 2.5T<>=5T;16/02/2018;Mise à disposition;CATERPILLAR;GP50NTD ;;;non communiqué;CT33D-50011;Pas de convention;;;;;;;;;;
GT LOGISTICS.06;PRYSMIAN;497921;GTX CHARIOT FRONTAL;CHARIOT ELEVATEUR FRONTAL 2.5T<>=5T;16/02/2018;Mise à disposition;CATERPILLAR;GP50NTD ;;;non communiqué;CT33D-50010;Pas de convention;;;;;;;;;;
GT LOGISTICS.06;PRYSMIAN;497922;GTX CHARIOT FRONTAL;CHARIOT ELEVATEUR FRONTAL 2.5T<>=5T;16/02/2018;Mise à disposition;CATERPILLAR;KBO POR0130 ;;;non communiqué;POR309350;Pas de convention;;;;;;;;;;
GT LOGISTICS.06;PRYSMIAN;497923;GTX CHARIOT FRONTAL;CHARIOT ELEVATEUR FRONTAL 2.5T<>=5T;16/02/2018;Mise à disposition;CATERPILLAR;KBO POR0130 ;;;non communiqué;POR309351;Pas de convention;;;;;;;;;;
GT LOGISTICS.06;PRYSMIAN;497924;GTX CHARIOT FRONTAL;CHARIOT ELEVATEUR FRONTAL 2.5T<>=5T;16/02/2018;Mise à disposition;CATERPILLAR;KBO POR0264 ;;;non communiqué;POR309353;Pas de convention;;;;;;;;;;
GT LOGISTICS.06;PRYSMIAN;497925;GTX CHARIOT FRONTAL;CHARIOT ELEVATEUR FRONTAL 2.5T<>=5T;16/02/2018;Mise à disposition;CATERPILLAR;KBO PRO0264 ;;;non communiqué;POR309352;Pas de convention;;;;;;;;;;
GT LOGISTICS.07;RATIER-FIGEAC;201697;GTX REMORQUE;REMORQUE INDUSTRIELLE;17/11/1998;Achat neuf;DAUDIN;A RENSEIGNER;GT LOGISTICS;;29/06/2004;490-04-01;;;;;;;;;;;
GT LOGISTICS.07;RATIER-FIGEAC;400225;GTX CHARIOT FRONTAL;CHARIOT ELEVATEUR FRONTAL =<2.5T;01/04/2005;Achat neuf;FENWICK;E12;GT LOGISTICS;;01/04/2005;H2X324S00288;;;;;;;;;;;
GT LOGISTICS.07;RATIER-FIGEAC;400226;GTX CHARIOT FRONTAL;CHARIOT ELEVATEUR FRONTAL =<2.5T;01/04/2005;Achat neuf;FENWICK;E14;GT LOGISTICS.01;;01/04/2005;H2X335S01432;;;;;;;;;;;
GT LOGISTICS.07;RATIER-FIGEAC;400227;GTX CHARIOT FRONTAL;CHARIOT ELEVATEUR FRONTAL 2.5T<>=5T;01/04/2005;Achat neuf;FENWICK;H35;GT LOGISTICS;;01/04/2005;H2X393S00815;;;;;;;;;;;
GT LOGISTICS.07;RATIER-FIGEAC;400229;GTX ENGIN MAGASINAGE;GERBEUR A CONDUCTEUR ACCOMPAGNANT;01/04/2005;Achat neuf;FENWICK;L10;GT LOGISTICS.01;;01/04/2005;W4X379S01093;;;;;;;;;;;
GT LOGISTICS.07;RATIER-FIGEAC;400230;GTX ENGIN MAGASINAGE;GERBEUR A CONDUCTEUR ACCOMPAGNANT;01/04/2005;Achat neuf;FENWICK;L10;GT LOGISTICS.01;;01/04/2005;W4X379S01008;;;;;;;;;;;
GT LOGISTICS.07;RATIER-FIGEAC;400237;GTX CHARIOT FRONTAL;CHARIOT ELEVATEUR FRONTAL =<2.5T;14/04/2005;Achat neuf;FENWICK;H18;GT LOGISTICS;;14/04/2005;H2X350500817;;;;;;;;;;;
GT LOGISTICS.07;RATIER-FIGEAC;400248;GTX ENGIN MAGASINAGE;GERBEUR A CONDUCTEUR ACCOMPAGNANT;13/06/2005;Achat neuf;FENWICK;L12;GT LOGISTICS;;13/06/2005;W4X3379P03160;;;;;;;;;;;
GT LOGISTICS.07;RATIER-FIGEAC;400256;GTX ENGIN MAGASINAGE;GERBEUR A CONDUCTEUR ACCOMPAGNANT;27/05/2005;Achat occasion;FENWICK;L12;GT LOGISTICS.01;;27/05/2005;W4X379L04049/2000;;;;;;;;;;;
GT LOGISTICS.07;RATIER-FIGEAC;400257;GTX ENGIN MAGASINAGE;GERBEUR A CONDUCTEUR ACCOMPAGNANT;13/05/2005;Achat neuf;FENWICK;L16;GT LOGISTICS.01;;13/05/2005;W4X372S01361/2005;;;;;;;;;;;
GT LOGISTICS.07;RATIER-FIGEAC;400293;GTX CHARIOT FRONTAL;CHARIOT ELEVATEUR FRONTAL =<2.5T;12/01/2006;Achat neuf;FENWICK;E16;GT LOGISTICS (non fact);;12/01/2006;H2X335T00872;;;;;;;;;;;
GT LOGISTICS.07;RATIER-FIGEAC;405080;GTX CHARIOT FRONTAL;CHARIOT ELEVATEUR FRONTAL =<2.5T;01/11/2011;Achat neuf;STILL;RX70-20;GT LOGISTICS.01;;01/10/2011;517313B00114;;;;;;;;;;;
GT LOGISTICS.07;RATIER-FIGEAC;405081;GTX CHARIOT FRONTAL;CHARIOT ELEVATEUR FRONTAL =<2.5T;01/10/2011;Achat neuf;STILL;RX70-20;GT LOGISTICS.01;;01/10/2011;517313B00113;;;;;;;;;;;
GT LOGISTICS.07;RATIER-FIGEAC;484638;GTX CHARIOT FRONTAL;CHARIOT ELEVATEUR FRONTAL =<2.5T;18/08/2011;Achat occasion;STILL;R50;GT LOGISTICS.01;;18/08/2011;50240586;;;;;;;;;;;
GT LOGISTICS.07;RATIER-FIGEAC;485329;GTX CHARIOT FRONTAL;CHARIOT ELEVATEUR FRONTAL =<2.5T;28/02/2013;Achat occasion;STILL;A RENSEIGNER;GT LOGISTICS.01;;02/01/2008;5162110207021;;;;;;;;;;;
GT LOGISTICS.07;RATIER-FIGEAC;600063;GTX REMORQUE;REMORQUE INDUSTRIELLE;13/06/2005;Achat neuf;DAUDIN;A RENSEIGNER;GT LOGISTICS;;13/06/2005;;;;;;;;;;;;
GT LOGISTICS.07;RATIER-FIGEAC;600064;GTX REMORQUE;REMORQUE INDUSTRIELLE;13/06/2005;Achat neuf;DAUDIN;A RENSEIGNER;GT LOGISTICS;;13/06/2005;;;;;;;;;;;;
GT LOGISTICS.07;RATIER-FIGEAC;600099;GTX REMORQUE;REMORQUE INDUSTRIELLE;01/01/2010;Achat neuf;DAUDIN;A RENSEIGNER;GT LOGISTICS (non fact);;01/01/2010;;;;;;;;;;;;
GT LOGISTICS.07;RATIER-FIGEAC;600100;GTX REMORQUE;REMORQUE INDUSTRIELLE;01/01/2010;Achat neuf;DAUDIN;A RENSEIGNER;GT LOGISTICS (non fact);;01/01/2010;;;;;;;;;;;;
GT LOGISTICS.07;RATIER-FIGEAC;600107;GTX REMORQUE;REMORQUE INDUSTRIELLE;01/01/2010;Achat neuf;DAUDIN;A RENSEIGNER;GT LOGISTICS (non fact);;01/07/2010;440-10-03M;;;;;;;;;;;
GT LOGISTICS.08;PSA Vesoul Condi;497733;GTX ENGIN MAGASINAGE;CHARIOT ELEVATEUR FRONTAL =<2.5T;17/07/2017;Mise à disposition;HYSTER;J1.60;PSA Vesoul;;01/01/2002;1192;;;;;;;;;;;
GT LOGISTICS.08;PSA Vesoul Condi;497734;GTX ENGIN MAGASINAGE;CHARIOT ELEVATEUR FRONTAL =<2.5T;17/07/2017;Mise à disposition;HYSTER;J1.60;PSA Vesoul;;01/01/2002;1197;;;;;;;;;;;
GT LOGISTICS.08;PSA Vesoul Condi;497735;GTX ENGIN MAGASINAGE;CHARIOT ELEVATEUR FRONTAL =<2.5T;17/07/2017;Mise à disposition;HYSTER;J1.60;PSA Vesoul;;01/01/2002;1199;;;;;;;;;;;
GT LOGISTICS.08;PSA Vesoul Condi;497736;GTX ENGIN MAGASINAGE;CHARIOT ELEVATEUR FRONTAL =<2.5T;17/07/2017;Mise à disposition;HYSTER;J1.60;PSA Vesoul;;01/01/2002;1212;;;;;;;;;;;
GT LOGISTICS.08;PSA Vesoul Condi;497737;GTX ENGIN MAGASINAGE;CHARIOT ELEVATEUR FRONTAL =<2.5T;17/07/2017;Mise à disposition;HYSTER;J1.60;PSA Vesoul;;01/01/2003;1250;;;;;;;;;;;
GT LOGISTICS.08;PSA Vesoul Condi;497738;GTX ENGIN TRACTION;TRACTEUR INDUSTRIEL;13/12/2017;Mise à disposition;FENWICK;PALES 220;PSA Vesoul;;01/01/2007;0773;;;;;;;;;;;
GT LOGISTICS.08;PSA Vesoul Condi;497739;GTX ENGIN MAGASINAGE;CHARIOT ELEVATEUR FRONTAL =<2.5T;13/12/2017;Mise à disposition;PALES;E16C;PSA Vesoul;;01/01/1999;1090;;;;;;;;;;;
GT LOGISTICS.08;PSA Vesoul Condi;497740;GTX ENGIN MAGASINAGE;CHARIOT ELEVATEUR FRONTAL =<2.5T;13/12/2017;Mise à disposition;FENWICK;E16C;PSA Vesoul;;01/01/1999;1094;;;;;;;;;;;
GT LOGISTICS.08;PSA Vesoul Condi;497741;GTX ENGIN MAGASINAGE;CHARIOT ELEVATEUR FRONTAL =<2.5T;13/12/2017;Mise à disposition;FENWICK;E16C;PSA Vesoul;;01/01/2001;1156;;;;;;;;;;;
GT LOGISTICS.08;PSA Vesoul Condi;497742;GTX ENGIN MAGASINAGE;CHARIOT ELEVATEUR FRONTAL =<2.5T;13/12/2017;Mise à disposition;HYSTER;J1.60;PSA Vesoul;;01/01/2002;1163;;;;;;;;;;;
GT LOGISTICS.08;PSA Vesoul Condi;497743;GTX ENGIN MAGASINAGE;CHARIOT ELEVATEUR FRONTAL =<2.5T;13/12/2017;Mise à disposition;HYSTER;J1.60;PSA Vesoul;;01/01/2002;1167;;;;;;;;;;;
GT LOGISTICS.08;PSA Vesoul Condi;497744;GTX ENGIN MAGASINAGE;CHARIOT ELEVATEUR FRONTAL =<2.5T;13/12/2017;Mise à disposition;HYSTER;J1.60;PSA Vesoul;;01/01/2002;1168;;;;;;;;;;;
GT LOGISTICS.08;PSA Vesoul Condi;497745;GTX ENGIN MAGASINAGE;CHARIOT ELEVATEUR FRONTAL =<2.5T;13/12/2017;Mise à disposition;HYSTER;J1.60;PSA Vesoul;;01/01/2002;1170;;;;;;;;;;;
GT LOGISTICS.08;PSA Vesoul Condi;497746;GTX ENGIN MAGASINAGE;CHARIOT ELEVATEUR FRONTAL =<2.5T;13/12/2017;Mise à disposition;FENWICK;HD16;PSA Vesoul;;01/01/2002;1185;;;;;;;;;;;
GT LOGISTICS.08;PSA Vesoul Condi;497747;GTX ENGIN MAGASINAGE;CHARIOT ELEVATEUR FRONTAL =<2.5T;13/12/2017;Mise à disposition;CATERPILLAR;EP16KT;PSA Vesoul;;01/01/2002;1206;;;;;;;;;;;
GT LOGISTICS.08;PSA Vesoul Condi;497748;GTX ENGIN MAGASINAGE;CHARIOT ELEVATEUR FRONTAL =<2.5T;13/12/2017;Mise à disposition;HYSTER;J1.60;PSA Vesoul;;01/01/2003;1222;;;;;;;;;;;
GT LOGISTICS.08;PSA Vesoul Condi;497749;GTX ENGIN MAGASINAGE;CHARIOT ELEVATEUR FRONTAL =<2.5T;13/12/2017;Mise à disposition;HYSTER;J1.60;PSA Vesoul;;01/01/2003;1243;;;;;;;;;;;
GT LOGISTICS.08;PSA Vesoul Condi;497750;GTX ENGIN MAGASINAGE;CHARIOT ELEVATEUR FRONTAL =<2.5T;13/12/2017;Mise à disposition;CATERPILLAR;EP16KT;PSA Vesoul;;01/01/2003;1257;;;;;;;;;;;
GT LOGISTICS.08;PSA Vesoul Condi;497751;GTX ENGIN MAGASINAGE;CHARIOT ELEVATEUR FRONTAL =<2.5T;13/12/2017;Mise à disposition;CATERPILLAR;EP16KT;PSA Vesoul;;01/01/2007;1295;;;;;;;;;;;
GT LOGISTICS.08;PSA Vesoul Condi;497752;GTX ENGIN MAGASINAGE;CHARIOT ELEVATEUR FRONTAL =<2.5T;13/12/2017;Mise à disposition;CATERPILLAR;EP16KT;PSA Vesoul;;01/01/2008;1307;;;;;;;;;;;
GT LOGISTICS.08;PSA Vesoul Condi;497753;GTX ENGIN MAGASINAGE;CHARIOT ELEVATEUR FRONTAL =<2.5T;13/12/2017;Mise à disposition;CATERPILLAR;EP16KT;PSA Vesoul;;01/01/2003;1329;;;;;;;;;;;
GT LOGISTICS.08;PSA Vesoul Condi;497754;GTX ENGIN MAGASINAGE;CHARIOT ELEVATEUR FRONTAL =<2.5T;13/12/2017;Mise à disposition;CATERPILLAR;EP16KT;PSA Vesoul;;01/01/2004;1334;;;;;;;;;;;
GT LOGISTICS.08;PSA Vesoul Condi;497755;GTX ENGIN MAGASINAGE;CHARIOT ELEVATEUR FRONTAL =<2.5T;13/12/2017;Mise à disposition;FENWICK;E16C;PSA Vesoul;;01/01/2013;L1015;;;;;;;;;;;
GT LOGISTICS.08;PSA Vesoul Condi;497756;GTX ENGIN MAGASINAGE;CHARIOT ELEVATEUR FRONTAL =<2.5T;13/12/2017;Mise à disposition;FENWICK;E16C;PSA Vesoul;;01/01/2013;L1020;;;;;;;;;;;
GT LOGISTICS.08;PSA Vesoul Condi;497757;GTX ENGIN MAGASINAGE;CHARIOT ELEVATEUR FRONTAL =<2.5T;13/12/2017;Mise à disposition;FENWICK;E16C;PSA Vesoul;;01/01/2013;L1030;;;;;;;;;;;
GT LOGISTICS.08;PSA Vesoul Condi;497758;GTX ENGIN MAGASINAGE;CHARIOT ELEVATEUR FRONTAL =<2.5T;13/12/2017;Mise à disposition;FENWICK;E16C;PSA Vesoul;;01/01/2013;L1033;;;;;;;;;;;
GT LOGISTICS.08;PSA Vesoul Condi;497759;GTX ENGIN MAGASINAGE;CHARIOT ELEVATEUR FRONTAL =<2.5T;13/12/2017;Mise à disposition;FENWICK;E16C;PSA Vesoul;;01/01/2013;L1133;;;;;;;;;;;
GT LOGISTICS.08;PSA Vesoul Condi;497760;GTX ENGIN MAGASINAGE;CHARIOT ELEVATEUR FRONTAL =<2.5T;13/12/2017;Mise à disposition;CATERPILLAR;EP16KT;PSA Vesoul;;01/01/2004;1264;;;;;;;;;;;
GT LOGISTICS.08;PSA Vesoul Condi;497760;GTX ENGIN MAGASINAGE;CHARIOT ELEVATEUR FRONTAL =<2.5T;13/12/2017;Mise à disposition;FENWICK;E16C;PSA Vesoul;;01/01/2013;L1134;;;;;;;;;;;
GT LOGISTICS.08;PSA Vesoul Condi;497761;GTX ENGIN MAGASINAGE;CHARIOT ELEVATEUR FRONTAL =<2.5T;13/12/2017;Mise à disposition;FENWICK;E16C;PSA Vesoul;;01/01/2013;L1138;;;;;;;;;;;
GT LOGISTICS.08;PSA Vesoul Condi;497762;GTX ENGIN MAGASINAGE;GERBEUR A CONDUCTEUR AUTOPORTE;13/12/2017;Mise à disposition;FENWICK;L12;PSA Vesoul;;01/01/2004;G02;;;;;;;;;;;
GT LOGISTICS.08;PSA Vesoul Condi;497763;GTX ENGIN MAGASINAGE;GERBEUR A CONDUCTEUR AUTOPORTE;13/12/2017;Mise à disposition;FENWICK;L12;PSA Vesoul;;01/01/2004;G03;;;;;;;;;;;
GT LOGISTICS.08;PSA Vesoul Condi;497764;GTX ENGIN MAGASINAGE;GERBEUR A CONDUCTEUR AUTOPORTE;13/12/2017;Mise à disposition;FENWICK;L12;PSA Vesoul;;01/01/2005;G05;;;;;;;;;;;
GT LOGISTICS.08;PSA Vesoul Condi;497765;GTX ENGIN MAGASINAGE;GERBEUR A CONDUCTEUR AUTOPORTE;13/12/2017;Mise à disposition;FENWICK;L12;PSA Vesoul;;01/01/2005;G06;;;;;;;;;;;
GT LOGISTICS.08;PSA Vesoul Condi;497766;GTX ENGIN MAGASINAGE;GERBEUR A CONDUCTEUR AUTOPORTE;13/12/2017;Mise à disposition;FENWICK;L12;PSA Vesoul;;01/01/2005;G07;;;;;;;;;;;
GT LOGISTICS.08;PSA Vesoul Condi;497767;GTX ENGIN MAGASINAGE;GERBEUR A CONDUCTEUR ACCOMPAGNANT;13/12/2017;Mise à disposition;JUNGHEINRICH;EJC112;PSA Vesoul;;01/01/2009;G26;;;;;;;;;;;
GT LOGISTICS.08;PSA Vesoul Condi;497768;GTX ENGIN MAGASINAGE;GERBEUR A CONDUCTEUR ACCOMPAGNANT;13/12/2017;Mise à disposition;JUNGHEINRICH;EJC112;PSA Vesoul;;01/01/2009;G28;;;;;;;;;;;
GT LOGISTICS.08;PSA Vesoul Condi;497769;GTX ENGIN MAGASINAGE;GERBEUR A CONDUCTEUR ACCOMPAGNANT;13/12/2017;Mise à disposition;JUNGHEINRICH;EJC112;PSA Vesoul;;01/01/2009;G29;;;;;;;;;;;
GT LOGISTICS.08;PSA Vesoul Condi;497770;GTX ENGIN MAGASINAGE;GERBEUR A CONDUCTEUR ACCOMPAGNANT;13/12/2017;Mise à disposition;BT;PPS1200;PSA Vesoul;;01/01/1998;G32;;;;;;;;;;;
GT LOGISTICS.08;PSA Vesoul Condi;497771;GTX ENGIN MAGASINAGE;GERBEUR A CONDUCTEUR ACCOMPAGNANT;13/12/2017;Mise à disposition;JUNGHEINRICH;EJC110;PSA Vesoul;;01/01/2008;G43;;;;;;;;;;;
GT LOGISTICS.08;PSA Vesoul Condi;497772;GTX ENGIN MAGASINAGE;GERBEUR A CONDUCTEUR ACCOMPAGNANT;13/12/2017;Mise à disposition;JUNGHEINRICH;EJC110;PSA Vesoul;;01/01/2008;G49;;;;;;;;;;;
GT LOGISTICS.08;PSA Vesoul Condi;497773;GTX ENGIN MAGASINAGE;GERBEUR A CONDUCTEUR ACCOMPAGNANT;13/12/2017;Mise à disposition;JUNGHEINRICH;EJC110;PSA Vesoul;;01/01/2008;G50;;;;;;;;;;;
GT LOGISTICS.08;PSA Vesoul Condi;497774;GTX ENGIN MAGASINAGE;GERBEUR A CONDUCTEUR ACCOMPAGNANT;13/12/2017;Mise à disposition;JUNGHEINRICH;EJC110;PSA Vesoul;;01/01/2008;G51;;;;;;;;;;;
GT LOGISTICS.08;PSA Vesoul Condi;497775;GTX REMORQUE;REMORQUE INDUSTRIELLE <3T5;13/12/2017;Mise à disposition;LIGIER;;PSA Vesoul;;01/01/2003;617;;;;;;;;;;;
GT LOGISTICS.08;PSA Vesoul Condi;497776;GTX REMORQUE;REMORQUE INDUSTRIELLE <3T5;13/12/2017;Mise à disposition;LIGIER;;PSA Vesoul;;01/01/2003;618;;;;;;;;;;;
GT LOGISTICS.08;PSA Vesoul Condi;497777;GTX REMORQUE;REMORQUE INDUSTRIELLE <3T5;13/12/2017;Mise à disposition;LIGIER;;PSA Vesoul;;01/01/2003;619;;;;;;;;;;;
GT LOGISTICS.08;PSA Vesoul Condi;497778;GTX REMORQUE;REMORQUE INDUSTRIELLE <3T5;13/12/2017;Mise à disposition;LIGIER;;PSA Vesoul;;01/01/2005;638;;;;;;;;;;;
GT LOGISTICS.08;PSA Vesoul Condi;497779;GTX REMORQUE;REMORQUE INDUSTRIELLE <3T5;13/12/2017;Mise à disposition;LIGIER;;PSA Vesoul;;01/01/2005;639;;;;;;;;;;;
GT LOGISTICS.08;PSA Vesoul Condi;497780;GTX REMORQUE;REMORQUE INDUSTRIELLE <3T5;13/12/2017;Mise à disposition;LIGIER;;PSA Vesoul;;01/01/2005;640;;;;;;;;;;;
GT LOGISTICS.08;PSA Vesoul Condi;497781;GTX REMORQUE;REMORQUE INDUSTRIELLE <3T5;13/12/2017;Mise à disposition;MASSON;;PSA Vesoul;;01/01/2008;656;;;;;;;;;;;
GT LOGISTICS.08;PSA Vesoul Condi;497782;GTX REMORQUE;REMORQUE INDUSTRIELLE <3T5;13/12/2017;Mise à disposition;MASSON;;PSA Vesoul;;01/01/2008;657;;;;;;;;;;;
GT LOGISTICS.08;PSA Vesoul Condi;497783;GTX REMORQUE;REMORQUE INDUSTRIELLE <3T5;13/12/2017;Mise à disposition;MASSON;;PSA Vesoul;;01/01/2008;658;;;;;;;;;;;
GT LOGISTICS.08;PSA Vesoul pneu;497784;GTX ENGIN MAGASINAGE;CHARIOT ELEVATEUR FRONTAL =<2.5T;12/12/2017;Mise à disposition;FENWICK;E16;PSA Vesoul;;01/01/2017;L1153;;;;;;;;;;;
GT LOGISTICS.08;PSA Vesoul pneu;497785;GTX ENGIN MAGASINAGE;CHARIOT ELEVATEUR FRONTAL =<2.5T;12/12/2017;Mise à disposition;FENWICK;E16;PSA Vesoul;;01/01/2017;L1155;;;;;;;;;;;
GT LOGISTICS.08;PSA Vesoul pneu;497786;GTX ENGIN MAGASINAGE;CHARIOT ELEVATEUR FRONTAL =<2.5T;12/12/2017;Mise à disposition;FENWICK;H16;PSA Vesoul;;01/01/2017;L0026;;;;;;;;;;;
GT LOGISTICS.08;PSA Vesoul pneu;497787;GTX CHARIOT FRONTAL;CHARIOT ELEVATEUR FRONTAL 9T<>=16T;12/12/2017;Mise à disposition;FENWICK;P250;PSA Vesoul;;01/01/2017;L8012;;;;;;;;;;;
GT LOGISTICS.08;PSA Vesoul pneu;497788;GTX ENGIN MAGASINAGE;CHARIOT ELEVATEUR FRONTAL =<2.5T;12/12/2017;Mise à disposition;FENWICK;E16;PSA Vesoul;;01/01/2017;20849;;;;;;;;;;;
GT LOGISTICS.08;PSA Vesoul pneu;497789;GTX ENGIN MAGASINAGE;CHARIOT ELEVATEUR FRONTAL =<2.5T;12/12/2017;Mise à disposition;FENWICK;E16;PSA Vesoul;;01/01/2017;18327;;;;;;;;;;;
