﻿Filiale;site;n° parc GT;Categorie vehicule;Souscategorie vehicule;Poids;Date mise en service;Mode acquisition;Marque;Modele;Fournisseur;Immatriculation;Date 1ere immatriculation;Num serie;Commentaires;Ptac;Ptr;Puissance fiscale;Genre;;;;;;
GT LOGISTICS.03;CEA GRENOBLE;306647;CAMION ET CAMIONNETTE;PORTEUR FOURGON;;09/06/2016;Achat neuf;RENAULT;;GT LOGISTICS.03;EC198QD;09/06/2016;;Flotte ASS PL;16;19,5;14;CAM;;;;;;
GT LOGISTICS.03;CEA GRENOBLE;306648;CAMION ET CAMIONNETTE;VEHICULE UTILITAIRE;;08/04/2016;Achat neuf;PEUGEOT;;GT LOGISTICS.03;EA751ZC;08/04/2016;;Flotte ASS PL;1,99;3,14;5;CTTE;;;;;;
GT LOGISTICS.03;CEA GRENOBLE;306649;CAMION ET CAMIONNETTE;VEHICULE UTILITAIRE;;12/05/2016;Achat neuf;PEUGEOT;;GT LOGISTICS.03;EC029CM;12/05/2016;;Flotte ASS PL;3;5,5;7;CTTE;;;;;;
GT LOGISTICS.03;CEA GRENOBLE;306650;CAMION ET CAMIONNETTE;VEHICULE UTILITAIRE;;21/11/2016;Achat occasion;PEUGEOT;;GT LOGISTICS.03;EG217WP;21/11/2016;;Flotte ASS PL;3,5;6,5;7;CTTE;;;;;;
GT LOGISTICS.01;GT Santé;307245;CAMION ET CAMIONNETTE;VEHICULE UTILITAIRE;;21/06/2017;Achat neuf;PEUGEOT;;GT LOGISTICS.01;EN533LB;21/06/2017;;Flotte ASS PL;1,96;2,91;5;CTTE;;;;;;
GT LOGISTICS.01;GT Santé;307614;CAMION ET CAMIONNETTE;VEHICULE UTILITAIRE;;15/12/2017;Achat neuf;PEUGEOT;;GT LOGISTICS.01;ES095TD;15/12/2017;;Flotte ASS PL;1,96;2,91;5;CTTE;;;;;;
GT LOGISTICS.01;CEA Saclay;307934;CAMION ET CAMIONNETTE;VEHICULE UTILITAIRE;;28/09/2018;Achat neuf;PEUGEOT;Partner;;FA249HJ;12/09/2018;;Flotte VéH. Sce;1,96;2,91;5;CTTE;;;;;;
GT LOGISTICS.01;CEA Saclay;307935;CAMION ET CAMIONNETTE;VEHICULE UTILITAIRE;;28/09/2018;Achat neuf;PEUGEOT;Partner;;FA265HJ;12/09/2018;;Flotte VéH. Sce;1,96;2,91;5;CTTE;;;;;;
GT LOGISTICS.03;CEA GRENOBLE;396652;CAMION ET CAMIONNETTE;VEHICULE UTILITAIRE;;14/04/2016;Achat neuf;PEUGEOT;;CREDIPAR;EB013HQ;14/04/2016;;Flotte ASS PL;2,25;;6;CTTE;;;;;;
GT LOGISTICS.03;CEA GRENOBLE;396653;CAMION ET CAMIONNETTE;VEHICULE UTILITAIRE;;14/04/2016;Achat neuf;PEUGEOT;;GT LOGISTICS.03;EB971HP;14/04/2016;;Flotte ASS PL;2,25;;6;CTTE;;;;;;
GT LOGISTICS.03;EINEA;407799;ENGIN MAGASINAGE;TRANSPALETTE A CONDUCTEUR AUTOPORTE;;12/03/2018;Achat neuf;TOYOTA;LWE180;;;01/01/2018;6566220;;;;;;;;;;;
GT LOGISTICS.03;EINEA;407800;ENGIN MAGASINAGE;TRANSPALETTE A CONDUCTEUR AUTOPORTE;;12/03/2018;Achat neuf;TOYOTA;LWE180;;;01/01/2018;6566221;;;;;;;;;;;
GT LOGISTICS.03;EINEA;407801;ENGIN MAGASINAGE;TRANSPALETTE A CONDUCTEUR AUTOPORTE;;12/03/2018;Achat neuf;TOYOTA;LWE180;;;01/01/2018;6566222;;;;;;;;;;;
GT LOGISTICS.03;EINEA;407802;ENGIN MAGASINAGE;TRANSPALETTE A CONDUCTEUR AUTOPORTE;;12/03/2018;Achat neuf;TOYOTA;LWE180;;;01/01/2018;6565852;;;;;;;;;;;
GT LOGISTICS.04;RTA Dunkerque;407897;CHARIOT FRONTAL;CHARIOT ELEVATEUR <2.5T;;23/04/2018;Achat occasion;CATERPILLAR;DP25N;CAPM;;01/01/2008;ET18C53369;;;;;;;;;;;
GT LOGISTICS.06;CONTINENTAL TOULOUSE;487664;ENGIN MAGASINAGE;CHARIOT RETRACTABLE;;01/06/2016;Achat occasion;BT;RRE160;;;01/01/2014;6201448;;;;;;;;;;;
GT LOGISTICS.06;CONTINENTAL TOULOUSE;487665;ENGIN MAGASINAGE;GERBEUR A CONDUCTEUR ACCOMPAGNANT;;01/06/2016;Achat occasion;BT;SWE080L;;;01/01/2014;6209804;;;;;;;;;;;
GT LOGISTICS.06;CONTINENTAL TOULOUSE;487666;ENGIN MAGASINAGE;GERBEUR A CONDUCTEUR ACCOMPAGNANT;;01/06/2016;Achat occasion;BT;SWE080L;;;01/01/2014;6209613;;;;;;;;;;;
GT LOGISTICS.06;CONTINENTAL TOULOUSE;487667;ENGIN MAGASINAGE;GERBEUR A CONDUCTEUR AUTOPORTE;;01/06/2016;Achat occasion;BT;SWE120;;;01/01/2014;6517153;;;;;;;;;;;
GT LOGISTICS.06;CONTINENTAL TOULOUSE;487668;ENGIN MAGASINAGE;GERBEUR A CONDUCTEUR AUTOPORTE;;01/06/2016;Achat occasion;BT;SWE120;;;01/01/2014;6517879;;;;;;;;;;;
GT LOGISTICS.04;RTA Dunkerque;487693;CHARIOT FRONTAL;CHARIOT ELEVATEUR 5T<à<=9T;;01/01/2017;Achat occasion;YALE;GDP50VX;VIVIER;;01/01/2017;f813b01538d;;;;;;;;;;;
GT LOGISTICS.03;EINEA;487721;ENGIN MAGASINAGE;TRANSPALETTE A CONDUCTEUR AUTOPORTE;;01/08/2017;Achat occasion;FENWICK;T18;;;01/01/2004;a renseigner;;;;;;;;;;;
GT LOGISTICS.03;EINEA;487722;ENGIN MAGASINAGE;TRANSPALETTE A CONDUCTEUR AUTOPORTE;;01/08/2017;Achat occasion;JUNGHEINRICH;A RENSEIGNER;;;01/01/2004;82127634;;;;;;;;;;;
GT LOGISTICS.03;EINEA;487723;ENGIN MAGASINAGE;GERBEUR A CONDUCTEUR AUTOPORTE;;01/08/2017;Achat occasion;JUNGHEINRICH;EJC14;;;01/01/2004;90029597;;;;;;;;;;;
GT LOGISTICS.03;EINEA;487724;ENGIN MAGASINAGE;TRANSPALETTE A CONDUCTEUR AUTOPORTE;;01/08/2017;Achat occasion;CROW;WP2320;;;01/01/2004;5A331803;;;;;;;;;;;
GT LOGISTICS.03;EINEA;487725;ENGIN MAGASINAGE;PREPARATEUR DE COMMANDE;;01/08/2017;Achat occasion;FENWICK;V08-02;;;01/01/2004;a renseigner;;;;;;;;;;;
GT LOGISTICS.03;EINEA;487726;ENGIN MAGASINAGE;TRANSPALETTE A CONDUCTEUR AUTOPORTE;;01/08/2017;Achat occasion;CROW;WP2320;;;01/01/2004;5A331804;;;;;;;;;;;
GT LOGISTICS.03;EINEA;487727;ENGIN MAGASINAGE;TRANSPALETTE A CONDUCTEUR AUTOPORTE;;01/08/2017;Achat occasion;JUNGHEINRICH;ELE20;;;01/01/2004;90018757;;;;;;;;;;;
GT LOGISTICS.03;EINEA;487728;ENGIN MAGASINAGE;TRANSPALETTE A CONDUCTEUR AUTOPORTE;;01/08/2017;Achat occasion;FENWICK;T18;;;01/01/2004;WAX360RO7935;;;;;;;;;;;
GT LOGISTICS.03;EINEA;487729;ENGIN MAGASINAGE;TRANSPALETTE A CONDUCTEUR AUTOPORTE;;01/08/2017;Achat occasion;JUNGHEINRICH;ELE20;;;01/01/2004;82294629;;;;;;;;;;;
GT LOGISTICS.03;EINEA;487730;ENGIN MAGASINAGE;TRANSPALETTE A CONDUCTEUR AUTOPORTE;;01/08/2017;Achat occasion;JUNGHEINRICH;EJE118;;;01/01/2004;90278750;;;;;;;;;;;
GT LOGISTICS.03;IMECA;497717;CHARIOT FRONTAL;CHARIOT ELEVATEUR <2.5T;2,5;01/12/2017;Mise à disposition;STILL;R20-20;IMECA;;01/01/2011;516215B00862;;;;;;;;;;;
GT LOGISTICS.03;IMECA;497718;CHARIOT FRONTAL;CHARIOT ELEVATEUR <2.5T;2,5;01/12/2017;Mise à disposition;STILL;R20-20;IMECA;;01/01/2011;516215B00880;;;;;;;;;;;
GT LOGISTICS.03;IMECA;497719;ENGIN MAGASINAGE;GERBEUR A CONDUCTEUR AUTOPORTE;;01/12/2017;Mise à disposition;FENWICK;L10;IMECA;;01/01/1997;379H04338910;;;;;;;;;;;
GT LOGISTICS.03;IMECA;497720;CHARIOT FRONTAL;CHARIOT ELEVATEUR 2.5T<à<5T;;01/12/2017;Mise à disposition;CATERPILLAR;M120D;IMECA;;01/01/1991;4AJ00092;;;;;;;;;;;
GT LOGISTICS.04;RTA Dunkerque;497731;ENGIN BTP;CHARGEUSE;;01/01/2017;Location longue durée;CATERPILLAR;906M;JEAN BART LOCATION;;01/01/2017;CAT0906MVZ6600449;;;;;;;;;;;
GT LOGISTICS.04;RTA Dunkerque;497732;ENGIN MAGASINAGE;CHARIOT NACELLE;;01/01/2017;Location longue durée;MANITOU;M625;JEAN BART LOCATION;;01/01/2017;944734;;;;;;;;;;;
GT LOGISTICS.08;PSA Vesoul Condi;497733;CHARIOT FRONTAL;CHARIOT ELEVATEUR <2.5T;;17/07/2017;Mise à disposition;HYSTER;J1.60;PSA Vesoul;;01/01/2002;1192;;;;;;;;;;;
GT LOGISTICS.08;PSA Vesoul Condi;497734;CHARIOT FRONTAL;CHARIOT ELEVATEUR <2.5T;;17/07/2017;Mise à disposition;HYSTER;J1.60;PSA Vesoul;;01/01/2002;1197;;;;;;;;;;;
GT LOGISTICS.08;PSA Vesoul Condi;497735;CHARIOT FRONTAL;CHARIOT ELEVATEUR <2.5T;;17/07/2017;Mise à disposition;HYSTER;J1.60;PSA Vesoul;;01/01/2002;1199;;;;;;;;;;;
GT LOGISTICS.08;PSA Vesoul Condi;497736;CHARIOT FRONTAL;CHARIOT ELEVATEUR <2.5T;;17/07/2017;Mise à disposition;HYSTER;J1.60;PSA Vesoul;;01/01/2002;1212;;;;;;;;;;;
GT LOGISTICS.08;PSA Vesoul Condi;497737;CHARIOT FRONTAL;CHARIOT ELEVATEUR <2.5T;;17/07/2017;Mise à disposition;HYSTER;J1.60;PSA Vesoul;;01/01/2003;1250;;;;;;;;;;;
GT LOGISTICS.08;PSA Vesoul Condi;497738;ENGIN TRACTION;TRACTEUR INDUSTRIEL;;13/12/2017;Mise à disposition;FENWICK;PALES 220;PSA Vesoul;;01/01/2007;0773;;;;;;;;;;;
GT LOGISTICS.08;PSA Vesoul Condi;497739;CHARIOT FRONTAL;CHARIOT ELEVATEUR <2.5T;;13/12/2017;Mise à disposition;PALES;E16C;PSA Vesoul;;01/01/1999;1090;;;;;;;;;;;
GT LOGISTICS.08;PSA Vesoul Condi;497740;CHARIOT FRONTAL;CHARIOT ELEVATEUR <2.5T;;13/12/2017;Mise à disposition;FENWICK;E16C;PSA Vesoul;;01/01/1999;1094;;;;;;;;;;;
GT LOGISTICS.08;PSA Vesoul Condi;497741;CHARIOT FRONTAL;CHARIOT ELEVATEUR <2.5T;;13/12/2017;Mise à disposition;FENWICK;E16C;PSA Vesoul;;01/01/2001;1156;;;;;;;;;;;
GT LOGISTICS.08;PSA Vesoul Condi;497742;CHARIOT FRONTAL;CHARIOT ELEVATEUR <2.5T;;13/12/2017;Mise à disposition;HYSTER;J1.60;PSA Vesoul;;01/01/2002;1163;;;;;;;;;;;
GT LOGISTICS.08;PSA Vesoul Condi;497743;CHARIOT FRONTAL;CHARIOT ELEVATEUR <2.5T;;13/12/2017;Mise à disposition;HYSTER;J1.60;PSA Vesoul;;01/01/2002;1167;;;;;;;;;;;
GT LOGISTICS.08;PSA Vesoul Condi;497744;CHARIOT FRONTAL;CHARIOT ELEVATEUR <2.5T;;13/12/2017;Mise à disposition;HYSTER;J1.60;PSA Vesoul;;01/01/2002;1168;;;;;;;;;;;
GT LOGISTICS.08;PSA Vesoul Condi;497745;CHARIOT FRONTAL;CHARIOT ELEVATEUR <2.5T;;13/12/2017;Mise à disposition;HYSTER;J1.60;PSA Vesoul;;01/01/2002;1170;;;;;;;;;;;
GT LOGISTICS.08;PSA Vesoul Condi;497746;CHARIOT FRONTAL;CHARIOT ELEVATEUR <2.5T;;13/12/2017;Mise à disposition;FENWICK;HD16;PSA Vesoul;;01/01/2002;1185;;;;;;;;;;;
GT LOGISTICS.08;PSA Vesoul Condi;497747;CHARIOT FRONTAL;CHARIOT ELEVATEUR <2.5T;;13/12/2017;Mise à disposition;CATERPILLAR;EP16KT;PSA Vesoul;;01/01/2002;1206;;;;;;;;;;;
GT LOGISTICS.08;PSA Vesoul Condi;497748;CHARIOT FRONTAL;CHARIOT ELEVATEUR <2.5T;;13/12/2017;Mise à disposition;HYSTER;J1.60;PSA Vesoul;;01/01/2003;1222;;;;;;;;;;;
GT LOGISTICS.08;PSA Vesoul Condi;497749;CHARIOT FRONTAL;CHARIOT ELEVATEUR <2.5T;;13/12/2017;Mise à disposition;HYSTER;J1.60;PSA Vesoul;;01/01/2003;1243;;;;;;;;;;;
GT LOGISTICS.08;PSA Vesoul Condi;497750;CHARIOT FRONTAL;CHARIOT ELEVATEUR <2.5T;;13/12/2017;Mise à disposition;CATERPILLAR;EP16KT;PSA Vesoul;;01/01/2003;1257;;;;;;;;;;;
GT LOGISTICS.08;PSA Vesoul Condi;497751;CHARIOT FRONTAL;CHARIOT ELEVATEUR <2.5T;;13/12/2017;Mise à disposition;CATERPILLAR;EP16KT;PSA Vesoul;;01/01/2007;1295;;;;;;;;;;;
GT LOGISTICS.08;PSA Vesoul Condi;497752;CHARIOT FRONTAL;CHARIOT ELEVATEUR <2.5T;;13/12/2017;Mise à disposition;CATERPILLAR;EP16KT;PSA Vesoul;;01/01/2008;1307;;;;;;;;;;;
GT LOGISTICS.08;PSA Vesoul Condi;497753;CHARIOT FRONTAL;CHARIOT ELEVATEUR <2.5T;;13/12/2017;Mise à disposition;CATERPILLAR;EP16KT;PSA Vesoul;;01/01/2003;1329;;;;;;;;;;;
GT LOGISTICS.08;PSA Vesoul Condi;497754;CHARIOT FRONTAL;CHARIOT ELEVATEUR <2.5T;;13/12/2017;Mise à disposition;CATERPILLAR;EP16KT;PSA Vesoul;;01/01/2004;1334;;;;;;;;;;;
GT LOGISTICS.08;PSA Vesoul Condi;497755;CHARIOT FRONTAL;CHARIOT ELEVATEUR <2.5T;;13/12/2017;Mise à disposition;FENWICK;E16C;PSA Vesoul;;01/01/2013;L1015;;;;;;;;;;;
GT LOGISTICS.08;PSA Vesoul Condi;497756;CHARIOT FRONTAL;CHARIOT ELEVATEUR <2.5T;;13/12/2017;Mise à disposition;FENWICK;E16C;PSA Vesoul;;01/01/2013;L1020;;;;;;;;;;;
GT LOGISTICS.08;PSA Vesoul Condi;497757;CHARIOT FRONTAL;CHARIOT ELEVATEUR <2.5T;;13/12/2017;Mise à disposition;FENWICK;E16C;PSA Vesoul;;01/01/2013;L1030;;;;;;;;;;;
GT LOGISTICS.08;PSA Vesoul Condi;497758;CHARIOT FRONTAL;CHARIOT ELEVATEUR <2.5T;;13/12/2017;Mise à disposition;FENWICK;E16C;PSA Vesoul;;01/01/2013;L1033;;;;;;;;;;;
GT LOGISTICS.08;PSA Vesoul Condi;497759;CHARIOT FRONTAL;CHARIOT ELEVATEUR <2.5T;;13/12/2017;Mise à disposition;FENWICK;E16C;PSA Vesoul;;01/01/2013;L1133;;;;;;;;;;;
GT LOGISTICS.08;PSA Vesoul Condi;497760;CHARIOT FRONTAL;CHARIOT ELEVATEUR <2.5T;;13/12/2017;Mise à disposition;CATERPILLAR;EP16KT;PSA Vesoul;;01/01/2004;1264;;;;;;;;;;;
GT LOGISTICS.08;PSA Vesoul Condi;497761;CHARIOT FRONTAL;CHARIOT ELEVATEUR <2.5T;;13/12/2017;Mise à disposition;FENWICK;E16C;PSA Vesoul;;01/01/2013;L1138;;;;;;;;;;;
GT LOGISTICS.08;PSA Vesoul Condi;497762;ENGIN MAGASINAGE;GERBEUR A CONDUCTEUR AUTOPORTE;;13/12/2017;Mise à disposition;FENWICK;L12;PSA Vesoul;;01/01/2004;G02;;;;;;;;;;;
GT LOGISTICS.08;PSA Vesoul Condi;497763;ENGIN MAGASINAGE;GERBEUR A CONDUCTEUR AUTOPORTE;;13/12/2017;Mise à disposition;FENWICK;L12;PSA Vesoul;;01/01/2004;G03;;;;;;;;;;;
GT LOGISTICS.08;PSA Vesoul Condi;497764;ENGIN MAGASINAGE;GERBEUR A CONDUCTEUR AUTOPORTE;;13/12/2017;Mise à disposition;FENWICK;L12;PSA Vesoul;;01/01/2005;G05;;;;;;;;;;;
GT LOGISTICS.08;PSA Vesoul Condi;497765;ENGIN MAGASINAGE;GERBEUR A CONDUCTEUR AUTOPORTE;;13/12/2017;Mise à disposition;FENWICK;L12;PSA Vesoul;;01/01/2005;G06;;;;;;;;;;;
GT LOGISTICS.08;PSA Vesoul Condi;497766;ENGIN MAGASINAGE;GERBEUR A CONDUCTEUR AUTOPORTE;;13/12/2017;Mise à disposition;FENWICK;L12;PSA Vesoul;;01/01/2005;G07;;;;;;;;;;;
GT LOGISTICS.08;PSA Vesoul Condi;497767;ENGIN MAGASINAGE;GERBEUR A CONDUCTEUR ACCOMPAGNANT;;13/12/2017;Mise à disposition;JUNGHEINRICH;EJC112;PSA Vesoul;;01/01/2009;G26;;;;;;;;;;;
GT LOGISTICS.08;PSA Vesoul Condi;497768;ENGIN MAGASINAGE;GERBEUR A CONDUCTEUR ACCOMPAGNANT;;13/12/2017;Mise à disposition;JUNGHEINRICH;EJC112;PSA Vesoul;;01/01/2009;G28;;;;;;;;;;;
GT LOGISTICS.08;PSA Vesoul Condi;497769;ENGIN MAGASINAGE;GERBEUR A CONDUCTEUR ACCOMPAGNANT;;13/12/2017;Mise à disposition;JUNGHEINRICH;EJC112;PSA Vesoul;;01/01/2009;G29;;;;;;;;;;;
GT LOGISTICS.08;PSA Vesoul Condi;497770;ENGIN MAGASINAGE;GERBEUR A CONDUCTEUR ACCOMPAGNANT;;13/12/2017;Mise à disposition;BT;PPS1200;PSA Vesoul;;01/01/1998;G32;;;;;;;;;;;
GT LOGISTICS.08;PSA Vesoul Condi;497771;ENGIN MAGASINAGE;GERBEUR A CONDUCTEUR ACCOMPAGNANT;;13/12/2017;Mise à disposition;JUNGHEINRICH;EJC110;PSA Vesoul;;01/01/2008;G43;;;;;;;;;;;
GT LOGISTICS.08;PSA Vesoul Condi;497772;ENGIN MAGASINAGE;GERBEUR A CONDUCTEUR ACCOMPAGNANT;;13/12/2017;Mise à disposition;JUNGHEINRICH;EJC110;PSA Vesoul;;01/01/2008;G49;;;;;;;;;;;
GT LOGISTICS.08;PSA Vesoul Condi;497773;ENGIN MAGASINAGE;GERBEUR A CONDUCTEUR ACCOMPAGNANT;;13/12/2017;Mise à disposition;JUNGHEINRICH;EJC110;PSA Vesoul;;01/01/2008;G50;;;;;;;;;;;
GT LOGISTICS.08;PSA Vesoul Condi;497774;ENGIN MAGASINAGE;GERBEUR A CONDUCTEUR ACCOMPAGNANT;;13/12/2017;Mise à disposition;JUNGHEINRICH;EJC110;PSA Vesoul;;01/01/2008;G51;;;;;;;;;;;
GT LOGISTICS.08;PSA Vesoul Condi;497775;REMORQUE;REMORQUE INDUSTRIELLE;;13/12/2017;Mise à disposition;LIGIER;;PSA Vesoul;;01/01/2003;617;;;;;;;;;;;
GT LOGISTICS.08;PSA Vesoul Condi;497776;REMORQUE;REMORQUE INDUSTRIELLE;;13/12/2017;Mise à disposition;LIGIER;;PSA Vesoul;;01/01/2003;618;;;;;;;;;;;
GT LOGISTICS.08;PSA Vesoul Condi;497777;REMORQUE;REMORQUE INDUSTRIELLE;;13/12/2017;Mise à disposition;LIGIER;;PSA Vesoul;;01/01/2003;619;;;;;;;;;;;
GT LOGISTICS.08;PSA Vesoul Condi;497778;REMORQUE;REMORQUE INDUSTRIELLE;;13/12/2017;Mise à disposition;LIGIER;;PSA Vesoul;;01/01/2005;638;;;;;;;;;;;
GT LOGISTICS.08;PSA Vesoul Condi;497779;REMORQUE;REMORQUE INDUSTRIELLE;;13/12/2017;Mise à disposition;LIGIER;;PSA Vesoul;;01/01/2005;639;;;;;;;;;;;
GT LOGISTICS.08;PSA Vesoul Condi;497780;REMORQUE;REMORQUE INDUSTRIELLE;;13/12/2017;Mise à disposition;LIGIER;;PSA Vesoul;;01/01/2005;640;;;;;;;;;;;
GT LOGISTICS.08;PSA Vesoul Condi;497781;REMORQUE;REMORQUE INDUSTRIELLE;;13/12/2017;Mise à disposition;MASSON;;PSA Vesoul;;01/01/2008;656;;;;;;;;;;;
GT LOGISTICS.08;PSA Vesoul Condi;497782;REMORQUE;REMORQUE INDUSTRIELLE;;13/12/2017;Mise à disposition;MASSON;;PSA Vesoul;;01/01/2008;657;;;;;;;;;;;
GT LOGISTICS.08;PSA Vesoul Condi;497783;REMORQUE;REMORQUE INDUSTRIELLE;;13/12/2017;Mise à disposition;MASSON;;PSA Vesoul;;01/01/2008;658;;;;;;;;;;;
GT LOGISTICS.08;PSA Vesoul pneu;497784;CHARIOT FRONTAL;CHARIOT ELEVATEUR <2.5T;;12/12/2017;Mise à disposition;FENWICK;E16;PSA Vesoul;;01/01/2017;L1153;;;;;;;;;;;
GT LOGISTICS.08;PSA Vesoul pneu;497785;CHARIOT FRONTAL;CHARIOT ELEVATEUR <2.5T;;12/12/2017;Mise à disposition;FENWICK;E16;PSA Vesoul;;01/01/2017;L1155;;;;;;;;;;;
GT LOGISTICS.08;PSA Vesoul pneu;497786;CHARIOT FRONTAL;CHARIOT ELEVATEUR <2.5T;;12/12/2017;Mise à disposition;FENWICK;H16;PSA Vesoul;;01/01/2017;L0026;;;;;;;;;;;
GT LOGISTICS.08;PSA Vesoul pneu;497787;CHARIOT FRONTAL;CHARIOT ELEVATEUR 9T<à<16T;;12/12/2017;Mise à disposition;FENWICK;P250;PSA Vesoul;;01/01/2017;L8012;;;;;;;;;;;
GT LOGISTICS.08;PSA Vesoul pneu;497788;CHARIOT FRONTAL;CHARIOT ELEVATEUR <2.5T;;12/12/2017;Mise à disposition;FENWICK;E16;PSA Vesoul;;01/01/2017;20849;;;;;;;;;;;
GT LOGISTICS.08;PSA Vesoul pneu;497789;CHARIOT FRONTAL;CHARIOT ELEVATEUR <2.5T;;12/12/2017;Mise à disposition;FENWICK;E16;PSA Vesoul;;01/01/2017;18327;;;;;;;;;;;
GT LOGISTICS.03;EINEA;497803;CHARIOT FRONTAL;CHARIOT ELEVATEUR <2.5T;;12/03/2018;Location longue durée;TOYOTA;8FBEK16T;TOYOTA MATERIAL HANDLING;;01/01/2017;12039;;;;;;;;;;;
GT LOGISTICS.03;EINEA;497804;CHARIOT FRONTAL;CHARIOT ELEVATEUR <2.5T;;12/03/2018;Location longue durée;TOYOTA;8FBEK16T;TOYOTA MATERIAL HANDLING;;01/01/2017;12048;;;;;;;;;;;
GT LOGISTICS.03;EINEA;497805;ENGIN MAGASINAGE;TRANSPALETTE A CONDUCTEUR AUTOPORTE;;12/03/2018;Location longue durée;TOYOTA;LPE200;TOYOTA MATERIAL HANDLING;;01/01/2018;6564069;;;;;;;;;;;
GT LOGISTICS.03;EINEA;497806;ENGIN MAGASINAGE;TRANSPALETTE A CONDUCTEUR AUTOPORTE;;12/03/2018;Location longue durée;TOYOTA;LPE200;TOYOTA MATERIAL HANDLING;;01/01/2018;6564068;;;;;;;;;;;
GT LOGISTICS.03;EINEA;497807;ENGIN MAGASINAGE;GERBEUR A CONDUCTEUR ACCOMPAGNANT;;12/03/2018;Location longue durée;TOYOTA;SWE120;TOYOTA MATERIAL HANDLING;;01/01/2018;6566197;;;;;;;;;;;
GT LOGISTICS.02;NTN SAINT VULBAS;497811;ENGIN MAGASINAGE;CHARIOT RETRACTABLE;;21/02/2018;Location longue durée;BT;RRE160HE;TOYOTA MATERIAL HANDLING;;01/01/2018;6563410;;;;;;;;;;;
GT LOGISTICS.02;NTN SAINT VULBAS;497812;ENGIN MAGASINAGE;CHARIOT RETRACTABLE;;21/02/2018;Location longue durée;BT;RRE160HE;TOYOTA MATERIAL HANDLING;;01/01/2018;6563411;;;;;;;;;;;
GT LOGISTICS.02;NTN SAINT VULBAS;497813;ENGIN MAGASINAGE;CHARIOT RETRACTABLE;;21/02/2018;Location longue durée;BT;RRE160HE;TOYOTA MATERIAL HANDLING;;01/01/2018;6563412;;;;;;;;;;;
GT LOGISTICS.02;NTN SAINT VULBAS;497814;ENGIN MAGASINAGE;CHARIOT RETRACTABLE;;21/02/2018;Location longue durée;BT;RRE160HE;TOYOTA MATERIAL HANDLING;;01/01/2018;6563413;;;;;;;;;;;
GT LOGISTICS.02;NTN SAINT VULBAS;497815;ENGIN MAGASINAGE;CHARIOT RETRACTABLE;;21/02/2018;Location longue durée;BT;RRE160HE;TOYOTA MATERIAL HANDLING;;01/01/2018;6563414;;;;;;;;;;;
GT LOGISTICS.02;NTN SAINT VULBAS;497816;ENGIN MAGASINAGE;CHARIOT RETRACTABLE;;21/02/2018;Location longue durée;BT;RRE160HE;TOYOTA MATERIAL HANDLING;;01/01/2018;6563043;;;;;;;;;;;
GT LOGISTICS.01;PAPETERIE EMIN LEYDIER;497898;CHARIOT FRONTAL;CHARIOT ELEVATEUR 5T<à<=9T;;01/06/2018;Location longue durée;HYSTER;H8.0FT6;TOYOTA MATERIAL HANDLING;;01/01/2017;C299E01519R;;;;;;;;;;;
GT LOGISTICS.06;CONTINENTAL FOIX;497933;CHARIOT FRONTAL;CHARIOT ELEVATEUR <2.5T;2976;28/08/2018;Location longue durée;TOYOTA;8FBE15T;TOYOTA HANDING;;à renseigner;8FBE15T-13677;;;;;;;;;;;
GT LOGISTICS;Bassens;890758;VOITURE;VEHICULE DE SERVICE;;12/11/2015;Location longue durée;PEUGEOT;308;ALD;DW893ZJ;12/11/2015;;Utilisateur : VEH SCE - Flotte ASS VF;1,81;3,2;5;VP;;;;;;
GT LOGISTICS;Bassens;890787;VOITURE;VEHICULE DE FONCTION;;25/08/2016;Location longue durée;RENAULT;Mégane;Arval;EE227TS;25/08/2016;;Utilisateur : Y. DAMOUR - Flotte ASS VF;1,85;3,15;5;VP;;;;;;
GT LOGISTICS;Bassens;990790;VOITURE;VEHICULE DE FONCTION;;02/09/2016;Location longue durée;MERCEDES;CLA;Arval;EE536ZH;02/09/2016;;Utilisateur : N.LABBE - Flotte ASS VF;2,01;3,51;7;VP;;;;;;
GT LOGISTICS;Bassens;990792;VOITURE;VEHICULE DE FONCTION;;24/08/2016;Location longue durée;MERCEDES;CLA;Arval;EE113TC;24/08/2016;;Utilisateur : V.YZERD - Flotte ASS VF;2,1;3,51;7;VP;;;;;;
GT LOGISTICS;Bassens;990806;VOITURE;VEHICULE DE FONCTION;;20/09/2016;Location longue durée;AUDI;A4;Arval;EF396JH;20/09/2016;;Utilisateur : P.TELLIER - Flotte ASS VF;1,865;3,465;7;VP;;;;;;
GT LOGISTICS.04;RTA Dunkerque;185341;ENGIN TRACTION;TERBERG;;11/01/2013;Achat occasion;TERBERG;YT182DT1740;FRANCETRUCK;;10/01/2013;XLWYT182682447944;;;;;;;;;;;
GT LOGISTICS.04;RTA Dunkerque;186135;ENGIN TRACTION;TERBERG;;31/07/2018;Achat occasion;TERBERG;YT182DT1740;GT LOGISTICS;;02/11/2011;XLWYT1827B4451125;Récup GTX04-BSS;;;;;;;;;;
GT LOGISTICS.04;RTA Dunkerque;186198;ENGIN TRACTION;TERBERG;;11/11/2014;Achat occasion;TERBERG;YT182DT1740;FRANCETRUCK;;10/11/2014;XLWYT182XB444124;;;;;;;;;;;
GT LOGISTICS.04;RTA Dunkerque;187246;CAMION ET CAMIONNETTE;TRACTEUR ROUTIER;;18/05/2017;Achat occasion;MAN;;;CW704WM;18/05/2017;;;19,1;44,1;32;TRR;;;;;;
GT LOGISTICS.04;TRIMET;195803;ENGIN TRACTION;TERBERG;;24/04/2014;Location longue durée;TERBERG;YT182DT1740;FRANCETRUCK;;02/04/2014;XWYTI823F9234548;;;;;;;;;;;
GT LOGISTICS.04;TRIMET;195804;ENGIN TRACTION;TERBERG;;24/04/2014;Location longue durée;TERBERG;YT182DT1740;FRANCETRUCK;;02/04/2014;XWYTI823F9234549;;;;;;;;;;;
GT LOGISTICS.04;TRIMET;195805;ENGIN TRACTION;TERBERG;;11/06/2014;Location longue durée;TERBERG;YT182DT1740;FRANCETRUCK;;02/04/2014;XWYTI823F9234550;;;;;;;;;;;
GT LOGISTICS.07;RATIER-FIGEAC;201697;REMORQUE;REMORQUE INDUSTRIELLE;;17/11/1998;Achat neuf;DAUDIN;A RENSEIGNER;GT LOGISTICS;;29/06/2004;490-04-01;;;;;;;;;;;
GT LOGISTICS.04;RTA Dunkerque;206889;REMORQUE;CITERNE;;03/05/2001;Achat neuf;SPITZER;;;CA971RE;03/05/2001;;;38;0;0;SREM;;;;;;
GT LOGISTICS.01;GT Santé;206905;REMORQUE;REMORQUE ROUTIERE;;13/12/2016;Achat neuf;TROUILLET;;GT LOGISTICS.01;EH424LP;13/12/2016;;Flotte ASS PL;26;0;0;REM;;;;;;
GT LOGISTICS.04;TRIMET;207931;REMORQUE;CITERNE;;04/09/2018;Achat neuf;KASSBOHER;;;FA860DG;03/09/2018;;;45;0;0;SRTC;;;;;;
GT LOGISTICS.04;TRIMET;207932;REMORQUE;CITERNE;;04/09/2018;Achat neuf;KASSBOHER;;;FA834DG;03/09/2018;;;45;0;0;SRTC;;;;;;
GT LOGISTICS.04;BLUE STAR;285030;REMORQUE;SEMI SANS PLATEAU;;14/06/2004;Achat occasion;SAMRO;;FRANCETRUCK;BX241NW;14/06/2004;;Récup GTX04-BSS en attente HACENE;34;0;;SREM;;;;;;
GT LOGISTICS.04;RTA Dunkerque;285064;REMORQUE;CITERNE;;22/04/1988;Achat occasion;SPITZER;;FRANCETRUCK;BY595CN;22/04/1988;;;34;0;;SREM;;;;;;
GT LOGISTICS.04;RTA Dunkerque;285272;REMORQUE;SEMI SANS PLATEAU;;26/05/1993;Achat occasion;SAMRO;;;CP443QK;26/05/1993;;Récup GTX04-BSS;34;0;0;SREM;;;;;;
GT LOGISTICS.04;TRIMET;285736;REMORQUE;CITERNE;;18/01/2006;Achat occasion;HERMANNS;;;R8801BCD;18/01/2006;;;35;0;0;SREM;;;;;;
GT LOGISTICS.04;TRIMET;285737;REMORQUE;CITERNE;;16/10/2006;Achat occasion;BARYVAL;;;R9423BBY;16/10/2006;;;39;0;0;SREM;;;;;;
GT LOGISTICS.04;TRIMET;285738;REMORQUE;CITERNE;;23/07/2008;Achat occasion;SPITZER;;;L1887318;23/07/2008;;;44;0;0;SREM;;;;;;
GT LOGISTICS.04;RTA Dunkerque;286199;REMORQUE;CITERNE;;02/03/2004;Achat occasion;SPITZER;;;BY861RZ;02/03/2004;;;38;0;0;SREM;;;;;;
GT LOGISTICS.04;RTA Dunkerque;286716;REMORQUE;CITERNE;;19/03/2013;Achat occasion;SPITZER;;GT LOGISTICS;BV713ZP;19/03/2013;;;34;0;0;SREM;;;;;;
GT LOGISTICS.04;RTA Dunkerque;287247;REMORQUE;REMORQUE ROUTIERE;;13/04/2016;Achat occasion;SAMRO;;;CN049XP;13/04/2016;;;34;0;0;SREM;;;;;;
GT LOGISTICS.04;RTA Dunkerque;287248;REMORQUE;REMORQUE ROUTIERE;;27/05/2014;Achat occasion;FREJAT;;;5118RQ62;27/05/2014;;;33;0;0;SREM;;;;;;
GT LOGISTICS.01;GT Santé;287613;REMORQUE;REMORQUE ROUTIERE;;15/12/2017;Achat occasion;CASTERA;;GT LOGISTICS.01;ER421NP;15/12/2017;;Flotte ASS PL;19;0;0;REM;;;;;;
GT LOGISTICS.01;GT Santé;287670;REMORQUE;REMORQUE ROUTIERE;;24/01/2018;Achat occasion;GRUAU;;GT LOGISTICS.01;EK550RB;24/01/2018;;Flotte ASS PL;1,35;0;0;REM;;;;;;
GT LOGISTICS.01;CEA Cesta;304655;CAMION ET CAMIONNETTE;PORTEUR BACHE;;15/02/2011;Achat neuf;RENAULT;;GT LOCATION.;BH133VA;15/02/2011;;Flotte ASS PL;19;22,5;19;CAM;;;;;;
GT LOGISTICS.01;GT Santé;306160;CAMION ET CAMIONNETTE;PORTEUR FOURGON;;19/02/2015;Achat neuf;RENAULT;;GT LOGISTICS.01;DP566ED;19/02/2015;;Flotte ASS PL;2,74;4,74;5;CTTE;;;;;;
GT LOGISTICS.01;GT Santé;306161;CAMION ET CAMIONNETTE;PORTEUR FOURGON;;19/02/2015;Achat neuf;RENAULT;;GT LOGISTICS.01;DP386ED;19/02/2015;;Flotte ASS PL;2,74;4,74;5;CTTE;;;;;;
GT LOGISTICS.01;CEA Cesta;306173;CAMION ET CAMIONNETTE;PORTEUR BACHE;;19/02/2015;Achat neuf;RENAULT;;GT LOGISTICS.01;DP247DS;19/02/2015;;Flotte ASS PL;19;44;29;CAM;;;;;;
GT LOGISTICS.01;GT Santé;306383;CAMION ET CAMIONNETTE;VEHICULE UTILITAIRE;;31/08/2015;Achat neuf;PEUGEOT;;GT LOGISTICS.01;DV306JK;31/08/2015;;Flotte ASS PL;1,8;2,8;5;CTTE;;;;;;
GT LOGISTICS.01;GT Santé;306384;CAMION ET CAMIONNETTE;VEHICULE UTILITAIRE;;09/09/2015;Achat neuf;PEUGEOT;;GT LOGISTICS.01;DV739PB;09/09/2015;;Flotte ASS PL;3,5;6,5;7;CTTE;;;;;;
GT LOGISTICS.01;CEA Cesta;306706;CAMION ET CAMIONNETTE;VEHICULE UTILITAIRE;;24/06/2016;Achat neuf;RENAULT;;GT LOGISTICS.01;ED654JV;24/06/2016;;Flotte ASS PL;1,884;2,934;5;CTTE;;;;;;
GT LOGISTICS.01;CEA Cesta;306707;CAMION ET CAMIONNETTE;VEHICULE UTILITAIRE;;07/07/2016;Achat neuf;RENAULT;;GT LOGISTICS.01;ED192VM;07/07/2016;;Flotte ASS PL;1,95;3;5;CTTE;;;;;;
GT LOGISTICS.01;GT Santé;306730;CAMION ET CAMIONNETTE;VEHICULE UTILITAIRE;;08/08/2016;Achat neuf;PEUGEOT;;GT LOGISTICS.01;EE226ME;08/08/2016;;Flotte ASS PL;1,8;2,8;5;CTTE;;;;;;
GT LOGISTICS.02;PSA POLARIS;306751;CAMION ET CAMIONNETTE;PORTEUR FOURGON;;28/11/2016;Achat neuf;PEUGEOT;;;EH957NG;28/11/2016;;Flotte ASS PL;3,3;5,8;7;CTTE;;;;;;
GT LOGISTICS.02;PSA POLARIS;306752;CAMION ET CAMIONNETTE;PORTEUR FOURGON;;28/11/2016;Achat neuf;PEUGEOT;;;EH597BP;28/11/2016;;Flotte ASS PL;1,96;2,91;5;CTTE;;;;;;
GT LOGISTICS.02;PSA POLARIS;306753;CAMION ET CAMIONNETTE;PORTEUR FOURGON;;28/11/2016;Achat neuf;PEUGEOT;;;EH886BN;28/11/2016;;Flotte ASS PL;1,96;2,91;5;CTTE;;;;;;
GT LOGISTICS.02;PSA POLARIS;306754;CAMION ET CAMIONNETTE;PORTEUR FOURGON;;28/11/2016;Achat neuf;PEUGEOT;;;EH697BP;28/11/2016;;Flotte ASS PL;1,96;2,91;5;CTTE;;;;;;
GT LOGISTICS.01;GT Santé;306782;CAMION ET CAMIONNETTE;PORTEUR CAISSE VOLAILLE;;23/11/2016;Achat neuf;RENAULT;;GT LOGISTICS.01;EG680YD;23/11/2016;;Flotte ASS PL;29;44;29;CAM;;;;;;
GT LOGISTICS.01;CEA Cesta;306783;CAMION ET CAMIONNETTE;VEHICULE UTILITAIRE;;06/10/2016;Achat neuf;RENAULT;;GT LOGISTICS.01;EF856VX;06/10/2016;;Flotte ASS PL;1,95;3;5;CTTE;;;;;;
GT LOGISTICS.01;CEA Cesta;306819;CAMION ET CAMIONNETTE;VEHICULE UTILITAIRE;;08/11/2016;Achat neuf;RENAULT;;GT LOGISTICS.01;EG571PH;08/11/2016;;Flotte ASS PL;2,807;3,5;5;CTTE;;;;;;
GT LOGISTICS.01;GT Santé;307125;CAMION ET CAMIONNETTE;PORTEUR FOURGON;;15/03/2017;Achat neuf;PEUGEOT;;GT LOGISTICS.01;EK926VH;15/03/2017;;Flotte ASS PL;1,94;2,89;5;CTTE;;;;;;
GT LOGISTICS.01;GT Santé;307126;CAMION ET CAMIONNETTE;PORTEUR FOURGON;;15/03/2017;Achat neuf;PEUGEOT;;GT LOGISTICS.01;EK031VJ;15/03/2017;;Flotte ASS PL;2,66;4,06;5;CTTE;;;;;;
GT LOGISTICS.01;GT Santé;307612;CAMION ET CAMIONNETTE;VEHICULE UTILITAIRE;;18/01/2018;Achat neuf;RENAULT;;GT LOGISTICS.01;CM364QD;18/01/2018;;Flotte ASS PL;18;0;19;CAM;;;;;;
GT LOGISTICS.01;GT Santé;307842;CAMION ET CAMIONNETTE;VEHICULE UTILITAIRE;;14/03/2018;Achat neuf;PEUGEOT;;GT LOGISTICS.01;EV815SG;14/03/2018;;Flotte ASS PL;3,1;5;7;CTTE;;;;;;
GT LOGISTICS.01;CEA Saclay;307943;CAMION ET CAMIONNETTE;VEHICULE UTILITAIRE;;28/09/2018;Achat neuf;PEUGEOT;Partner;;FA152JH;14/09/2018;;Flotte VéH. Sce;1,96;2,91;5;CTTE;;;;;;
GT LOGISTICS.06;CONTINENTAL TOULOUSE;396174;CAMION ET CAMIONNETTE;PORTEUR FOURGON;;18/02/2015;Location longue durée;IVECO;;FRAIKIN;DP542DF;18/02/2015;;Flotte ASS PL;3,5;7;8;CTTE;;;;;;
GT LOGISTICS.01;CEA Saclay;397936;CAMION ET CAMIONNETTE;VEHICULE UTILITAIRE;;28/09/2018;Location longue durée;PEUGEOT;Partner;;FA249HL;12/09/2018;;Flotte VéH. Sce;1,589;2,225;6;CTTE;;;;;;
GT LOGISTICS.01;CEA Saclay;397937;CAMION ET CAMIONNETTE;VEHICULE UTILITAIRE;;28/09/2018;Location longue durée;PEUGEOT;Partner;;FA244HL;12/09/2018;;Flotte VéH. Sce;1,589;2,225;6;CTTE;;;;;;
GT LOGISTICS.01;CEA Saclay;397938;CAMION ET CAMIONNETTE;VEHICULE UTILITAIRE;;28/09/2018;Location longue durée;PEUGEOT;Partner;;FA241HL;12/09/2018;;Flotte VéH. Sce;1,589;2,225;6;CTTE;;;;;;
GT LOGISTICS.05;SMURFIT;400123;CHARIOT FRONTAL;CHARIOT ELEVATEUR <2.5T;2,5;01/10/2002;Achat neuf;FENWICK;H25D;GT LOGISTICS.01;;01/10/2002;351B04002025;;;;;;;;;;;
GT LOGISTICS.01;EUTHANASIE VOLAILLES;400141;ENGIN MAGASINAGE;GERBEUR A CONDUCTEUR ACCOMPAGNANT;;07/04/2003;Achat neuf;BT;S12;GT LOGISTICS.01;;07/04/2003;575964;;;;;;;;;;;
GT LOGISTICS.07;RATIER-FIGEAC;400225;CHARIOT FRONTAL;CHARIOT ELEVATEUR <2.5T;;01/04/2005;Achat neuf;FENWICK;E12;GT LOGISTICS;;01/04/2005;H2X324S00288;;;;;;;;;;;
GT LOGISTICS.07;RATIER-FIGEAC;400226;CHARIOT FRONTAL;CHARIOT ELEVATEUR <2.5T;;01/04/2005;Achat neuf;FENWICK;E14;GT LOGISTICS.01;;01/04/2005;H2X335S01432;;;;;;;;;;;
GT LOGISTICS.07;RATIER-FIGEAC;400227;CHARIOT FRONTAL;CHARIOT ELEVATEUR 2.5T<à<5T;;01/04/2005;Achat neuf;FENWICK;H35;GT LOGISTICS;;01/04/2005;H2X393S00815;;;;;;;;;;;
GT LOGISTICS.07;RATIER-FIGEAC;400229;ENGIN MAGASINAGE;GERBEUR A CONDUCTEUR ACCOMPAGNANT;;01/04/2005;Achat neuf;FENWICK;L10;GT LOGISTICS.01;;01/04/2005;W4X379S01093;;;;;;;;;;;
GT LOGISTICS.07;RATIER-FIGEAC;400230;ENGIN MAGASINAGE;GERBEUR A CONDUCTEUR ACCOMPAGNANT;;01/04/2005;Achat neuf;FENWICK;L10;GT LOGISTICS.01;;01/04/2005;W4X379S01008;;;;;;;;;;;
GT LOGISTICS.07;RATIER-FIGEAC;400237;CHARIOT FRONTAL;CHARIOT ELEVATEUR <2.5T;;14/04/2005;Achat neuf;FENWICK;H18;GT LOGISTICS;;14/04/2005;H2X350500817;;;;;;;;;;;
GT LOGISTICS.01;EUTHANASIE VOLAILLES;400245;ENGIN BTP;CHARIOT TELESCOPIQUE;;01/06/2005;Achat neuf;MANITOU;MTS23;GT LOGISTICS;;01/06/2005;204439;;;;;;;;;;;
GT LOGISTICS.07;RATIER-FIGEAC;400248;ENGIN MAGASINAGE;GERBEUR A CONDUCTEUR ACCOMPAGNANT;;13/06/2005;Achat neuf;FENWICK;L12;GT LOGISTICS;;13/06/2005;W4X3379P03160;;;;;;;;;;;
GT LOGISTICS.07;RATIER-FIGEAC;400256;ENGIN MAGASINAGE;GERBEUR A CONDUCTEUR ACCOMPAGNANT;;27/05/2005;Achat occasion;FENWICK;L12;GT LOGISTICS.01;;27/05/2005;W4X379L04049/2000;;;;;;;;;;;
GT LOGISTICS.07;RATIER-FIGEAC;400257;ENGIN MAGASINAGE;GERBEUR A CONDUCTEUR ACCOMPAGNANT;;13/05/2005;Achat neuf;FENWICK;L16;GT LOGISTICS.01;;13/05/2005;W4X372S01361/2005;;;;;;;;;;;
GT LOGISTICS.07;RATIER-FIGEAC;400293;CHARIOT FRONTAL;CHARIOT ELEVATEUR <2.5T;;12/01/2006;Achat neuf;FENWICK;E16;GT LOGISTICS (non fact);;12/01/2006;H2X335T00872;;;;;;;;;;;
GT LOGISTICS.02;NOGENT LE PHAYE;400310;ENGIN MAGASINAGE;GERBEUR A CONDUCTEUR ACCOMPAGNANT;;01/11/2006;Achat occasion;FENWICK;G14;GT LOGISTICS (non fact);;01/11/2006;82030635;;;;;;;;;;;
GT LOGISTICS.03;LIDL;400324;ENGIN DIVERS;LAVEUSE;;01/04/2007;Achat neuf;NILKFISK;BR1300S;;;01/04/2007;N1961737;;;;;;;;;;;
GT LOGISTICS.01;CEA Cesta;404247;CHARIOT FRONTAL;CHARIOT ELEVATEUR <2.5T;;01/03/2009;Achat neuf;FENWICK;E16;GT LOGISTICS.01;;01/03/2009;H2X386Z02060;;;;;;;;;;;
GT LOGISTICS.01;CEA Cesta;404248;CHARIOT FRONTAL;CHARIOT ELEVATEUR 2.5T<à<5T;;01/03/2009;Achat neuf;FENWICK;H50D;GT LOGISTICS.01;;01/03/2009;H2X394Z00681;;;;;;;;;;;
GT LOGISTICS.04;TRIMET;404389;ENGIN MAGASINAGE;CHARIOT RETRACTABLE;;01/01/2009;Achat neuf;JUNGHEINRICH;ETV 110;GT LOCATION;;01/09/2009;115525D2;;;;;;;;;;;
GT LOGISTICS.05;SMURFIT;404772;CHARIOT FRONTAL;CHARIOT ELEVATEUR 2.5T<à<5T;;30/12/2010;Achat neuf;FENWICK;H50D;GT LOGISTICS.01;;30/12/2010;H2X394B00966;;;;;;;;;;;
GT LOGISTICS.01;PAPETERIE EMIN LEYDIER;404956;CHARIOT FRONTAL;CHARIOT ELEVATEUR 9T<à<16T;;13/05/2011;Achat neuf;HYSTER;H16.0;GT LOGISTICS.01;;13/05/2011;G019E02596H;HS;;;;;;;;;;
GT LOGISTICS.07;RATIER-FIGEAC;405080;CHARIOT FRONTAL;CHARIOT ELEVATEUR <2.5T;;01/11/2011;Achat neuf;STILL;RX70-20;GT LOGISTICS.01;;01/10/2011;517313B00114;;;;;;;;;;;
GT LOGISTICS.07;RATIER-FIGEAC;405081;CHARIOT FRONTAL;CHARIOT ELEVATEUR <2.5T;;01/10/2011;Achat neuf;STILL;RX70-20;GT LOGISTICS.01;;01/10/2011;517313B00113;;;;;;;;;;;
GT LOGISTICS.03;LIDL;405085;ENGIN MAGASINAGE;CHARIOT RETRACTABLE;;01/08/2011;Achat neuf;FENWICK;R20;;;01/08/2011;H2X115B01462;;;;;;;;;;;
GT LOGISTICS.05;SMURFIT;405139;ENGIN DIVERS;LAVEUSE;;01/02/2012;Achat neuf;DULEVO;H820;GT LOGISTICS.01;;01/02/2012;120100035;;;;;;;;;;;
GT LOGISTICS.01;CEA Cesta;405152;ENGIN MAGASINAGE;GERBEUR A CONDUCTEUR AUTOPORTE;;01/03/2012;Achat neuf;FENWICK;E10;GT LOCATION;;01/03/2012;F2X334C00036;;;;;;;;;;;
GT LOGISTICS.04;ARKEMA MONT;405191;ENGIN MAGASINAGE;TRANSPALETTE A CONDUCTEUR ACCOMPAGNANT;;06/07/2015;Achat neuf;YALE;TRANSPALETTE;GT LOGISTICS;;05/06/2012;E842T03637K;;;;;;;;;;;
GT LOGISTICS.01;PAPETERIE EMIN LEYDIER;405246;CHARIOT FRONTAL;CHARIOT ELEVATEUR 9T<à<16T;;04/04/2013;Achat neuf;HYSTER;CHARIOT;GT LOGISTICS.01;;04/04/2013;R005B02340L;Attente confirmation sortie;;;;;;;;;;
GT LOGISTICS.01;PAPETERIE EMIN LEYDIER;405247;CHARIOT FRONTAL;CHARIOT ELEVATEUR 9T<à<16T;;04/04/2013;Achat neuf;HYSTER;CHARIOT;GT LOGISTICS.01;;04/04/2013;R005B02341L;Attente confirmation sortie;;;;;;;;;;
GT LOGISTICS.01;PAPETERIE EMIN LEYDIER;405250;CHARIOT FRONTAL;CHARIOT ELEVATEUR 9T<à<16T;;04/04/2013;Achat neuf;HYSTER;CHARIOT;GT LOGISTICS.01;;04/04/2013;R005B02329L;Attente confirmation sortie;;;;;;;;;;
GT LOGISTICS.01;PAPETERIE EMIN LEYDIER;405251;CHARIOT FRONTAL;CHARIOT ELEVATEUR 9T<à<16T;;04/04/2013;Achat neuf;HYSTER;;;;04/04/2013;R005B02339L;attent info radoane Cession externe;;;;;;;;;;
GT LOGISTICS.01;PAPETERIE EMIN LEYDIER;405252;CHARIOT FRONTAL;CHARIOT ELEVATEUR 9T<à<16T;;04/04/2013;Achat neuf;HYSTER;CHARIOT;GT LOGISTICS.01;;04/04/2013;R005B02342L;HS;;;;;;;;;;
GT LOGISTICS.04;ARIANEGROUP Le Haillan;405349;ENGIN MAGASINAGE;GERBEUR A CONDUCTEUR ACCOMPAGNANT;;18/03/2013;Achat neuf;FENWICK;L12;FRANCETRUCK;;18/03/2013;W41172D00917;;;;;;;;;;;
GT LOGISTICS.04;ARIANEGROUP Le Haillan;405350;CHARIOT FRONTAL;CHARIOT ELEVATEUR <2.5T;;21/03/2013;Achat neuf;FENWICK;E20;FRANCETRUCK;;20/03/2013;H2X386D01938;;;;;;;;;;;
GT LOGISTICS.04;ARIANEGROUP Le Haillan;405351;CHARIOT FRONTAL;CHARIOT ELEVATEUR <2.5T;;25/03/2013;Achat neuf;FENWICK;E20;FRANCETRUCK;;25/03/2013;H2X386D01896;;;;;;;;;;;
GT LOGISTICS.04;ARIANEGROUP Le Haillan;405352;CHARIOT FRONTAL;CHARIOT ELEVATEUR <2.5T;;27/03/2013;Achat neuf;FENWICK;E20;FRANCETRUCK;;27/03/2013;H2X386D02088;;;;;;;;;;;
GT LOGISTICS.04;ARKEMA JARRIE;405353;ENGIN TRACTION;LOCOTRACTEUR;;02/02/2015;Achat neuf;EUROTRACT;LOCOTRACTEUR;GT LOGISTICS;;01/02/2015;2533;;;;;;;;;;;
GT LOGISTICS.04;ARIANEGROUP Le Haillan;405354;ENGIN MAGASINAGE;TRANSPALETTE A CONDUCTEUR ACCOMPAGNANT;;12/04/2013;Achat neuf;FENWICK;T16;FRANCETRUCK;;12/04/2013;W41152D03284;;;;;;;;;;;
GT LOGISTICS.04;RTA Dunkerque;405357;CHARIOT FRONTAL;CHARIOT ELEVATEUR 5T<à<=9T;;05/07/2018;Achat neuf;NISSAN;GX50D;FRANCETRUCK;;01/05/2013;000101;Récup GTX04-BSS;;;;;;;;;;
GT LOGISTICS.04;ARIANEGROUP Le Haillan;405358;ENGIN MAGASINAGE;TRANSPALETTE A CONDUCTEUR ACCOMPAGNANT;;19/03/2013;Achat neuf;FENWICK;T16;FRANCETRUCK;;19/03/2013;W41152D02213;;;;;;;;;;;
GT LOGISTICS.05;SMURFIT;405362;CHARIOT FRONTAL;CHARIOT ELEVATEUR 2.5T<à<5T;;25/04/2013;Achat neuf;FENWICK;H50D;GT LOGISTICS.01;;25/04/2013;H2X394D50698;;;;;;;;;;;
GT LOGISTICS.05;SMURFIT;405363;CHARIOT FRONTAL;CHARIOT ELEVATEUR 2.5T<à<5T;;25/04/2013;Achat neuf;FENWICK;H50D;GT LOGISTICS.01;;25/04/2013;H2X394D50696;;;;;;;;;;;
GT LOGISTICS.05;SMURFIT;405364;CHARIOT FRONTAL;CHARIOT ELEVATEUR 2.5T<à<5T;;25/04/2013;Achat neuf;FENWICK;H50D;GT LOGISTICS.01;;25/04/2013;H2X394D50691;;;;;;;;;;;
GT LOGISTICS.05;SMURFIT;405365;CHARIOT FRONTAL;CHARIOT ELEVATEUR 2.5T<à<5T;;25/04/2013;Achat neuf;FENWICK;H50D;GT LOGISTICS.01;;25/04/2013;H2X394D50714;;;;;;;;;;;
GT LOGISTICS.02;NOGENT LE PHAYE;405368;CHARIOT FRONTAL;CHARIOT ELEVATEUR <2.5T;;24/05/2013;Achat occasion;FENWICK;E14;PROMOCAF;;01/01/2007;H2X335R06242;;;;;;;;;;;
GT LOGISTICS.04;ARIANEGROUP Le Haillan;405374;CHARIOT FRONTAL;CHARIOT ELEVATEUR <2.5T;;04/04/2013;Achat neuf;FENWICK;E16;FRANCETRUCK;;04/04/2013;H2X386D02331;;;;;;;;;;;
GT LOGISTICS.04;ARIANEGROUP Le Haillan;405391;CHARIOT FRONTAL;CHARIOT ELEVATEUR 2.5T<à<5T;;26/04/2013;Achat neuf;FENWICK;E40;FRANCETRUCK;;26/04/2013;H2X388D00321;;;;;;;;;;;
GT LOGISTICS.04;ARIANEGROUP Le Haillan;405409;CHARIOT FRONTAL;CHARIOT ELEVATEUR <2.5T;;31/05/2013;Achat neuf;FENWICK;E20;FRANCETRUCK;;31/05/2013;H2X386D02082;;;;;;;;;;;
GT LOGISTICS.01;PAPETERIE EMIN LEYDIER;405450;ENGIN TRACTION;TERBERG;;26/07/2016;Achat occasion;TERBERG;YT182;GT LOGISTICS.01;;01/07/2005;XLWYT182X52655465;;;;;;;;;;;
GT LOGISTICS.01;PAPETERIE EMIN LEYDIER;405519;ENGIN DIVERS;BALAYEUSE;;15/10/2013;Achat neuf;TENNANT;S12;GT LOGISTICS.01;;02/10/2013;5210002076;;;;;;;;;;;
GT LOGISTICS.01;PAPETERIE EMIN LEYDIER;405818;ENGIN DIVERS;LAVEUSE;;01/07/2014;Achat neuf;TENNANT;T7;GT LOGISTICS.01;;24/03/2014;T755708047;;;;;;;;;;;
GT LOGISTICS.05;SMURFIT;405830;CHARIOT FRONTAL;CHARIOT ELEVATEUR 2.5T<à<5T;;02/07/2014;Achat neuf;FENWICK;H50D;GT LOGISTICS.01;;02/07/2014;H2X394E01537;;;;;;;;;;;
GT LOGISTICS.05;SMURFIT;406120;CHARIOT FRONTAL;CHARIOT ELEVATEUR 2.5T<à<5T;;01/12/2014;Achat neuf;FENWICK;H50D;GT LOGISTICS.01;;30/11/2014;H2X394E02607;;;;;;;;;;;
GT LOGISTICS.04;ARKEMA JARRIE;406196;CHARIOT FRONTAL;CHARIOT ELEVATEUR <2.5T;;20/04/2015;Achat occasion;TOYOTA;C3E180;GT LOGISTICS;;20/04/2015;336483CE;;;;;;;;;;;
GT LOGISTICS.04;ARKEMA JARRIE;406197;CHARIOT FRONTAL;CHARIOT ELEVATEUR <2.5T;;20/04/2015;Achat neuf;TOYOTA;8FBET18;GT LOGISTICS;;20/04/2015;12210;;;;;;;;;;;
GT LOGISTICS.04;ARKEMA MONT;406360;CHARIOT FRONTAL;CHARIOT ELEVATEUR <2.5T;2,5;11/08/2015;Achat neuf;FENWICK;H25T;GT LOGISTICS;;11/08/2015;H2X392F01271;;;;;;;;;;;
GT LOGISTICS.04;ARKEMA MONT;406361;CHARIOT FRONTAL;CHARIOT ELEVATEUR <2.5T;2,5;19/08/2015;Achat neuf;FENWICK;H25T;GT LOGISTICS;;11/08/2015;H2X392F01510;;;;;;;;;;;
GT LOGISTICS.04;ARKEMA MONT;406362;CHARIOT FRONTAL;CHARIOT ELEVATEUR <2.5T;2,5;23/07/2015;Achat neuf;FENWICK;H25T;GT LOGISTICS;;23/07/2015;H2X392F01253;;;;;;;;;;;
GT LOGISTICS.03;AIA;406409;ENGIN MAGASINAGE;GERBEUR A CONDUCTEUR ACCOMPAGNANT;;01/06/2015;Achat neuf;BT;SPE160L;;;06/01/2016;6384235;;;;;;;;;;;
GT LOGISTICS.03;AIA;406410;ENGIN MAGASINAGE;GERBEUR A CONDUCTEUR ACCOMPAGNANT;;01/06/2015;Achat neuf;BT;SPE160L;;;06/01/2016;6384815;;;;;;;;;;;
GT LOGISTICS.03;AIA;406411;ENGIN MAGASINAGE;GERBEUR A CONDUCTEUR ACCOMPAGNANT;;01/06/2015;Achat neuf;BT;SPE160L;;;06/01/2016;6384236;;;;;;;;;;;
GT LOGISTICS.03;AIA;406412;CHARIOT FRONTAL;CHARIOT ELEVATEUR <2.5T;;01/06/2015;Achat neuf;BT;8FBET16;;;06/01/2016;8FBMT16-12023;;;;;;;;;;;
GT LOGISTICS.03;AIA;406413;CHARIOT FRONTAL;CHARIOT ELEVATEUR <2.5T;;01/06/2015;Achat neuf;BT;8FBET16;;;06/01/2016;8FBMT16-12022;;;;;;;;;;;
GT LOGISTICS.03;AIA;406414;CHARIOT FRONTAL;CHARIOT ELEVATEUR <2.5T;;01/06/2015;Achat neuf;BT;8FBET16;;;06/01/2016;8FBMT16-12021;;;;;;;;;;;
GT LOGISTICS.03;AIA;406449;ENGIN MAGASINAGE;GERBEUR A CONDUCTEUR ACCOMPAGNANT;;01/01/2016;Achat neuf;BT;SWE080L;;;01/01/2016;6404631;;;;;;;;;;;
GT LOGISTICS.03;AIA;406450;CHARIOT FRONTAL;CHARIOT ELEVATEUR 2.5T<à<5T;;11/01/2016;Achat neuf;BT;8FDF50;;;06/01/2016;40-8FD50N-10329;;;;;;;;;;;
GT LOGISTICS.03;AIA;406451;CHARIOT FRONTAL;CHARIOT ELEVATEUR 2.5T<à<5T;;01/06/2015;Achat neuf;BT;8FDF30;;;06/01/2016;8FDJF35-61102;;;;;;;;;;;
GT LOGISTICS.03;AIA;406452;ENGIN MAGASINAGE;TRANSPALETTE A CONDUCTEUR AUTOPORTE;;06/01/2016;Achat neuf;BT;LWE160;;;06/01/2016;640208;;;;;;;;;;;
GT LOGISTICS.03;AIA;406726;ENGIN MAGASINAGE;GERBEUR A CONDUCTEUR ACCOMPAGNANT;;27/07/2016;Achat neuf;BT;SWE080L;;;30/06/2016;6438025;;;;;;;;;;;
GT LOGISTICS.06;POULT;406765;ENGIN MAGASINAGE;CHARIOT RETRACTABLE;;04/10/2016;Achat neuf;JUNGHEINRICH;ETV 214;GT LOGISTICS.06;;24/08/2016;9119962;;;;;;;;;;;
GT LOGISTICS.06;POULT;406766;ENGIN MAGASINAGE;CHARIOT RETRACTABLE;;04/10/2016;Achat neuf;JUNGHEINRICH;ETV 214;GT LOGISTICS.06;;24/08/2016;9119963;;;;;;;;;;;
GT LOGISTICS.06;POULT;406767;ENGIN MAGASINAGE;CHARIOT RETRACTABLE;;04/10/2016;Achat neuf;JUNGHEINRICH;ETV 214;GT LOGISTICS.06;;24/08/2016;9119964;;;;;;;;;;;
GT LOGISTICS.06;POULT;406768;ENGIN MAGASINAGE;CHARIOT RETRACTABLE;;04/10/2016;Achat neuf;JUNGHEINRICH;ETV 214;GT LOGISTICS.06;;24/08/2016;9119965;;;;;;;;;;;
GT LOGISTICS.06;POULT;406769;ENGIN MAGASINAGE;CHARIOT RETRACTABLE;;04/10/2016;Achat neuf;JUNGHEINRICH;ETV 214;GT LOGISTICS.06;;25/08/2016;9119966;;;;;;;;;;;
GT LOGISTICS.06;POULT;406770;CHARIOT FRONTAL;CHARIOT ELEVATEUR <2.5T;;04/10/2016;Achat neuf;JUNGHEINRICH;EFG 216 K;GT LOGISTICS.06;;01/09/2016;FN524197;;;;;;;;;;;
GT LOGISTICS.06;POULT;406771;ENGIN MAGASINAGE;TRANSPALETTE A CONDUCTEUR AUTOPORTE;;04/10/2016;Achat neuf;JUNGHEINRICH;ERE 225;GT LOGISTICS.06;;30/07/2016;9815771;;;;;;;;;;;
GT LOGISTICS.06;POULT;406772;ENGIN MAGASINAGE;TRANSPALETTE A CONDUCTEUR AUTOPORTE;;04/10/2016;Achat neuf;JUNGHEINRICH;ERE 225;GT LOGISTICS.06;;03/09/2016;98154609;;;;;;;;;;;
GT LOGISTICS.06;POULT;406773;ENGIN MAGASINAGE;TRANSPALETTE A CONDUCTEUR AUTOPORTE;;04/10/2016;Achat neuf;JUNGHEINRICH;ERE 225;GT LOGISTICS.06;;03/09/2016;98151772;;;;;;;;;;;
GT LOGISTICS.06;POULT;406774;ENGIN MAGASINAGE;TRANSPALETTE A CONDUCTEUR AUTOPORTE;;04/10/2016;Achat neuf;JUNGHEINRICH;ERE 225;GT LOGISTICS.06;;03/09/2016;98154612;;;;;;;;;;;
GT LOGISTICS.06;POULT;406775;ENGIN MAGASINAGE;GERBEUR A CONDUCTEUR AUTOPORTE;;04/10/2016;Achat neuf;JUNGHEINRICH;ERC 212;GT LOGISTICS.06;;03/08/2016;90504260;;;;;;;;;;;
GT LOGISTICS.06;POULT;406776;ENGIN MAGASINAGE;GERBEUR A CONDUCTEUR AUTOPORTE;;04/10/2016;Achat neuf;JUNGHEINRICH;ERC 212;GT LOGISTICS.06;;03/08/2016;90504261;;;;;;;;;;;
GT LOGISTICS.01;PAPETERIE EMIN LEYDIER;406781;CHARIOT FRONTAL;CHARIOT ELEVATEUR 9T<à<16T;;28/07/2016;Achat neuf;HYSTER;H14XM-6;GT LOGISTICS.01;;01/07/2016;K019E01610P;;;;;;;;;;;
GT LOGISTICS.04;RTA Dunkerque;406794;ENGIN BTP;CHARIOT TELESCOPIQUE;;12/10/2016;Achat neuf;JCB;531-70;GT LOGISTICS;;01/01/2006;JCB5AA7GK2463028;;;;;;;;;;;
GT LOGISTICS.04;RTA Dunkerque;406795;ENGIN BTP;CHARIOT TELESCOPIQUE;;12/10/2016;Achat neuf;JCB;531-70;GT LOGISTICS;;01/01/2015;JCB5AA7GK2465078;;;;;;;;;;;
GT LOGISTICS.01;EUTHANASIE VOLAILLES;406818;ENGIN BTP;CHARIOT TELESCOPIQUE;;17/10/2016;Achat neuf;MANITOU;TMT 2525;GT LOGISTICS.01;;17/10/2016;972757;;;;;;;;;;;
GT LOGISTICS.04;RTA Dunkerque;407265;CHARIOT FRONTAL;CHARIOT ELEVATEUR 5T<à<=9T;;26/06/2017;Achat neuf;YALE;GDP50VX;VIVIER;;01/06/2017;K813B02270R;;;;;;;;;;;
GT LOGISTICS.02;NOGENT LE PHAYE;407444;ENGIN MAGASINAGE;CHARIOT RETRACTABLE;;03/11/2017;Achat neuf;JUNGHEINRICH;ETV 214;PROMOCAF;;03/11/2017;91121907;;;;;;;;;;;
GT LOGISTICS.02;NOGENT LE PHAYE;407445;ENGIN MAGASINAGE;CHARIOT RETRACTABLE;;03/11/2017;Achat neuf;JUNGHEINRICH;ETV 214;PROMOCAF;;03/11/2017;91121908;;;;;;;;;;;
GT LOGISTICS.02;NOGENT LE PHAYE;407446;ENGIN MAGASINAGE;CHARIOT RETRACTABLE;;03/11/2017;Achat neuf;JUNGHEINRICH;ETV 214;PROMOCAF;;03/11/2017;91121909;;;;;;;;;;;
GT LOGISTICS.04;TRIMET;407449;ENGIN MAGASINAGE;GERBEUR A CONDUCTEUR AUTOPORTE;;11/08/2017;Achat occasion;FENWICK;L12;GT LOGISTICS.04;;01/01/2017;F21172H02916;;;;;;;;;;;
GT LOGISTICS.02;NOGENT LE PHAYE;407478;ENGIN MAGASINAGE;CHARIOT RETRACTABLE;;28/11/2017;Achat neuf;JUNGHEINRICH;ERE 225;PROMOCAF;;28/11/2017;C181057381;;;;;;;;;;;
GT LOGISTICS.02;NOGENT LE PHAYE;407479;ENGIN MAGASINAGE;CHARIOT RETRACTABLE;;28/11/2017;Achat neuf;JUNGHEINRICH;ERE 225;PROMOCAF;;28/11/2017;C181057382;;;;;;;;;;;
GT LOGISTICS.06;POULT;407650;ENGIN MAGASINAGE;AUTO PALET MOVER;;03/11/2017;Achat neuf;JUNGHEINRICH;ERE 225 APM;GT LOGISTICS.06;;03/11/2017;91606109;;;;;;;;;;;
GT LOGISTICS.06;POULT;407651;ENGIN MAGASINAGE;AUTO PALET MOVER;;03/11/2017;Achat neuf;JUNGHEINRICH;ERE 225 APM;GT LOGISTICS.06;;03/11/2017;91606110;;;;;;;;;;;
GT LOGISTICS.01;PAPETERIE EMIN LEYDIER;407817;CHARIOT FRONTAL;CHARIOT ELEVATEUR 5T<à<=9T;6;20/02/2018;Achat neuf;HYSTER;H6.0;GT LOGISTICS.01;;01/01/2017;L006E01643R;;;;;;;;;;;
GT LOGISTICS.03;HUTCHINSON;407899;CHARIOT FRONTAL;CHARIOT ELEVATEUR <2.5T;;17/05/2018;Achat neuf;TOYOTA;8FBE15T;;;01/04/2018;8FBE15T-13377;;;;;;;;;;;
GT LOGISTICS.03;HUTCHINSON;407900;ENGIN MAGASINAGE;CHARIOT RETRACTABLE;;12/06/2018;Achat neuf;TOYOTA;RRE140H;;;01/06/2018;6589936;;;;;;;;;;;
GT LOGISTICS.03;HUTCHINSON;407901;ENGIN MAGASINAGE;CHARIOT RETRACTABLE;;12/06/2018;Achat neuf;TOYOTA;RRE140H;;;02/06/2018;6589938;;;;;;;;;;;
GT LOGISTICS.03;HUTCHINSON;407902;ENGIN MAGASINAGE;CHARIOT RETRACTABLE;;12/06/2018;Achat neuf;TOYOTA;RRE140H;;;03/06/2018;6589937;;;;;;;;;;;
GT LOGISTICS.03;HUTCHINSON;407903;ENGIN MAGASINAGE;PREPARATEUR DE COMMANDE;;17/05/2018;Achat neuf;TOYOTA;OSE250;;;01/04/2018;6582941;;;;;;;;;;;
GT LOGISTICS.03;HUTCHINSON;407904;ENGIN MAGASINAGE;PREPARATEUR DE COMMANDE;;17/05/2018;Achat neuf;TOYOTA;OSE250;;;01/04/2018;6582942;;;;;;;;;;;
GT LOGISTICS.03;HUTCHINSON;407905;ENGIN MAGASINAGE;PREPARATEUR DE COMMANDE;;17/05/2018;Achat neuf;TOYOTA;OSE250;;;01/04/2018;6582940;;;;;;;;;;;
GT LOGISTICS.03;HUTCHINSON;407906;ENGIN MAGASINAGE;PREPARATEUR DE COMMANDE;;17/05/2018;Achat neuf;TOYOTA;OSE100;;;01/04/2018;6582939;;;;;;;;;;;
GT LOGISTICS.03;HUTCHINSON;407907;ENGIN MAGASINAGE;PREPARATEUR DE COMMANDE;;17/05/2018;Achat neuf;TOYOTA;OSE100;;;01/04/2018;6582938;;;;;;;;;;;
GT LOGISTICS.03;HUTCHINSON;407908;ENGIN MAGASINAGE;GERBEUR A CONDUCTEUR ACCOMPAGNANT;;18/06/2018;Achat neuf;TOYOTA;SPE200DN;;;01/04/2018;6589927;;;;;;;;;;;
GT LOGISTICS.01;PAPETERIE EMIN LEYDIER;407926;CHARIOT FRONTAL;CHARIOT ELEVATEUR 5T<à<=9T;;14/06/2018;Achat neuf;FENWICK;E50HL-1/600;GT LOGISTICS.01;;01/01/2018;H2X388J00635;;;;;;;;;;;
GT LOGISTICS.01;PAPETERIE EMIN LEYDIER;407927;CHARIOT FRONTAL;CHARIOT ELEVATEUR 5T<à<=9T;;14/06/2018;Achat neuf;FENWICK;E50HL-1/600;GT LOGISTICS.01;;01/01/2018;H2X388J00628;;;;;;;;;;;
GT LOGISTICS.01;PAPETERIE EMIN LEYDIER;407928;CHARIOT FRONTAL;CHARIOT ELEVATEUR 5T<à<=9T;;14/06/2018;Achat neuf;FENWICK;E50HL-1/600;GT LOGISTICS.01;;01/01/2018;H2X388J00655;;;;;;;;;;;
GT LOGISTICS.01;PAPETERIE EMIN LEYDIER;407929;CHARIOT FRONTAL;CHARIOT ELEVATEUR 5T<à<=9T;;14/06/2018;Achat neuf;FENWICK;E50HL-1/600;GT LOGISTICS.01;;01/01/2018;H2X388J00634;;;;;;;;;;;
GT LOGISTICS.01;PAPETERIE EMIN LEYDIER;407930;CHARIOT FRONTAL;CHARIOT ELEVATEUR 5T<à<=9T;;14/06/2018;Achat neuf;FENWICK;E50HL-1/600;GT LOGISTICS.01;;01/01/2018;H2X388J00631;;;;;;;;;;;
GT LOGISTICS.02;Cadeaux naissance;427727;ENGIN MAGASINAGE;TRANSPALETTE A CONDUCTEUR AUTOPORTE;;01/04/2014;Location longue durée;JUNGHEINRICH;EJE 116;JUNGHEINRICH.;;01/03/2012;98059350;;;;;;;;;;;
GT LOGISTICS.01;CEA Cesta;484576;ENGIN MAGASINAGE;GERBEUR A CONDUCTEUR AUTOPORTE;;01/05/2010;Achat occasion;FENWICK;E10;GT LOGISTICS.01;;01/05/2010;F2X334L00017;;;;;;;;;;;
GT LOGISTICS.01;CEA Cesta;484577;CHARIOT FRONTAL;CHARIOT ELEVATEUR <2.5T;;01/05/2010;Achat occasion;FENWICK;E25;GT LOGISTICS.01;;01/05/2010;G1X336R01231;;;;;;;;;;;
GT LOGISTICS.04;TRIMET;484578;CHARIOT FRONTAL;CHARIOT ELEVATEUR <2.5T;2,5;01/05/2010;Achat occasion;FENWICK;H25D;FRANCETRUCK;;01/05/2010;H2X392S01357;;;;;;;;;;;
GT LOGISTICS.02;Cadeaux naissance;484605;ENGIN DIVERS;LAVEUSE;;01/07/2010;Achat occasion;DULEVO;H507;GT LOGISTICS;;01/07/2010;H507000766;;;;;;;;;;;
GT LOGISTICS.07;RATIER-FIGEAC;484638;CHARIOT FRONTAL;CHARIOT ELEVATEUR <2.5T;;18/08/2011;Achat occasion;STILL;R50;GT LOGISTICS.01;;18/08/2011;50240586;;;;;;;;;;;
GT LOGISTICS.04;TRIMET;484923;ENGIN MAGASINAGE;GERBEUR A CONDUCTEUR AUTOPORTE;;08/04/2011;Achat occasion;FENWICK;L14;FRANCETRUCK;;17/02/2008;W4X372W03247;;;;;;;;;;;
GT LOGISTICS.07;RATIER-FIGEAC;485329;CHARIOT FRONTAL;CHARIOT ELEVATEUR <2.5T;;28/02/2013;Achat occasion;STILL;A RENSEIGNER;GT LOGISTICS.01;;02/01/2008;5162110207021;;;;;;;;;;;
GT LOGISTICS.04;BLUE STAR;485694;CHARIOT FRONTAL;CHARIOT ELEVATEUR 2.5T<à<5T;;13/02/2014;Achat occasion;HYSTER;H3.50FT;FRANCETRUCK;;13/02/2014;L177B09721D;Récup GTX04-BSS en attente HACENE;;;;;;;;;;
GT LOGISTICS.04;ARKEMA MONT;486212;CHARIOT FRONTAL;CHARIOT ELEVATEUR <2.5T;2,5;01/04/2015;Achat occasion;FENWICK;H25T;GT LOGISTICS;;01/04/2015;H2X392B00677;;;;;;;;;;;
GT LOGISTICS.04;ARKEMA MONT;486356;CHARIOT FRONTAL;CHARIOT ELEVATEUR <2.5T;2,5;06/10/2015;Achat occasion;FENWICK;H25T;GT LOGISTICS;;06/10/2015;H2X392W00562;;;;;;;;;;;
GT LOGISTICS.04;ARKEMA MONT;486358;CHARIOT FRONTAL;CHARIOT ELEVATEUR <2.5T;2,5;17/12/2015;Achat occasion;FENWICK;H25T;GT LOGISTICS;;17/12/2015;H2X392U00501;;;;;;;;;;;
GT LOGISTICS.04;ARKEMA MONT;486359;CHARIOT FRONTAL;CHARIOT ELEVATEUR <2.5T;2,5;07/05/2015;Achat occasion;FENWICK;H25T;GT LOGISTICS;;07/05/2015;H2X392C02217;;;;;;;;;;;
GT LOGISTICS.03;AIA;486448;ENGIN MAGASINAGE;CHARIOT RETRACTABLE;;01/06/2015;Achat occasion;BT;RRE140;;;01/06/2015;6120387;;;;;;;;;;;
GT LOGISTICS.03;GRT Gaz;486517;CHARIOT FRONTAL;CHARIOT ELEVATEUR 5T<à<=9T;;24/12/2015;Achat occasion;FENWICK;E50;;;01/03/2012;H2X388C0052;;;;;;;;;;;
GT LOGISTICS.03;GRT Gaz;486518;ENGIN MAGASINAGE;CHARIOT RETRACTABLE;;24/12/2015;Achat occasion;FENWICK;R16S;;;01/04/2012;H2X115C00677;;;;;;;;;;;
GT LOGISTICS.03;GRT Gaz;486519;ENGIN MAGASINAGE;CHARIOT RETRACTABLE;;24/12/2015;Achat occasion;FENWICK;R16S;;;10/03/2012;H2X115C00336;;;;;;;;;;;
GT LOGISTICS.03;GRT Gaz;486520;ENGIN MAGASINAGE;PREPARATEUR DE COMMANDE;;24/12/2015;Achat occasion;FENWICK;N20L;;;01/04/2012;W4X132C00667;;;;;;;;;;;
GT LOGISTICS.03;GRT Gaz;486521;ENGIN MAGASINAGE;PREPARATEUR DE COMMANDE;;24/12/2015;Achat occasion;FENWICK;N20L;;;01/04/2012;W4X132C00669;;;;;;;;;;;
GT LOGISTICS.03;GRT Gaz;486522;ENGIN MAGASINAGE;PREPARATEUR DE COMMANDE;;24/12/2015;Achat occasion;FENWICK;T20SP;;;19/03/2012;W4X131C01460;;;;;;;;;;;
GT LOGISTICS.03;GRT Gaz;486523;CHARIOT FRONTAL;CHARIOT ELEVATEUR >16T;;15/03/2016;Achat occasion;FENWICK;E16C;;;01/04/2007;H2X386U03760;;;;;;;;;;;
GT LOGISTICS.03;GRT Gaz;486524;ENGIN MAGASINAGE;TRANSPALETTE A CONDUCTEUR ACCOMPAGNANT;;15/03/2016;Achat occasion;FENWICK;L12;;;01/04/2011;711172B07615;;;;;;;;;;;
GT LOGISTICS.03;GRT Gaz;486525;ENGIN MAGASINAGE;TRANSPALETTE A CONDUCTEUR AUTOPORTE;;15/03/2016;Achat occasion;FENWICK;T20SP;;;01/04/2008;W4X131W02589;;;;;;;;;;;
GT LOGISTICS.06;CONTINENTAL FOIX;486537;ENGIN MAGASINAGE;TRANSPALETTE A CONDUCTEUR ACCOMPAGNANT;;13/01/2016;Achat occasion;FENWICK;T16;GT LOGISTICS.06;;01/10/2015;W4X360S03515;;;;;;;;;;;
GT LOGISTICS.03;CEA GRENOBLE;486645;CHARIOT FRONTAL;CHARIOT ELEVATEUR >16T;;15/04/2016;Achat occasion;FENWICK;E16;;;15/04/2016;H2X386A00412;;;;;;;;;;;
GT LOGISTICS.03;CEA GRENOBLE;486646;CHARIOT FRONTAL;CHARIOT ELEVATEUR >16T;;15/04/2016;Achat occasion;FENWICK;E20;;;15/04/2016;a renseigner;;;;;;;;;;;
GT LOGISTICS.02;Cadeaux naissance;486747;ENGIN MAGASINAGE;GERBEUR A CONDUCTEUR ACCOMPAGNANT;;23/09/2016;Achat occasion;YALE;MS 10 E;GT LOGISTICS;;23/09/2016;B845T01818J;;;;;;;;;;;
GT LOGISTICS.02;NOGENT LE PHAYE;486764;ENGIN MAGASINAGE;TRANSPALETTE A CONDUCTEUR ACCOMPAGNANT;;04/10/2016;Achat occasion;FENWICK;T18;GT LOGISTICS;;01/10/2006;W41152B05263;;;;;;;;;;;
GT LOGISTICS.02;NOGENT LE PHAYE;486793;ENGIN MAGASINAGE;GERBEUR A CONDUCTEUR ACCOMPAGNANT;;04/12/2013;Achat occasion;YALE;MC 12;GT LOGISTICS;;01/10/2008;B8660T00004F;;;;;;;;;;;
GT LOGISTICS.04;RTA Dunkerque;486891;ENGIN BTP;CHARGEUSE;;02/11/2016;Achat occasion;BOBCAT;S70;GT LOGISTICS;;02/01/2014;B38W11205;;;;;;;;;;;
GT LOGISTICS.04;ARIANEGROUP Le Haillan;486992;ENGIN MAGASINAGE;GERBEUR A CONDUCTEUR AUTOPORTE;;05/12/2016;Achat occasion;FENWICK;T16;GT LOGISTICS;;05/12/2016;W41152E10068;;;;;;;;;;;
GT LOGISTICS.04;ARIANEGROUP Le Haillan;487267;CHARIOT FRONTAL;CHARIOT ELEVATEUR <2.5T;;22/05/2017;Achat occasion;FENWICK;E16L;GT LOGISTICS;;01/01/2010;H2X386Z01753;;;;;;;;;;;
GT LOGISTICS.02;NTN SAINT VULBAS;487486;ENGIN MAGASINAGE;PREPARATEUR DE COMMANDE;;13/11/2017;Achat occasion;BT;LWE180;GT LOGISTICS;;01/12/2012;6201618;;;;;;;;;;;
GT LOGISTICS.05;SMURFIT;487659;CHARIOT FRONTAL;CHARIOT ELEVATEUR 2.5T<à<5T;;18/12/2014;Location longue durée;FENWICK;H50D;GT LOGISTICS.01;;30/11/2014;H2X394E02903;;;;;;;;;;;
GT LOGISTICS.05;SMURFIT;487660;CHARIOT FRONTAL;CHARIOT ELEVATEUR 2.5T<à<5T;;18/12/2014;Location longue durée;FENWICK;H50D;GT LOGISTICS.01;;30/11/2014;H2X394E02833;;;;;;;;;;;
GT LOGISTICS.05;SMURFIT;487661;CHARIOT FRONTAL;CHARIOT ELEVATEUR 2.5T<à<5T;;18/12/2014;Location longue durée;FENWICK;H50D;GT LOGISTICS.01;;30/11/2014;H2X394E02879;;;;;;;;;;;
GT LOGISTICS.04;RTA Dunkerque;487810;ENGIN BTP;MINI-PELLE;;23/02/2018;Achat occasion;IHI;8CNX3;SPRL THIRY;;01/01/2007;WK001331;;;;;;;;;;;
GT LOGISTICS.03;LIDL;487939;ENGIN MAGASINAGE;TRANSPALETTE A CONDUCTEUR AUTOPORTE;;18/09/2018;Achat occasion;FENWICK;T18;FRANCETRUCK;;12/11/2007;W4X36OU00362;Récup GTX04-BSS;;;;;;;;;;
GT LOGISTICS.04;RTA Dunkerque;487940;CHARIOT FRONTAL;CHARIOT ELEVATEUR 9T<à<16T;;12/09/2018;Achat occasion;HYSTER;CHARIOT;GT LOGISTICS.01;;04/04/2013;R005B02262K;Récup immo GTX01Emin;;;;;;;;;;
GT LOGISTICS.04;RTA Dunkerque;487941;CHARIOT FRONTAL;CHARIOT ELEVATEUR 9T<à<16T;;12/09/2018;Achat occasion;HYSTER;CHARIOT;GT LOGISTICS.01;;04/04/2013;R005B02328L;Récup immo GTX01Emin;;;;;;;;;;
GT LOGISTICS.03;AIA;487942;ENGIN MAGASINAGE;GERBEUR A CONDUCTEUR ACCOMPAGNANT;2,980;10/09/2018;Achat occasion;TOYOTA;7FBMF30;;;01/01/2011;7FBMF35-15344;;;;;;;;;;;
GT LOGISTICS.02;NOGENT LE PHAYE;490307;CHARIOT FRONTAL;CHARIOT ELEVATEUR <2.5T;;01/10/2006;Location longue durée;FENWICK;E14;DIVERS ;;01/10/2006;H2X335NO3717;;;;;;;;;;;
GT LOGISTICS.02;NOGENT LE PHAYE;490308;ENGIN MAGASINAGE;CHARIOT RETRACTABLE;;01/10/2006;Location longue durée;FENWICK;R14;DIVERS ;;01/10/2006;G1X115NO1883;;;;;;;;;;;
GT LOGISTICS.04;RTA Dunkerque;495031;CHARIOT FRONTAL;CHARIOT ELEVATEUR >16T;;15/09/2011;Location longue durée;KALMAR;A RENSEIGNER;JEAN BART LOCATION;;15/09/2011;T34118-004;;;;;;;;;;;
GT LOGISTICS.04;RTA Dunkerque;495032;CHARIOT FRONTAL;CHARIOT ELEVATEUR 9T<à<16T;;15/09/2011;Location longue durée;KALMAR;A RENSEIGNER;JEAN BART LOCATION;;15/09/2011;T33105-1925;;;;;;;;;;;
GT LOGISTICS.04;RTA Dunkerque;495033;CHARIOT FRONTAL;CHARIOT ELEVATEUR 9T<à<16T;;15/09/2011;Location longue durée;KALMAR;A RENSEIGNER;JEAN BART LOCATION;;15/09/2011;T33105-1765;;;;;;;;;;;
GT LOGISTICS.03;LIDL;495244;ENGIN MAGASINAGE;TRANSPALETTE A CONDUCTEUR AUTOPORTE;;18/09/2012;Location longue durée;BT;LPE240 LONGUES FOURCHES;TOYOTA MATERIAL HANDLING;;18/09/2012;6219393;;;;;;;;;;;
GT LOGISTICS.03;LIDL;495245;ENGIN MAGASINAGE;TRANSPALETTE A CONDUCTEUR AUTOPORTE;;18/09/2012;Location longue durée;BT;LPE240 LONGUES FOURCHES;TOYOTA MATERIAL HANDLING;;18/09/2012;6219394;;;;;;;;;;;
GT LOGISTICS.03;LIDL;495310;ENGIN MAGASINAGE;TRANSPALETTE A CONDUCTEUR AUTOPORTE;;18/02/2013;Location longue durée;BT;LPE240;TOYOTA MATERIAL HANDLING;;18/02/2013;6240086;;;;;;;;;;;
GT LOGISTICS.04;ARIANEGROUP Le Haillan;495342;ENGIN MAGASINAGE;TRANSPALETTE A CONDUCTEUR AUTOPORTE;;01/07/2014;Location longue durée;FENWICK;R14;FENWICK LEASE;;01/07/2014;G1X115R01273;;;;;;;;;;;
GT LOGISTICS.04;ARIANEGROUP Le Haillan;495343;ENGIN MAGASINAGE;TRANSPALETTE A CONDUCTEUR AUTOPORTE;;01/07/2014;Location longue durée;FENWICK;R20;FENWICK LEASE;;01/07/2014;G1X115R01290;;;;;;;;;;;
GT LOGISTICS.04;ARIANEGROUP Le Haillan;495344;ENGIN MAGASINAGE;CHARIOT RETRACTABLE;;01/01/2013;Location longue durée;CROWN;ESR 4500;APROLIS FINANCE;;01/01/2013;5A208114;;;;;;;;;;;
GT LOGISTICS.04;ARIANEGROUP Le Haillan;495345;ENGIN MAGASINAGE;TRANSPALETTE A CONDUCTEUR AUTOPORTE;;01/07/2014;Location longue durée;FENWICK;H80D;FENWICK LEASE;;01/07/2014;E1X353R00884;;;;;;;;;;;
GT LOGISTICS.04;ARIANEGROUP Le Haillan;495346;ENGIN MAGASINAGE;TRANSPALETTE A CONDUCTEUR AUTOPORTE;;01/07/2014;Location longue durée;FENWICK;H136;FENWICK LEASE;;01/07/2014;354J011006136;;;;;;;;;;;
GT LOGISTICS.04;ARIANEGROUP Le Haillan;495347;CHARIOT FRONTAL;CHARIOT ELEVATEUR 2.5T<à<5T;;01/01/2013;Location longue durée;CATERPILLAR;EP40;APROLIS FINANCE;;01/01/2013;FN377534;;;;;;;;;;;
GT LOGISTICS.04;ARIANEGROUP Le Haillan;495348;ENGIN MAGASINAGE;TRANSPALETTE A CONDUCTEUR ACCOMPAGNANT;;01/01/2013;Location longue durée;OMG;330BE;APROLIS FINANCE;;01/01/2013;025195;;;;;;;;;;;
GT LOGISTICS.04;ARIANEGROUP Le Haillan;495417;ENGIN MAGASINAGE;TRANSPALETTE A CONDUCTEUR AUTOPORTE;;01/07/2014;Location longue durée;FENWICK;E20;FENWICK LEASE;;01/07/2014;H2X335P05389;;;;;;;;;;;
GT LOGISTICS.03;LIDL;495469;ENGIN MAGASINAGE;TRANSPALETTE A CONDUCTEUR AUTOPORTE;;06/08/2013;Location longue durée;BT;OSE250;TOYOTA MATERIAL HANDLING;;06/08/2013;6265204/2013;;;;;;;;;;;
GT LOGISTICS.03;LIDL;495470;ENGIN MAGASINAGE;CHARIOT RETRACTABLE;;06/08/2013;Location longue durée;BT;RRE160;TOYOTA MATERIAL HANDLING;;06/08/2013;6265850/2013;;;;;;;;;;;
GT LOGISTICS.03;LIDL;495471;ENGIN MAGASINAGE;CHARIOT RETRACTABLE;;06/08/2013;Location longue durée;BT;RRE160;TOYOTA MATERIAL HANDLING;;06/08/2013;6266273/2013;;;;;;;;;;;
GT LOGISTICS.03;LIDL;495473;ENGIN MAGASINAGE;TRANSPALETTE A CONDUCTEUR AUTOPORTE;;06/08/2013;Location longue durée;BT;LPE240;TOYOTA MATERIAL HANDLING;;06/08/2013;6265377/2013;;;;;;;;;;;
GT LOGISTICS.03;LIDL;495494;ENGIN MAGASINAGE;CHARIOT RETRACTABLE;;10/09/2013;Location longue durée;BT;RRE160;TOYOTA MATERIAL HANDLING;;10/09/2013;6268410;;;;;;;;;;;
GT LOGISTICS.03;LIDL;495495;ENGIN MAGASINAGE;CHARIOT RETRACTABLE;;10/09/2013;Location longue durée;BT;RRE160;TOYOTA MATERIAL HANDLING;;10/09/2013;6268411;;;;;;;;;;;
GT LOGISTICS.02;NTN CRAN GEVRIER;495536;ENGIN MAGASINAGE;TRANSPALETTE A CONDUCTEUR AUTOPORTE;;01/11/2013;Location longue durée;BT;LPE240;TOYOTA MATERIAL HANDLING;;01/11/2013;6271227;;;;;;;;;;;
GT LOGISTICS.02;NTN CRAN GEVRIER;495537;ENGIN MAGASINAGE;TRANSPALETTE A CONDUCTEUR AUTOPORTE;;01/11/2013;Location longue durée;BT;LPE240;TOYOTA MATERIAL HANDLING;;01/11/2013;6271228;;;;;;;;;;;
GT LOGISTICS.02;NTN CRAN GEVRIER;495538;ENGIN MAGASINAGE;CHARIOT RETRACTABLE;;01/11/2013;Location longue durée;BT;RRE160;TOYOTA MATERIAL HANDLING;;01/11/2013;6272496;;;;;;;;;;;
GT LOGISTICS.02;NTN CRAN GEVRIER;495539;ENGIN MAGASINAGE;CHARIOT RETRACTABLE;;01/11/2013;Location longue durée;BT;RRE160;TOYOTA MATERIAL HANDLING;;01/11/2013;6272739;;;;;;;;;;;
GT LOGISTICS.02;NTN CRAN GEVRIER;495540;ENGIN MAGASINAGE;CHARIOT RETRACTABLE;;01/11/2013;Location longue durée;BT;RRE160;TOYOTA MATERIAL HANDLING;;01/11/2013;6272740;;;;;;;;;;;
GT LOGISTICS.02;NTN CRAN GEVRIER;495541;ENGIN MAGASINAGE;CHARIOT RETRACTABLE;;01/11/2013;Location longue durée;BT;RRE160;TOYOTA MATERIAL HANDLING;;01/11/2013;6272741;;;;;;;;;;;
GT LOGISTICS.02;NTN CRAN GEVRIER;495542;ENGIN MAGASINAGE;PREPARATEUR DE COMMANDE;;01/12/2013;Location longue durée;BT;OSE100 BALEA;TOYOTA MATERIAL HANDLING;;01/12/2013;6278909;;;;;;;;;;;
GT LOGISTICS.02;NTN CRAN GEVRIER;495543;ENGIN MAGASINAGE;PREPARATEUR DE COMMANDE;;01/12/2013;Location longue durée;BT;OSE100 BALEA;TOYOTA MATERIAL HANDLING;;01/12/2013;6279153;;;;;;;;;;;
GT LOGISTICS.02;NTN CRAN GEVRIER;495544;ENGIN MAGASINAGE;PREPARATEUR DE COMMANDE;;01/12/2013;Location longue durée;BT;OSE100 BALEA;TOYOTA MATERIAL HANDLING;;01/12/2013;6280083;;;;;;;;;;;
GT LOGISTICS.02;NTN CRAN GEVRIER;495545;ENGIN MAGASINAGE;PREPARATEUR DE COMMANDE;;01/12/2013;Location longue durée;BT;OSE100 BALEA;TOYOTA MATERIAL HANDLING;;01/12/2013;6280340;;;;;;;;;;;
GT LOGISTICS.02;NTN CRAN GEVRIER;495546;ENGIN MAGASINAGE;PREPARATEUR DE COMMANDE;;01/12/2013;Location longue durée;BT;OSE100 BALEA;TOYOTA MATERIAL HANDLING;;01/12/2013;6281171;;;;;;;;;;;
GT LOGISTICS.02;NTN CRAN GEVRIER;495547;ENGIN MAGASINAGE;PREPARATEUR DE COMMANDE;;01/12/2013;Location longue durée;BT;OSE100 BALEA;TOYOTA MATERIAL HANDLING;;01/12/2013;6281355;;;;;;;;;;;
GT LOGISTICS.02;NTN CRAN GEVRIER;495548;ENGIN MAGASINAGE;PREPARATEUR DE COMMANDE;;01/12/2013;Location longue durée;BT;OSE100 BALEA;TOYOTA MATERIAL HANDLING;;01/12/2013;6282146;;;;;;;;;;;
GT LOGISTICS.02;NTN CRAN GEVRIER;495549;ENGIN MAGASINAGE;PREPARATEUR DE COMMANDE;;01/12/2013;Location longue durée;BT;OSE100 BALEA;TOYOTA MATERIAL HANDLING;;01/12/2013;6282373;;;;;;;;;;;
GT LOGISTICS.02;NTN CRAN GEVRIER;495550;ENGIN MAGASINAGE;PREPARATEUR DE COMMANDE;;01/11/2013;Location longue durée;BT;OME100 H;TOYOTA MATERIAL HANDLING;;01/11/2013;6273059;;;;;;;;;;;
GT LOGISTICS.02;NTN CRAN GEVRIER;495551;ENGIN MAGASINAGE;GERBEUR A CONDUCTEUR AUTOPORTE;;01/12/2013;Location longue durée;BT;SPE200;TOYOTA MATERIAL HANDLING;;01/12/2013;6274925;;;;;;;;;;;
GT LOGISTICS.02;NTN CRAN GEVRIER;495552;ENGIN MAGASINAGE;GERBEUR A CONDUCTEUR AUTOPORTE;;01/11/2013;Location longue durée;BT;SPE200;TOYOTA MATERIAL HANDLING;;01/12/2013;6274920;;;;;;;;;;;
GT LOGISTICS.02;NTN CRAN GEVRIER;495553;ENGIN MAGASINAGE;TRANSPALETTE A CONDUCTEUR ACCOMPAGNANT;;01/12/2013;Location longue durée;BT;LWE160;TOYOTA MATERIAL HANDLING;;01/12/2013;6272448;;;;;;;;;;;
GT LOGISTICS.02;NTN SAINT VULBAS;495556;CHARIOT FRONTAL;CHARIOT ELEVATEUR 2.5T<à<5T;;07/04/2014;Location longue durée;BT;8FBMT35;TOYOTA MATERIAL HANDLING;;01/04/2014;8FBMT35-10241;;;;;;;;;;;
GT LOGISTICS.02;NTN SAINT VULBAS;495559;ENGIN MAGASINAGE;GERBEUR A CONDUCTEUR AUTOPORTE;;02/12/2013;Location longue durée;BT;SPE200;TOYOTA MATERIAL HANDLING;;01/12/2013;6274921;;;;;;;;;;;
GT LOGISTICS.02;NTN SAINT VULBAS;495561;ENGIN MAGASINAGE;CHARIOT RETRACTABLE;;01/12/2013;Location longue durée;BT;RRE160;TOYOTA MATERIAL HANDLING;;01/12/2013;6271062;;;;;;;;;;;
GT LOGISTICS.02;NTN SAINT VULBAS;495562;ENGIN MAGASINAGE;CHARIOT RETRACTABLE;;02/12/2013;Location longue durée;BT;RRE160;TOYOTA MATERIAL HANDLING;;01/12/2013;6271063;;;;;;;;;;;
GT LOGISTICS.02;NTN SAINT VULBAS;495564;ENGIN MAGASINAGE;CHARIOT RETRACTABLE;;02/12/2013;Location longue durée;BT;RRE160;TOYOTA MATERIAL HANDLING;;01/12/2013;6271318;;;;;;;;;;;
GT LOGISTICS.02;NTN SAINT VULBAS;495566;ENGIN MAGASINAGE;CHARIOT RETRACTABLE;;02/12/2013;Location longue durée;BT;RRE160;TOYOTA MATERIAL HANDLING;;01/12/2013;6271319;;;;;;;;;;;
GT LOGISTICS.02;NTN SAINT VULBAS;495567;ENGIN MAGASINAGE;CHARIOT RETRACTABLE;;02/12/2013;Location longue durée;BT;RRE160;TOYOTA MATERIAL HANDLING;;01/12/2013;6271320;;;;;;;;;;;
GT LOGISTICS.02;NTN SAINT VULBAS;495568;ENGIN MAGASINAGE;PREPARATEUR DE COMMANDE;;01/12/2013;Location longue durée;BT;OSE100;TOYOTA MATERIAL HANDLING;;01/12/2013;6276956;;;;;;;;;;;
GT LOGISTICS.02;NTN SAINT VULBAS;495569;ENGIN MAGASINAGE;PREPARATEUR DE COMMANDE;;01/12/2013;Location longue durée;BT;OSE100;TOYOTA MATERIAL HANDLING;;01/12/2013;6277211;;;;;;;;;;;
GT LOGISTICS.02;NTN SAINT VULBAS;495570;ENGIN MAGASINAGE;PREPARATEUR DE COMMANDE;;01/12/2013;Location longue durée;BT;OSE100;TOYOTA MATERIAL HANDLING;;01/12/2013;6277402;;;;;;;;;;;
GT LOGISTICS.02;NTN SAINT VULBAS;495571;ENGIN MAGASINAGE;PREPARATEUR DE COMMANDE;;01/12/2013;Location longue durée;BT;OSE100;TOYOTA MATERIAL HANDLING;;01/12/2013;6277778;;;;;;;;;;;
GT LOGISTICS.02;NTN SAINT VULBAS;495572;ENGIN MAGASINAGE;PREPARATEUR DE COMMANDE;;01/12/2013;Location longue durée;BT;OSE100;TOYOTA MATERIAL HANDLING;;01/12/2013;6278252;;;;;;;;;;;
GT LOGISTICS.02;NTN SAINT VULBAS;495573;ENGIN MAGASINAGE;PREPARATEUR DE COMMANDE;;01/12/2013;Location longue durée;BT;OSE100;TOYOTA MATERIAL HANDLING;;01/12/2013;6279147;;;;;;;;;;;
GT LOGISTICS.02;NTN SAINT VULBAS;495574;ENGIN MAGASINAGE;PREPARATEUR DE COMMANDE;;01/12/2013;Location longue durée;BT;OSE100;TOYOTA MATERIAL HANDLING;;01/12/2013;6279148;;;;;;;;;;;
GT LOGISTICS.02;NTN SAINT VULBAS;495575;ENGIN MAGASINAGE;PREPARATEUR DE COMMANDE;;01/12/2013;Location longue durée;BT;OSE100;TOYOTA MATERIAL HANDLING;;01/12/2013;6279635;;;;;;;;;;;
GT LOGISTICS.02;NTN SAINT VULBAS;495576;ENGIN MAGASINAGE;PREPARATEUR DE COMMANDE;;01/12/2013;Location longue durée;BT;OSE100;TOYOTA MATERIAL HANDLING;;01/12/2013;6279636;;;;;;;;;;;
GT LOGISTICS.02;NTN SAINT VULBAS;495577;ENGIN MAGASINAGE;PREPARATEUR DE COMMANDE;;01/12/2013;Location longue durée;BT;OSE100;TOYOTA MATERIAL HANDLING;;01/12/2013;6279892;;;;;;;;;;;
GT LOGISTICS.02;NTN SAINT VULBAS;495578;ENGIN MAGASINAGE;PREPARATEUR DE COMMANDE;;01/12/2013;Location longue durée;BT;OSE100;TOYOTA MATERIAL HANDLING;;01/12/2013;6280336;;;;;;;;;;;
GT LOGISTICS.02;NTN SAINT VULBAS;495579;ENGIN MAGASINAGE;PREPARATEUR DE COMMANDE;;01/12/2013;Location longue durée;BT;OSE100;TOYOTA MATERIAL HANDLING;;01/12/2013;6280546;;;;;;;;;;;
GT LOGISTICS.02;NTN SAINT VULBAS;495580;ENGIN MAGASINAGE;PREPARATEUR DE COMMANDE;;01/12/2013;Location longue durée;BT;OME100 H;TOYOTA MATERIAL HANDLING;;01/12/2013;6273057;;;;;;;;;;;
GT LOGISTICS.02;NTN SAINT VULBAS;495581;ENGIN MAGASINAGE;TRANSPALETTE A CONDUCTEUR AUTOPORTE;;01/12/2013;Location longue durée;BT;LPE240;TOYOTA MATERIAL HANDLING;;01/12/2013;6270835;;;;;;;;;;;
GT LOGISTICS.02;NTN SAINT VULBAS;495582;ENGIN MAGASINAGE;TRANSPALETTE A CONDUCTEUR AUTOPORTE;;01/12/2013;Location longue durée;BT;LPE240;TOYOTA MATERIAL HANDLING;;01/12/2013;6270836;;;;;;;;;;;
GT LOGISTICS.02;NTN SAINT VULBAS;495583;ENGIN MAGASINAGE;TRANSPALETTE A CONDUCTEUR ACCOMPAGNANT;;01/12/2013;Location longue durée;BT;LWE160;TOYOTA MATERIAL HANDLING;;01/12/2013;6272459;;;;;;;;;;;
GT LOGISTICS.02;NTN SAINT VULBAS;495584;ENGIN MAGASINAGE;GERBEUR A CONDUCTEUR ACCOMPAGNANT;;01/12/2013;Location longue durée;BT;SWE080;TOYOTA MATERIAL HANDLING;;01/12/2013;6009741;;;;;;;;;;;
GT LOGISTICS.03;LIDL;495686;ENGIN MAGASINAGE;CHARIOT RETRACTABLE;;10/01/2014;Location longue durée;BT;RRE160;TOYOTA MATERIAL HANDLING;;10/01/2014;6286357;;;;;;;;;;;
GT LOGISTICS.03;LIDL;495687;ENGIN MAGASINAGE;CHARIOT RETRACTABLE;;10/01/2014;Location longue durée;BT;RRE160;TOYOTA MATERIAL HANDLING;;10/01/2014;6286356;;;;;;;;;;;
GT LOGISTICS.03;LIDL;495689;ENGIN BTP;NACELLE;;10/01/2014;Location longue durée;BT;NACELLE;TOYOTA MATERIAL HANDLING;;10/01/2014;6266468;;;;;;;;;;;
GT LOGISTICS.03;LIDL;495690;ENGIN MAGASINAGE;TRANSPALETTE A CONDUCTEUR AUTOPORTE;;01/01/2017;Location longue durée;BT;LPE240;TOYOTA MATERIAL HANDLING;;06/08/2016;6286544;;;;;;;;;;;
GT LOGISTICS.03;LIDL;495691;ENGIN MAGASINAGE;TRANSPALETTE A CONDUCTEUR AUTOPORTE;;01/01/2017;Location longue durée;BT;LPE240;TOYOTA MATERIAL HANDLING;;06/08/2016;6286545;;;;;;;;;;;
GT LOGISTICS.03;LIDL;495692;ENGIN MAGASINAGE;TRANSPALETTE A CONDUCTEUR AUTOPORTE;;01/01/2017;Location longue durée;BT;LPE240;TOYOTA MATERIAL HANDLING;;06/08/2016;6286546;;;;;;;;;;;
GT LOGISTICS.02;NTN SAINT VULBAS;495723;ENGIN MAGASINAGE;GERBEUR A CONDUCTEUR AUTOPORTE;;14/02/2014;Location longue durée;BT;SPE200;TOYOTA MATERIAL HANDLING;;14/02/2014;6290439;;;;;;;;;;;
GT LOGISTICS.02;Cadeaux naissance;495725;CHARIOT FRONTAL;CHARIOT ELEVATEUR >16T;;01/04/2014;Location longue durée;JUNGHEINRICH;EFG215;JUNGHEINRICH.;;01/03/2012;FN446127;;;;;;;;;;;
GT LOGISTICS.02;Cadeaux naissance;495726;ENGIN MAGASINAGE;CHARIOT RETRACTABLE;;01/04/2014;Location longue durée;JUNGHEINRICH;ETV112;JUNGHEINRICH.;;01/03/2012;91080933;;;;;;;;;;;
GT LOGISTICS.01;PAPETERIE EMIN LEYDIER;495778;ENGIN BTP;CHARGEUSE;;01/05/2014;Location longue durée;VOLVO;LG30;TOYOTA MATERIAL HANDLING;;24/09/2014;VCEL30G0V03120024;;;;;;;;;;;
GT LOGISTICS.03;LIDL;495817;ENGIN MAGASINAGE;TRANSPALETTE A CONDUCTEUR AUTOPORTE;;04/07/2014;Location longue durée;BT;OSE250;TOYOTA MATERIAL HANDLING;;04/07/2014;6286245;;;;;;;;;;;
GT LOGISTICS.01;PAPETERIE EMIN LEYDIER;495819;CHARIOT FRONTAL;CHARIOT ELEVATEUR 9T<à<16T;;01/07/2014;Location longue durée;HYSTER;H14XM-6;TOYOTA MATERIAL HANDLING;;01/07/2014;J019E02264M;;;;;;;;;;;
GT LOGISTICS.01;PAPETERIE EMIN LEYDIER;495820;CHARIOT FRONTAL;CHARIOT ELEVATEUR 9T<à<16T;;01/07/2014;Location longue durée;HYSTER;H14XM-6;TOYOTA MATERIAL HANDLING;;01/07/2014;J019E02263M;;;;;;;;;;;
GT LOGISTICS.02;NTN CRAN GEVRIER;495934;ENGIN MAGASINAGE;PREPARATEUR DE COMMANDE;;11/09/2014;Location longue durée;BT;OSE100;TOYOTA MATERIAL HANDLING;;10/09/2014;6315341;;;;;;;;;;;
GT LOGISTICS.02;NTN CRAN GEVRIER;495935;ENGIN MAGASINAGE;PREPARATEUR DE COMMANDE;;11/09/2014;Location longue durée;BT;OSE100;TOYOTA MATERIAL HANDLING;;10/09/2014;6315342;;;;;;;;;;;
GT LOGISTICS.02;NTN CRAN GEVRIER;495936;ENGIN MAGASINAGE;PREPARATEUR DE COMMANDE;;11/09/2014;Location longue durée;BT;OSE100;TOYOTA MATERIAL HANDLING;;10/09/2014;6315605;;;;;;;;;;;
GT LOGISTICS.02;NTN CRAN GEVRIER;495937;ENGIN MAGASINAGE;PREPARATEUR DE COMMANDE;;11/09/2014;Location longue durée;BT;OSE100;TOYOTA MATERIAL HANDLING;;10/09/2014;6315606;;;;;;;;;;;
GT LOGISTICS.06;CONTINENTAL FOIX;495954;CHARIOT FRONTAL;CHARIOT ELEVATEUR <2.5T;;01/10/2014;Location longue durée;BT;C3E150;;;01/10/2014;367308CE;;;;;;;;;;;
GT LOGISTICS.03;LIDL;496086;ENGIN MAGASINAGE;TRANSPALETTE A CONDUCTEUR AUTOPORTE;;01/01/2017;Location longue durée;BT;LPE240;TOYOTA MATERIAL HANDLING;;06/08/2016;6286547;;;;;;;;;;;
GT LOGISTICS.03;LIDL;496087;ENGIN MAGASINAGE;TRANSPALETTE A CONDUCTEUR AUTOPORTE;;01/01/2017;Location longue durée;BT;LPE240;TOYOTA MATERIAL HANDLING;;06/08/2016;6286548;;;;;;;;;;;
GT LOGISTICS.03;LIDL;496088;ENGIN MAGASINAGE;TRANSPALETTE A CONDUCTEUR AUTOPORTE;;01/01/2017;Location longue durée;BT;LPE240;TOYOTA MATERIAL HANDLING;;06/08/2016;6286549;;;;;;;;;;;
GT LOGISTICS.04;RTA Dunkerque;496205;ENGIN BTP;PELLE;;01/12/2014;Location longue durée;JCB;JS200;JEAN BART LOCATION;;01/12/2014;809243;;;;;;;;;;;
GT LOGISTICS.04;RTA Dunkerque;496207;ENGIN BTP;MINI-PELLE;;01/11/2014;Location longue durée;HANIX;A RENSEIGNER;JEAN BART LOCATION;;01/11/2014;H7530177;;;;;;;;;;;
GT LOGISTICS.02;NTN SAINT VULBAS;496514;ENGIN MAGASINAGE;GERBEUR A CONDUCTEUR ACCOMPAGNANT;;01/11/2015;Location longue durée;BT;SWE080L;TOYOTA MATERIAL HANDLING;;01/01/2015;6380715;;;;;;;;;;;
GT LOGISTICS.02;NTN SAINT VULBAS;496515;ENGIN MAGASINAGE;PREPARATEUR DE COMMANDE;;06/10/2015;Location longue durée;BT;OSE100;TOYOTA MATERIAL HANDLING;;01/01/2015;6383776;;;;;;;;;;;
GT LOGISTICS.02;NTN SAINT VULBAS;496516;ENGIN MAGASINAGE;PREPARATEUR DE COMMANDE;;06/10/2015;Location longue durée;BT;OSE100;TOYOTA MATERIAL HANDLING;;01/01/2015;6383777;;;;;;;;;;;
GT LOGISTICS.06;CONTINENTAL FOIX;496534;ENGIN MAGASINAGE;CHARIOT RETRACTABLE;;13/01/2016;Location longue durée;BT;RRE140;;;01/10/2015;6399238;;;;;;;;;;;
GT LOGISTICS.06;CONTINENTAL FOIX;496535;ENGIN MAGASINAGE;TRANSPALETTE A CONDUCTEUR ACCOMPAGNANT;;13/01/2016;Location longue durée;BT;LSE200;;;01/10/2014;6398247;;;;;;;;;;;
GT LOGISTICS.06;CONTINENTAL FOIX;496536;ENGIN MAGASINAGE;GERBEUR A CONDUCTEUR ACCOMPAGNANT;;13/01/2016;Location longue durée;BT;SWE080L;;;01/10/2015;6401895;;;;;;;;;;;
GT LOGISTICS.06;CONTINENTAL FOIX;496548;ENGIN MAGASINAGE;GERBEUR A CONDUCTEUR ACCOMPAGNANT;;25/02/2016;Location longue durée;BT;SWE120;;;01/01/2016;6405260;;;;;;;;;;;
GT LOGISTICS.06;CONTINENTAL FOIX;496549;CHARIOT FRONTAL;CHARIOT ELEVATEUR <2.5T;;25/02/2016;Location longue durée;TOYOTA;8FBE15T;;;01/01/2016;10060;;;;;;;;;;;
GT LOGISTICS.02;PSA Sochaux;496552;CHARIOT FRONTAL;CHARIOT ELEVATEUR 2.5T<à<5T;;12/02/2016;Mise à disposition;FENWICK;E25;APROLIS FINANCE;;12/02/2016;5293;;;;;;;;;;;
GT LOGISTICS.02;PSA Sochaux;496555;CHARIOT FRONTAL;CHARIOT ELEVATEUR 2.5T<à<5T;;12/02/2016;Mise à disposition;CATERPILLAR;EP50;APROLIS FINANCE;;12/02/2016;6064;;;;;;;;;;;
GT LOGISTICS.02;PSA Sochaux;496556;CHARIOT FRONTAL;CHARIOT ELEVATEUR 2.5T<à<5T;;12/02/2016;Mise à disposition;CATERPILLAR;EP50;APROLIS FINANCE;;12/02/2016;6139;;;;;;;;;;;
GT LOGISTICS.02;PSA Sochaux;496557;CHARIOT FRONTAL;CHARIOT ELEVATEUR 2.5T<à<5T;;12/02/2016;Mise à disposition;CATERPILLAR;EP50;APROLIS FINANCE;;12/02/2016;6240;;;;;;;;;;;
GT LOGISTICS.02;Cadeaux naissance;496758;ENGIN MAGASINAGE;CHARIOT RETRACTABLE;;01/02/2016;Location longue durée;STILL;FMX 12;GT LOGISTICS;;01/02/2016;511901F00127;;;;;;;;;;;
GT LOGISTICS.02;Cadeaux naissance;496759;ENGIN MAGASINAGE;TRANSPALETTE A CONDUCTEUR AUTOPORTE;;01/02/2016;Location longue durée;STILL;EXU-SF 20;GT LOGISTICS;;01/02/2016;F20179F00534;;;;;;;;;;;
GT LOGISTICS.02;NOGENT LE PHAYE;496762;ENGIN MAGASINAGE;TRANSPALETTE A CONDUCTEUR ACCOMPAGNANT;;04/10/2016;Location longue durée;YALE;MP16;GT LOGISTICS;;01/01/2016;A428T03629P;;;;;;;;;;;
GT LOGISTICS.02;NOGENT LE PHAYE;496763;ENGIN MAGASINAGE;TRANSPALETTE A CONDUCTEUR ACCOMPAGNANT;;04/10/2016;Location longue durée;YALE;MP16;GT LOGISTICS;;01/01/2016;A428T03628P;;;;;;;;;;;
GT LOGISTICS.04;RTA Dunkerque;496888;CHARIOT FRONTAL;CHARIOT ELEVATEUR <2.5T;;17/10/2016;Location longue durée;YALE;GDP25VX;GT LOGISTICS;;16/10/2016;B875B26557M;;;;;;;;;;;
GT LOGISTICS.04;RTA Dunkerque;496890;ENGIN BTP;CHARGEUSE;;02/11/2016;Location longue durée;CATERPILLAR;926M;;;16/10/2016;0LTE02415;;;;;;;;;;;
GT LOGISTICS.02;PSA Sochaux;496892;CHARIOT FRONTAL;CHARIOT ELEVATEUR 2.5T<à<5T;;24/03/2016;Mise à disposition;CATERPILLAR;EP50;APROLIS FINANCE;;12/02/2016;6137;;;;;;;;;;;
GT LOGISTICS.02;PSA Sochaux;496893;CHARIOT FRONTAL;CHARIOT ELEVATEUR 2.5T<à<5T;;24/03/2016;Mise à disposition;CATERPILLAR;EP50;APROLIS FINANCE;;12/02/2016;6138;;;;;;;;;;;
GT LOGISTICS.02;NTN CRAN GEVRIER;496990;ENGIN MAGASINAGE;PREPARATEUR DE COMMANDE;;01/12/2015;Location longue durée;BT;LWE160;TOYOTA MATERIAL HANDLING;;01/11/2015;6397401;;;;;;;;;;;
GT LOGISTICS.02;NTN CRAN GEVRIER;496991;CHARIOT FRONTAL;CHARIOT ELEVATEUR <2.5T;;01/12/2016;Location longue durée;BT;8FBET16;TOYOTA MATERIAL HANDLING;;01/11/2016;11266;;;;;;;;;;;
GT LOGISTICS.02;NTN SAINT VULBAS;496997;ENGIN MAGASINAGE;GERBEUR A CONDUCTEUR ACCOMPAGNANT;;06/10/2016;Location longue durée;BT;SWE080L;TOYOTA MATERIAL HANDLING;;01/10/2016;6390368;;;;;;;;;;;
GT LOGISTICS.02;NTN SAINT VULBAS;496998;ENGIN MAGASINAGE;PREPARATEUR DE COMMANDE;;06/10/2016;Location longue durée;BT;OSE100;TOYOTA MATERIAL HANDLING;;01/01/2016;6353717;;;;;;;;;;;
GT LOGISTICS.04;CECA FEUCHY;496999;CHARIOT FRONTAL;CHARIOT ELEVATEUR <2.5T;;01/01/2016;Mise à disposition;NISSAN;FD02A250;;;01/01/2016;FD02E712403;;;;;;;;;;;
GT LOGISTICS.04;CECA FEUCHY;497000;CHARIOT FRONTAL;CHARIOT ELEVATEUR <2.5T;2,5;01/01/2016;Mise à disposition;HYSTER;H2.5FT;;;01/01/2012;L177B38133K;;;;;;;;;;;
GT LOGISTICS.04;CECA FEUCHY;497001;CHARIOT FRONTAL;CHARIOT ELEVATEUR <2.5T;2,5;01/01/2016;Mise à disposition;HYSTER;H2.5FT;;;01/01/2012;L177B38136K;;;;;;;;;;;
GT LOGISTICS.04;CECA FEUCHY;497002;CHARIOT FRONTAL;CHARIOT ELEVATEUR <2.5T;2,5;01/01/2016;Mise à disposition;HYSTER;H2.5FT;;;01/01/2012;L177B38138K;;;;;;;;;;;
GT LOGISTICS.04;CECA FEUCHY;497003;CHARIOT FRONTAL;CHARIOT ELEVATEUR <2.5T;2,5;01/01/2016;Mise à disposition;HYSTER;H2.5FT;;;01/01/2012;L177B38141K;;;;;;;;;;;
GT LOGISTICS.04;CECA FEUCHY;497004;ENGIN TRACTION;TRACTEUR INDUSTRIEL;;01/01/2016;Mise à disposition;JOHN DEERE;5315 CS3;;;01/01/2007;ATCSCAB206258;;;;;;;;;;;
GT LOGISTICS.06;CONTINENTAL TOULOUSE;497006;CHARIOT FRONTAL;CHARIOT ELEVATEUR 2.5T<à<5T;;13/01/2016;Location longue durée;BT;8FBET15;;;01/01/2016;17095;;;;;;;;;;;
GT LOGISTICS.06;CONTINENTAL TOULOUSE;497007;CHARIOT FRONTAL;CHARIOT ELEVATEUR 2.5T<à<5T;;13/01/2016;Location longue durée;BT;8FBET15;;;01/01/2016;17088;;;;;;;;;;;
GT LOGISTICS.06;CONTINENTAL TOULOUSE;497008;ENGIN MAGASINAGE;CHARIOT RETRACTABLE;;13/01/2016;Location longue durée;BT;RRE140;;;01/01/2016;6409389;;;;;;;;;;;
GT LOGISTICS.06;CONTINENTAL TOULOUSE;497009;ENGIN MAGASINAGE;TRANSPALETTE A CONDUCTEUR AUTOPORTE;;13/02/2016;Location longue durée;BT;LPE200;;;01/01/2016;6402107;;;;;;;;;;;
GT LOGISTICS.06;CONTINENTAL TOULOUSE;497011;ENGIN MAGASINAGE;GERBEUR A CONDUCTEUR ACCOMPAGNANT;;13/01/2016;Location longue durée;BT;SWE080L;;;01/01/2016;6401954;;;;;;;;;;;
GT LOGISTICS.06;CONTINENTAL TOULOUSE;497012;ENGIN MAGASINAGE;GERBEUR A CONDUCTEUR ACCOMPAGNANT;;13/01/2016;Location longue durée;BT;SWE080L;;;01/01/2016;6401955;;;;;;;;;;;
GT LOGISTICS.06;CONTINENTAL TOULOUSE;497013;ENGIN MAGASINAGE;GERBEUR A CONDUCTEUR AUTOPORTE;;04/03/2016;Location longue durée;BT;SPE140L;;;01/01/2016;6407511;;;;;;;;;;;
GT LOGISTICS.06;CONTINENTAL TOULOUSE;497014;ENGIN MAGASINAGE;GERBEUR A CONDUCTEUR AUTOPORTE;;04/03/2016;Location longue durée;BT;SPE200;;;01/01/2016;6409356;;;;;;;;;;;
GT LOGISTICS.02;PSA POLARIS;497020;ENGIN MAGASINAGE;GERBEUR A CONDUCTEUR ACCOMPAGNANT;;01/09/2016;Mise à disposition;OMG;CHARIOT;;;01/09/2016;72693010010;;;;;;;;;;;
GT LOGISTICS.02;PSA POLARIS;497021;CHARIOT FRONTAL;CHARIOT ELEVATEUR <2.5T;;01/09/2016;Mise à disposition;CHARLATTE;TE206;;;01/09/2016;2060460;;;;;;;;;;;
GT LOGISTICS.02;PSA POLARIS;497022;CHARIOT FRONTAL;CHARIOT ELEVATEUR <2.5T;;01/09/2016;Mise à disposition;CHARLATTE;TE206;;;01/09/2016;2060267;;;;;;;;;;;
GT LOGISTICS.02;PSA POLARIS;497026;CHARIOT FRONTAL;CHARIOT ELEVATEUR <2.5T;;01/09/2016;Mise à disposition;HYSTER;J2.5XN-717;;;01/09/2016;A276B02957K;;;;;;;;;;;
GT LOGISTICS.02;PSA POLARIS;497027;CHARIOT FRONTAL;CHARIOT ELEVATEUR <2.5T;;01/09/2016;Mise à disposition;HYSTER;J2.5XN-717;;;01/09/2016;A276B02958K;;;;;;;;;;;
GT LOGISTICS.02;PSA POLARIS;497028;ENGIN MAGASINAGE;CHARIOT RETRACTABLE;;01/09/2016;Mise à disposition;HYSTER;R2.0;;;01/09/2016;C435T08785K;;;;;;;;;;;
GT LOGISTICS.02;NTN CRAN GEVRIER;497029;ENGIN MAGASINAGE;TRANSPALETTE A CONDUCTEUR AUTOPORTE;;03/02/2017;Location longue durée;BT;LPE240;TOYOTA MATERIAL HANDLING;;03/02/2017;6473021;;;;;;;;;;;
GT LOGISTICS.02;NTN CRAN GEVRIER;497040;ENGIN MAGASINAGE;CHARIOT RETRACTABLE;;03/02/2017;Location longue durée;BT;RRE160;TOYOTA MATERIAL HANDLING;;03/02/2017;6477202;;;;;;;;;;;
GT LOGISTICS.04;RTA Dunkerque;497264;CHARIOT FRONTAL;CHARIOT ELEVATEUR 5T<à<=9T;;26/06/2017;Achat neuf;YALE;GDP50VX;VIVIER;;01/06/2017;K813B02271R;;;;;;;;;;;
GT LOGISTICS.04;RTA Dunkerque;497266;CHARIOT FRONTAL;CHARIOT ELEVATEUR 5T<à<=9T;;07/06/2017;Location longue durée;MANITOU;M100D S1 3D;JEAN BART LOCATION;;01/06/2017;871235;;;;;;;;;;;
GT LOGISTICS.03;LIDL;497487;ENGIN MAGASINAGE;GERBEUR A CONDUCTEUR AUTOPORTE;;04/12/2017;Location longue durée;BT;SPE200;TOYOTA MATERIAL HANDLING;;01/01/2017;6544072;;;;;;;;;;;
GT LOGISTICS.03;LIDL;497488;ENGIN MAGASINAGE;GERBEUR A CONDUCTEUR AUTOPORTE;;04/12/2017;Location longue durée;BT;SPE200;TOYOTA MATERIAL HANDLING;;01/01/2017;6544071;;;;;;;;;;;
GT LOGISTICS.03;PSA Versailles;497618;ENGIN MAGASINAGE;CHARIOT RETRACTABLE;;03/01/2018;Mise à disposition;STILL;R60-25;;;03/01/2018;516043002114;;;;;;;;;;;
GT LOGISTICS.03;PSA Versailles;497619;ENGIN MAGASINAGE;CHARIOT RETRACTABLE;;03/01/2018;Mise à disposition;STILL;R50-15 SAXBY;;;03/01/2018;50344676;;;;;;;;;;;
GT LOGISTICS.03;PSA Versailles;497620;ENGIN MAGASINAGE;CHARIOT RETRACTABLE;;03/01/2018;Mise à disposition;STILL;R50-10;;;03/01/2018;50320225;;;;;;;;;;;
GT LOGISTICS.02;NTN SAINT VULBAS;497643;ENGIN MAGASINAGE;CHARIOT NACELLE;;01/12/2017;Mise à disposition;BT;OP1000 HSE;TOYOTA MATERIAL HANDLING;;01/12/2017;6155079;;;;;;;;;;;
GT LOGISTICS.02;PSA Sochaux;497647;CHARIOT FRONTAL;CHARIOT ELEVATEUR 2.5T<à<5T;;30/10/2017;Mise à disposition;CATERPILLAR;EP50;APROLIS FINANCE;;01/01/2017;6271;;;;;;;;;;;
GT LOGISTICS.02;PSA Sochaux;497648;CHARIOT FRONTAL;CHARIOT ELEVATEUR 2.5T<à<5T;;30/10/2017;Mise à disposition;CATERPILLAR;EP50;APROLIS FINANCE;;01/01/2017;6272;;;;;;;;;;;
GT LOGISTICS.02;NTN SAINT VULBAS;497649;ENGIN MAGASINAGE;CHARIOT RETRACTABLE;;01/12/2017;Mise à disposition;BT;A RENSEIGNER;TOYOTA MATERIAL HANDLING;;01/12/2017;508027;;;;;;;;;;;
GT LOGISTICS.02;PSA POLARIS;497652;CHARIOT FRONTAL;CHARIOT ELEVATEUR <2.5T;;19/11/2017;Mise à disposition;JUNGHEINRICH;P992F;;;15/03/2017;FN532392;;;;;;;;;;;
GT LOGISTICS.02;PSA POLARIS;497653;CHARIOT FRONTAL;CHARIOT ELEVATEUR <2.5T;;14/03/2017;Mise à disposition;CHARLATTE;P60Z;;;15/03/2017;G1X126U00573;;;;;;;;;;;
GT LOGISTICS.02;PSA POLARIS;497654;CHARIOT FRONTAL;CHARIOT ELEVATEUR <2.5T;;19/11/2017;Mise à disposition;CHARLATTE;APROLIS;;;15/03/2017;C273/TO075;;;;;;;;;;;
GT LOGISTICS.02;PSA POLARIS;497655;ENGIN MAGASINAGE;GERBEUR A CONDUCTEUR ACCOMPAGNANT;;19/11/2017;Mise à disposition;OMG;CHARIOT;;;15/03/2017;90532714;;;;;;;;;;;
GT LOGISTICS.02;PSA POLARIS;497656;CHARIOT FRONTAL;CHARIOT ELEVATEUR <2.5T;;19/11/2017;Mise à disposition;JUNGHEINRICH;FN534172;;;15/03/2017;EFG425470DZ;;;;;;;;;;;
GT LOGISTICS.02;PSA POLARIS;497657;ENGIN MAGASINAGE;CHARIOT RETRACTABLE;;19/11/2017;Mise à disposition;JUNGHEINRICH;6-0116G-EU;;;15/03/2017;BA145910;;;;;;;;;;;
GT LOGISTICS.03;LIDL;497658;CHARIOT FRONTAL;CHARIOT ELEVATEUR 2.5T<à<5T;;31/10/2016;Location longue durée;TOYOTA;8FBET18;TOYOTA MATERIAL HANDLING;;06/08/2015;8FBE18T-10620 ;;;;;;;;;;;
GT LOGISTICS.06;CONTINENTAL FOIX;497662;ENGIN MAGASINAGE;GERBEUR A CONDUCTEUR ACCOMPAGNANT;;11/12/2017;Location longue durée;BT;SWE120;;;01/01/2017;6539161;;;;;;;;;;;
GT LOGISTICS.06;CONTINENTAL FOIX;497663;ENGIN MAGASINAGE;GERBEUR A CONDUCTEUR AUTOPORTE;;11/12/2017;Location longue durée;BT;SPE125;;;01/01/2017;6542769;;;;;;;;;;;
GT LOGISTICS.08;PSA Vesoul Condi;497790;CHARIOT FRONTAL;CHARIOT ELEVATEUR <2.5T;;13/12/2017;Mise à disposition;FENWICK;E16C;PSA Vesoul;;01/01/2013;L1134;;;;;;;;;;;
GT LOGISTICS.02;NTN CRAN GEVRIER;497808;ENGIN MAGASINAGE;PREPARATEUR DE COMMANDE;;06/03/2018;Location longue durée;BT;OSE100 ;TOYOTA MATERIAL HANDLING;;01/01/2018;6397790;;;;;;;;;;;
GT LOGISTICS.02;NTN CRAN GEVRIER;497809;ENGIN MAGASINAGE;PREPARATEUR DE COMMANDE;;06/03/2018;Location longue durée;BT;OSE120CB;TOYOTA MATERIAL HANDLING;;01/01/2018;6009404;;;;;;;;;;;
GT LOGISTICS.03;PSM Thiollet;497909;CHARIOT FRONTAL;CHARIOT ELEVATEUR 2.5T<à<5T;;25/06/2018;Location longue durée;FENWICK;H50D;;;27/12/2012;H2X394C04029;Reprise contrat en cours;;;;;;;;;;
GT LOGISTICS.03;PSM Thiollet;497910;CHARIOT FRONTAL;CHARIOT ELEVATEUR 2.5T<à<5T;;25/06/2018;Location longue durée;FENWICK;H50D;;;27/12/2012;H2X394C04091;Reprise contrat en cours;;;;;;;;;;
GT LOGISTICS.03;PSM Thiollet;497911;CHARIOT FRONTAL;CHARIOT ELEVATEUR 5T<à<=9T;;25/06/2018;Location longue durée;FENWICK;H60D;;;A compléter;H2X396D00016;Reprise contrat en cours;;;;;;;;;;
GT LOGISTICS.06;CONTINENTAL TOULOUSE;497926;ENGIN MAGASINAGE;TRANSPALETTE A CONDUCTEUR AUTOPORTE;;13/02/2016;Location longue durée;BT;LPE200;;;01/01/2016;6401894;;;;;;;;;;;
GT LOGISTICS.03;PSM Thiollet;497912;ENGIN BTP;CHARGEUSE;;25/06/2018;Location longue durée;CATERPILLAR;914M;;;01/08/2017;H2400227;Reprise contrat en cours;;;;;;;;;;
GT LOGISTICS.03;PSM Thiollet;497913;ENGIN BTP;CHARGEUSE;;25/06/2018;Location longue durée;CATERPILLAR;938H;;;01/12/2008;JKLM000295;Reprise contrat en cours;;;;;;;;;;
GT LOGISTICS.03;SAFRAN SED FOUGERES;497914;ENGIN MAGASINAGE;TRANSPALETTE A CONDUCTEUR AUTOPORTE;;16/04/2018;Mise à disposition;A définir;non communiqué;;;non communiqué;P1144752;;;;;;;;;;;
GT LOGISTICS.03;SAFRAN SED FOUGERES;497915;CHARIOT FRONTAL;CHARIOT ELEVATEUR <2.5T;;16/04/2018;Mise à disposition;A définir;non communiqué;;;non communiqué;VOIR SYLVAIN GUERLEE;;;;;;;;;;;
GT LOGISTICS.02;PSA Sochaux;497916;CHARIOT FRONTAL;CHARIOT ELEVATEUR 2.5T<à<5T;;06/06/2018;Mise à disposition;CATERPILLAR;EP50;APROLIS FINANCE;;01/01/2015;6239;;;;;;;;;;;
GT LOGISTICS.02;PSA Sochaux;497917;CHARIOT FRONTAL;CHARIOT ELEVATEUR 2.5T<à<5T;;06/06/2018;Mise à disposition;CATERPILLAR;EP50;APROLIS FINANCE;;01/01/2017;6278;;;;;;;;;;;
GT LOGISTICS.06;PRYSMIAN;497918;CHARIOT FRONTAL;CHARIOT ELEVATEUR 2.5T<à<5T;;16/02/2018;Mise à disposition;CATERPILLAR ;GP25NTD ;;;non communiqué;CT17E-53774;Pas de convention;;;;;;;;;;
GT LOGISTICS.06;PRYSMIAN;497919;CHARIOT FRONTAL;CHARIOT ELEVATEUR 2.5T<à<5T;;16/02/2018;Mise à disposition;CATERPILLAR;GP25NTD ;;;non communiqué;CT17E-53776;Pas de convention;;;;;;;;;;
GT LOGISTICS.06;PRYSMIAN;497920;CHARIOT FRONTAL;CHARIOT ELEVATEUR 2.5T<à<5T;;16/02/2018;Mise à disposition;CATERPILLAR;GP50NTD ;;;non communiqué;CT33D-50011;Pas de convention;;;;;;;;;;
GT LOGISTICS.06;PRYSMIAN;497921;CHARIOT FRONTAL;CHARIOT ELEVATEUR 2.5T<à<5T;;16/02/2018;Mise à disposition;CATERPILLAR;GP50NTD ;;;non communiqué;CT33D-50010;Pas de convention;;;;;;;;;;
GT LOGISTICS.06;PRYSMIAN;497922;CHARIOT FRONTAL;CHARIOT ELEVATEUR 2.5T<à<5T;;16/02/2018;Mise à disposition;CATERPILLAR;KBO POR0130 ;;;non communiqué;POR309350;Pas de convention;;;;;;;;;;
GT LOGISTICS.06;PRYSMIAN;497923;CHARIOT FRONTAL;CHARIOT ELEVATEUR 2.5T<à<5T;;16/02/2018;Mise à disposition;CATERPILLAR;KBO POR0130 ;;;non communiqué;POR309351;Pas de convention;;;;;;;;;;
GT LOGISTICS.06;PRYSMIAN;497924;CHARIOT FRONTAL;CHARIOT ELEVATEUR 2.5T<à<5T;;16/02/2018;Mise à disposition;CATERPILLAR;KBO POR0264 ;;;non communiqué;POR309353;Pas de convention;;;;;;;;;;
GT LOGISTICS.06;PRYSMIAN;497925;CHARIOT FRONTAL;CHARIOT ELEVATEUR 2.5T<à<5T;;16/02/2018;Mise à disposition;CATERPILLAR;KBO PRO0264 ;;;non communiqué;POR309352;Pas de convention;;;;;;;;;;
GT LOGISTICS.01;GT Santé;500106;REMORQUE;CAISSE MOBILE;;05/11/2002;Achat neuf;LAHITTE;;GT LOGISTICS.01;;05/11/2002;;Flotte ASS PL;0;0;0;CMOB;;;;;;
GT LOGISTICS.01;EUTHANASIE VOLAILLES;500109;REMORQUE;CAISSE MOBILE;;05/11/2002;Achat neuf;LAHITTE;;GT LOGISTICS.01;CAISSE MOBILE;05/11/2002;;Flotte ASS PL;0;0;0;CMOB;;;;;;
GT LOGISTICS.01;EUTHANASIE VOLAILLES;500229;REMORQUE;CAISSE MOBILE;;01/12/2008;Achat neuf;MICODAN;;GT LOGISTICS.01;CAISSE MICODAN;01/12/2008;;Flotte ASS PL;0;0;0;CMOB;;;;;;
GT LOGISTICS.01;EUTHANASIE VOLAILLES;500230;REMORQUE;CAISSE MOBILE;;01/12/2008;Achat neuf;MICODAN;;GT LOGISTICS.01;CAISSE MICODAN;01/12/2008;;Flotte ASS PL;0;0;0;CMOB;;;;;;
GT LOGISTICS.07;RATIER-FIGEAC;600063;REMORQUE;REMORQUE INDUSTRIELLE;;13/06/2005;Achat neuf;DAUDIN;A RENSEIGNER;GT LOGISTICS;;13/06/2005;;;;;;;;;;;;
GT LOGISTICS.07;RATIER-FIGEAC;600064;REMORQUE;REMORQUE INDUSTRIELLE;;13/06/2005;Achat neuf;DAUDIN;A RENSEIGNER;GT LOGISTICS;;13/06/2005;;;;;;;;;;;;
GT LOGISTICS.07;RATIER-FIGEAC;600099;REMORQUE;REMORQUE INDUSTRIELLE;;01/01/2010;Achat neuf;DAUDIN;A RENSEIGNER;GT LOGISTICS (non fact);;01/01/2010;;;;;;;;;;;;
GT LOGISTICS.07;RATIER-FIGEAC;600100;REMORQUE;REMORQUE INDUSTRIELLE;;01/01/2010;Achat neuf;DAUDIN;A RENSEIGNER;GT LOGISTICS (non fact);;01/01/2010;;;;;;;;;;;;
GT LOGISTICS.07;RATIER-FIGEAC;600107;REMORQUE;REMORQUE INDUSTRIELLE;;01/01/2010;Achat neuf;DAUDIN;A RENSEIGNER;GT LOGISTICS (non fact);;01/07/2010;440-10-03M;;;;;;;;;;;
GT LOGISTICS.05;SMURFIT;600115;ENGIN TRACTION;LOCOTRACTEUR;;01/04/2006;Achat neuf;EUROTRACT;LOCOTRACTEUR;GT LOGISTICS (non fact);LOCOTRACTEUR;01/04/2006;ANCIEN400298;;;;;;;;;;;
GT LOGISTICS.04;RTA Dunkerque;600116;ENGIN TRACTION;LOCOTRACTEUR;;01/01/2011;Achat neuf;ZEPHIR;E2000;FRANCETRUCK;;01/01/2011;2351;;;;;;;;;;;
GT LOGISTICS.04;ARIANEGROUP Le Haillan;600173;REMORQUE;REMORQUE INDUSTRIELLE;;08/11/2013;Achat neuf;DAUDIN;A RENSEIGNER;FRANCETRUCK;;01/11/2013;à renseigner;;;;;;;;;;;
GT LOGISTICS.04;ARKEMA MONT;600202;REMORQUE;REMORQUE INDUSTRIELLE;;10/08/2015;Achat neuf;FENWICK;MS1430;GT LOGISTICS;;10/08/2015;66/07/15 01;;;;;;;;;;;
GT LOGISTICS.04;ARKEMA MONT;600203;REMORQUE;REMORQUE INDUSTRIELLE;;10/08/2015;Achat neuf;FENWICK;MS1430;GT LOGISTICS;;10/08/2015;66/07/15 02;;;;;;;;;;;
GT LOGISTICS.04;ARKEMA MONT;600204;REMORQUE;REMORQUE INDUSTRIELLE;;10/08/2015;Achat neuf;FENWICK;MS1430;GT LOGISTICS;;10/08/2015;66/07/15 03;;;;;;;;;;;
GT LOGISTICS.04;ARKEMA MONT;600205;REMORQUE;REMORQUE INDUSTRIELLE;;10/08/2015;Achat neuf;FENWICK;MS1430;GT LOGISTICS;;10/08/2015;66/07/15 04;;;;;;;;;;;
GT LOGISTICS.04;ARKEMA MONT;600206;REMORQUE;REMORQUE INDUSTRIELLE;;10/08/2015;Achat neuf;FENWICK;MS1430;GT LOGISTICS;;10/08/2015;21/04/2015;;;;;;;;;;;
GT LOGISTICS.03;AIA;680141;VOITURE;VEHICULE DE SERVICE;;05/02/2012;Achat occasion;ELV;;GT LOGISTICS.03;BH235NQ;05/02/2012;;Flotte VéH. Sce;1,5;1,7;2;QM;;;;;;
GT LOGISTICS.04;CECA FEUCHY;690234;REMORQUE;REMORQUE INDUSTRIELLE;;01/01/2016;Mise à disposition;MILOCO;MS11142400000001;;;01/01/2009;0003003091;;;;;;;;;;;
GT LOGISTICS.04;CECA FEUCHY;690235;REMORQUE;REMORQUE INDUSTRIELLE;;01/01/2016;Mise à disposition;MILOCO;MS11142400000001;;;01/01/2009;0003003092;;;;;;;;;;;
GT LOGISTICS.04;CECA FEUCHY;690236;REMORQUE;REMORQUE INDUSTRIELLE;;01/01/2016;Mise à disposition;MILOCO;MS11142400000001;;;01/01/2009;0003003093;;;;;;;;;;;
GT LOGISTICS.04;CECA FEUCHY;690237;REMORQUE;REMORQUE INDUSTRIELLE;;01/01/2016;Mise à disposition;MILOCO;MS11142400000001;;;01/01/2009;0003003094;;;;;;;;;;;
GT LOGISTICS.02;PSA POLARIS;690238;REMORQUE;REMORQUE INDUSTRIELLE;;01/09/2016;Mise à disposition;PSA;SUR MESURE;;;01/09/2016;900173822;;;;;;;;;;;
GT LOGISTICS.02;PSA POLARIS;690239;REMORQUE;REMORQUE INDUSTRIELLE;;01/09/2016;Mise à disposition;PSA;SUR MESURE;;;01/09/2016;900173821;;;;;;;;;;;
GT LOGISTICS.02;PSA POLARIS;690240;REMORQUE;REMORQUE INDUSTRIELLE;;01/09/2016;Mise à disposition;PSA;SUR MESURE;;;01/09/2016;900173826;;;;;;;;;;;
GT LOGISTICS.02;PSA POLARIS;690241;REMORQUE;REMORQUE INDUSTRIELLE;;01/09/2016;Mise à disposition;PSA;SUR MESURE;;;01/09/2016;900173825;;;;;;;;;;;
GT LOGISTICS.02;PSA POLARIS;690242;REMORQUE;REMORQUE INDUSTRIELLE;;01/09/2016;Mise à disposition;PSA;SUR MESURE;;;01/09/2016;900173823;;;;;;;;;;;
GT LOGISTICS.02;PSA POLARIS;690243;REMORQUE;REMORQUE INDUSTRIELLE;;01/09/2016;Mise à disposition;SMAN; ;;;01/09/2016;JAUNE;;;;;;;;;;;
GT LOGISTICS.02;PSA POLARIS;690244;REMORQUE;REMORQUE INDUSTRIELLE;;01/09/2016;Mise à disposition;SMAN;BLEU;;;01/09/2016;BLEU;;;;;;;;;;;
GT LOGISTICS.02;PSA POLARIS;690245;REMORQUE;REMORQUE INDUSTRIELLE;;01/09/2016;Mise à disposition;SMAN;BLEU;;;01/09/2016;BLEU;;;;;;;;;;;
GT LOGISTICS.02;PSA POLARIS;690246;REMORQUE;REMORQUE INDUSTRIELLE;;01/09/2016;Mise à disposition;SMAN;BLEU;;;01/09/2016;BLEU;;;;;;;;;;;
GT LOGISTICS.02;PSA POLARIS;690255;REMORQUE;REMORQUE INDUSTRIELLE;;19/11/2017;Mise à disposition;PSA;SUR MESURE;;;01/01/2017;848069;;;;;;;;;;;
GT LOGISTICS.02;PSA POLARIS;690256;REMORQUE;REMORQUE INDUSTRIELLE;;19/11/2017;Mise à disposition;PSA;SUR MESURE;;;01/01/2017;CU 6T 98;;;;;;;;;;;
GT LOGISTICS.02;NOGENT LE PHAYE;800429;CAMION ET CAMIONNETTE;VEHICULE UTILITAIRE;;06/03/2009;Achat neuf;CITROEN;;;5247WZ28;06/03/2009;;Flotte ASS PL;3;5;7;CTTE;;;;;;
GT LOGISTICS.01;CEA Cesta;800430;CAMION ET CAMIONNETTE;VEHICULE UTILITAIRE;;23/03/2009;Achat neuf;PEUGEOT;;GT LOGISTICS.01;5148VQ33;23/03/2009;;Flotte ASS PL;2,661;4,333;5;CTTE;;;;;;
GT LOGISTICS.01;CEA Cesta;800431;CAMION ET CAMIONNETTE;VEHICULE UTILITAIRE;;23/03/2009;Achat neuf;PEUGEOT;;GT LOGISTICS.01;5149VQ33;23/03/2009;;Flotte ASS PL;2,661;4,333;5;CTTE;;;;;;
GT LOGISTICS.01;CEA Cesta;800438;CAMION ET CAMIONNETTE;VEHICULE UTILITAIRE;;04/11/2009;Achat neuf;CITROEN;;GT LOGISTICS.01;AE188RV;04/11/2009;;Flotte ASS PL;3,5;6,5;7;CTTE;;;;;;
GT LOGISTICS.01;CEA Cesta;800589;CAMION ET CAMIONNETTE;VEHICULE DE SERVICE;;20/12/2012;Achat neuf;PEUGEOT;;GT LOGISTICS.01;CP573DK;20/12/2012;;Flotte ASS PL;2,661;4,333;5;CTTE;;;;;;
GT LOGISTICS.04;ARIANEGROUP Le Haillan;800590;CAMION ET CAMIONNETTE;VEHICULE UTILITAIRE;;20/12/2012;Achat neuf;PEUGEOT;;;CP659DK;20/12/2012;;;3,5;6;7;CTTE;;;;;;
GT LOGISTICS.04;ARIANEGROUP Le Haillan;800591;CAMION ET CAMIONNETTE;VEHICULE UTILITAIRE;;20/12/2012;Achat neuf;PEUGEOT;;;CP678DK;20/12/2012;;;3,5;6;7;CTTE;;;;;;
GT LOGISTICS.01;GT Santé;800687;CAMION ET CAMIONNETTE;VEHICULE DE SERVICE;;25/09/2014;Achat neuf;RENAULT;;GT LOGISTICS.01;DK420KL;25/09/2014;;Flotte ASS PL;1,651;2,551;6;CTTE;;;;;;
GT LOGISTICS.04;ARIANEGROUP Le Haillan;800718;VOITURE;VEHICULE DE SERVICE;;29/12/2014;Achat neuf;RENAULT;;GT LOGISTICS.04;DM690XY;29/12/2014;;Flotte VéH. Sce;1,651;2,551;6;CTTE;;;;;;
GT LOGISTICS.01;GT Santé;800761;CAMION ET CAMIONNETTE;VEHICULE DE SERVICE;;21/01/2016;Achat neuf;PEUGEOT;;GT LOGISTICS.01;DZ728BC;21/01/2016;;Flotte ASS PL;3,205;1,805;46;VP;;;;;;
GT LOGISTICS.02;PSA POLARIS;800804;VOITURE;VEHICULE DE SERVICE;;16/11/2016;Achat neuf;PEUGEOT;;;EG520TN;16/11/2016;;Utilisateur : Véh. Sce - Flotte ASS VF;1,635;2,295;4;VP;;;;;;
GT LOGISTICS.01;GT Santé;800888;VOITURE;Minibus;;17/10/2017;Achat neuf;PEUGEOT;;GT LOGISTICS.01;ER441HG;17/10/2017;;Flotte ASS PL;2,74;4,08;6;VP;;;;;;
GT LOGISTICS.01;CEA Cesta;880483;CAMION ET CAMIONNETTE;VEHICULE UTILITAIRE;;24/04/2007;Achat occasion;CITROEN;;GT LOGISTICS.01;AZ431QC;24/04/2007;;Flotte ASS PL;2,661;4,333;5;CTTE;;;;;;
GT LOGISTICS.03;AIA;880534;CAMION ET CAMIONNETTE;VEHICULE DE SERVICE;;29/01/2007;Achat occasion;PEUGEOT;;GT LOGISTICS.03;BT736RC;29/01/2007;;Flotte ASS PL;2,661;4,333;5;CTTE;;;;;;
GT LOGISTICS.04;RTA Dunkerque;880536;CAMION ET CAMIONNETTE;VEHICULE UTILITAIRE;;11/03/2008;Achat occasion;CITROEN;;GT LOGISTICS.04;BV155XW;11/03/2008;;Flotte VéH. Sce;1,73;2,83;6;CTTE;;;;;;
GT LOGISTICS.04;TRIMET;880604;CAMION ET CAMIONNETTE;VEHICULE UTILITAIRE;;03/05/2010;Achat occasion;PEUGEOT;;GT LOGISTICS.04;AR306MP;03/05/2010;;Flotte VéH. Sce;1,805;2,855;7;CTTE;;;;;;
GT LOGISTICS.06;CONTINENTAL FOIX;890688;VOITURE;VEHICULE DE SERVICE;;14/10/2014;Location longue durée;RENAULT;;GT LOGISTICS.06;DK047YK;14/10/2014;;Flotte VéH. Sce;1,651;2,551;6;CTTE;;;;;;
GT LOGISTICS;Bassens;980821;VOITURE;VEHICULE DE FONCTION;;19/10/2016;Achat occasion;BMW;Série3;GT LOGISTICS;EG081CF;19/10/2016;;Utilisateur : E.SARRAT - Flotte ASS PL;2,41;4,51;16;VP;;;;;;
GT LOGISTICS.02;Angers;990730;VOITURE;VEHICULE DE FONCTION;;29/06/2015;Location longue durée;PEUGEOT;;ALD;DS585XA;29/06/2015;;Utilisateur : B. SEMENSATIS - Flotte ASS VF;2,005;3,205;6;VP;;;;;;
GT LOGISTICS;Bassens;990762;VOITURE;VEHICULE DE FONCTION;;05/01/2016;Location longue durée;BMW;Serie3;ALPHABET;DY569RD;05/01/2016;;Utilisateur : B. LEGOUEIX - Flotte ASS VS;2,12;3,99;8;VP;;;;;;
GT LOGISTICS;Bassens;990788;VOITURE;VEHICULE DE FONCTION;;22/06/2016;Location longue durée;RENAULT;Mégane;Arval;ED-138-GV;22/06/2016;;Utilisateur : TOUGAYERE - Flotte Ass VF;1,848;3,148;5;VP;;;;;;
GT LOGISTICS;Bassens;990789;VOITURE;VEHICULE DE FONCTION;;25/08/2016;Location longue durée;RENAULT;Mégane;Arval;EE183TS;25/08/2016;;Utilisateur : V.COTTEN - Flotte ASS VF;1,848;3,148;5;VP;;;;;;
GT LOGISTICS;Bassens;990791;VOITURE;VEHICULE DE FONCTION;;18/08/2016;Location longue durée;MERCEDES;GLA;Arval;EE521QW;18/08/2016;;Utilisateur : F.FERRANDON - Flotte ASS VF;2,05;3,565;7;VP;;;;;;
GT LOGISTICS.02;NOGENT LE PHAYE;990793;VOITURE;VEHICULE DE FONCTION;;02/11/2015;Location longue durée;MERCEDES;;ALD;DX074BM;02/11/2015;;Utilisateur : P. MADELAIN - Flotte ASS VF;1,875;3,15;7;VP;;;;;;
GT LOGISTICS;Bassens;990910;VOITURE;VEHICULE DE FONCTION;;30/01/2018;Location longue durée;PEUGEOT;3008;Arval;ET621RQ;30/01/2018;;Utilisateur : S.GOURSAUD - Flotte ASS VF;1,25;3,31;;VP;;;;;;
GT LOGISTICS;Bassens;990911;VOITURE;VEHICULE DE FONCTION;;21/03/2018;Location longue durée;PEUGEOT;308;Arval;EV966XT;21/03/2018;;Utilisateur : O. ISSANCHOU - Flotte ASS VS;1,73;3,03;6;VP;;;;;;
;;;;;;;;;;;;;;;;;;;;;;;;
;;;;;;;;;;;;;;;;;;;;;;;;
;;;;;;;;;;;;;;;;;;;;;;;;
;;;;;;;;;;;;;;;;;;;;;;;;
;;;;;;;;;;;;;;;;;;;;;;;;
;;;;;;;;;;;;;;;;;;;;;;;;
;;;;;;;;;;;;;;;;;;;;;;;;
;;;;;;;;;;;;;;;;;;;;;;;;
;;;;;;;;;;;;;;;;;;;;;;;;
;;;;;;;;;;;;;;;;;;;;;;;;
;;;;;;;;;;;;;;;;;;;;;;;;
;;;;;;;;;;;;;;;;;;;;;;;;
