CODE ARTICLE CEA;REGULATOR PARTS AVEC 2 VIS;ADRESSE;QTY FINAL
EMT_B18;BOUCHON P¨LASTIQUE BLANC SENDER;BAT 41A02C2;3
ELEC_V78;PARTIE PLASTIQUE POUR ACCOUPLEMENT;BAT 41F03B3;1
EMC_B69;ELEMENT TIGE TEFLON SERIE 2;BAT 41F03C1;1
EMC_B74;DISQUE TEFLON BLANC;BAT 41F03C1;2
EMC_E70;SUPPORT TEFLON BLANC;BAT 41F03D1;1
LIT_C44;NUT, THUMB, WAFER ROLLER;BAT 41F03D2;2
EMC_X24;SUPPORT METALLIQUE;BAT 41F03E1;1
LIT_C734;BRAS ROLLER ;BAT 41F03E1;1
AMP_F38;CAPOT PLASTIQUE (KIT ONTRAK);BAT 41F03F1;20
AMP_V07;CARTE ELECTRONIQUE/PIA;BAT 41F03F2;10
AMP_V11;ALIM 48 VOLTS;BAT 41F03F2;2
AMP_K06;CARTE ELECTRONIQUE CONTROLEUR ELECTROCRAFT;BAT 41F03F3;6
AMP_K18;KIT  DC MTR W/TACH HRNSS (MOTEUR AVEC CABLE);BAT 41F03F4;1
DEP_O92;ALIMENTATION +5VD/+12VDC/-12VDC;BAT 41F04A1;4
EMC_X61;CARTE ÉLECTRONIQUE ANALOGIQUE ;BAT 41F04B1;42
EMC_X62;VANNE 3 VOIES FLUOROWARE 203-3414-215 ;BAT 41F04B3;7
EVA_013;CAPTEUR INDUCTIF MEUBLE DISTRIBUTION SCRUB ;BAT 41F04B4;5
EVA_014;RACCORD COUDÉ VÉRIN ;BAT 41F04B4;7
EVA_016;KIT SENDER;BAT 41F04B4;1
EVA_020;DSS INTERFACE;BAT 41F04B4;3
EVA_021;ROULEMENT BROSSE SCRUBBER ;BAT 41F04B4;2
EVA_022;O RING SCRUBBER ;BAT 41F04B4;4
EVA_032;ALIMENTATION 24VDC;BAT 41F04B4;1
LIT_A25;CARTE ELECTRONIQUE PC BD, QUAD MICRO STPR, SE;BAT 41F04B4;2
VAN_F36;VIS BUTÉE MICROMÉTRIQUE;BAT 41F04B4;1
ELEC_V76;CARTE PNEUMOVANNES;BAT 41F04C1;2
COU_042;SILICONE O-RING-135 ;BAT 41F04C2;3
COU_043;SILICONE O-RING 109 ;BAT 41F04C2;4
COU_046;SILICONE O-RING 134 ;BAT 41F04C2;2
DET_031;SILICONE O-RING 148 ;BAT 41F04C2;1
EMT_184;SILICONE O-RING 155 ;BAT 41F04C2;3
EMT_264;ASSY LAMP SOCKET ;BAT 41F04C2;1
JNT_273;SCREW SHOULDER POLISHED ;BAT 41F04C2;2
JNT_277;ASSY SHAFT BEARING ;BAT 41F04C2;3
JNT_283;BUSHING DELRIN ;BAT 41F04C2;19
JNT_284;SHAFT BRUSH FRONT ;BAT 41F04C2;25
JNT_290;SCREW 8-32X38 SHCS NYLON ;BAT 41F04C2;8
JNT_327;ROLLER WAFER TIRE TREAD ;BAT 41F04C2;10
MEC_003;END CAP ROLLER ;BAT 41F04C2;1
MEC_064;PHOTOELECTRIC SWITCH FIBER OPTIC 2M ;BAT 41F04C2;2
MOT_020;BRG DEL. GLASS BALLS SHIELD ;BAT 41F04C2;1
ROU_019;ROLLER HOUSING ;BAT 41F04C2;2
DEP_J79;ACTUATOR CYLINDER ;BAT 41F04C3;1
CLD_015;MICROSWITCH INPUT STATION- 4SE1 ;BAT 41F04D1;2
CLD_F10;CARTE QUAD MICRO STEPPER ;BAT 41F04D1;1
CLD_F11;CARTE PIA ;BAT 41F04D1;2
CLD_F13;BUMPER NEST V-GROOVE ;BAT 41F04D1;1
CLD_F14;DÉTECTEUR POSITION VÉRIN PNEU ;BAT 41F04D1;2
ELEC_F58;LIP SEALS FOR CLAMP UNCLAMP STATION ;BAT 41F04D2;10
ELEC_F59;LIP SEALS ;BAT 41F04D2;5
ELEC_F60;PIN CHUCK ;BAT 41F04D2;10
ELEC_F61;SPACER 500µM L:23;BAT 41F04D2;8
ELEC_F62;IPC BOX CAN COM ;BAT 41F04D2;10
ELEC_F66;CONTROLEUR POMPE MILLIPORE ;BAT 41F04D2;5
ELEC_F68;CARTE DISTRIBUTION PNEUMATIQUE ;BAT 41F04D2;10
ELEC_F69;VANNE ÉLECTROPNEUMATIQUE PFEIFFER (ANGLE 90°) ;BAT 41F04D2;8
ELEC_F70;BOBINE ELECTROVANNE CIRCUIT REFROIDISSEMENT ;BAT 41F04D2;9
ELEC_F71;PIN CHUCK MEPLAT ;BAT 41F04D2;8
ELEC_F73;PIN CHUCK POINTU ;BAT 41F04D2;10
ELEC_F74;SERVICE UNIT F TOP SIDE HEATER 12 M4;BAT 41F04D2;19
ELEC_F75;SCHLAUCH JF PTFE;BAT 41F04D2;5
ELEC_F76;VALVE 105P;BAT 41F04D2;10
ELEC_F79;COURROIE CONVOYEUR 30-0008-024;BAT 41F04D2;2
ELEC_F82;CABLES SERIE PARALLELE;BAT 41F04D2;4
ELEC_F83;CONTROLLER SMAC;BAT 41F04D2;5
ELEC_F84;AMPLI ET VENTILATEUR TURBO PFEIFFER;BAT 41F04D2;20
ELEC_F80;VENTILATEUR FAN BRSHLS;BAT 41F04D3;4
ELEC_F81;CARTE ELECTRONIQUE ;BAT 41F04D3;3
ELEC_F88;ANTI WRIST ABSORBERS ;BAT 41F04D3;1
ELEC_F89;COOLING BONDER;BAT 41F04D3;2
ELEC_F93;GUIDE TIGE FILTEE DE 25 FOR POSE RONDELE ANTIWRIST;BAT 41F04D3;1
ELEC_F95;VÉRIN PNEUMATIQUE CENTRE (CLAMP CHAMBRE) ;BAT 41F04D3;4
ELEC_F97;RÉGULATEUR DE DÉBIT (AIR) ;BAT 41F04D3;1
ELEC_F98;SOLENOID ELECTROPNEUMATIQUE (24V DC, 42V AC) ;BAT 41F04D3;3
ELEC_F99;MANOMETRE 0-100 BAR ;BAT 41F04D3;4
ELEC_G01;RÉGULATEUR AVEC MANOMETRE 0 À 0.4 MPA ;BAT 41F04D3;5
ELEC_G02;CARTE PCI;BAT 41F04D3;2
ELEC_G04;VÉRIN PNEUMATIQUE EXTERNE (CLAMP CHAMBRE) ;BAT 41F04D3;4
ELEC_G06;PRESSURE SWITCH SMC (1MPA) ;BAT 41F04D3;17
ELEC_G07;CARTE AVEC CONTRÔLEURS PID (OMRON E5CK) ;BAT 41F04D3;12
ELEC_G08;CAPTEUR FIN DE COURSE SMC (RAINURE EN O) ;BAT 41F04D3;10
ELEC_G11;RÉGULATEUR DÉBIT AIR ;BAT 41F04D3;5
ELEC_G13;THERMOCOUPLE TYPE K (DIAMÈTRE 0.5MM) ;BAT 41F04D3;2
ELEC_G14;CAPTEUR FIN DE COURSE FESTO (RAINURE EN T) ;BAT 41F04D3;4
ELEC_G15;THERMOCOUPLE ;BAT 41F04D3;3
ELEC_G16;MAGNETIC SWITCH QM/34/P;BAT 41F04D3;5
CAL_V27;ANALOG INPUT;BAT 41F04D4;1
DET_V64;INTERRUPTEUR V4 GALET 6A;BAT 41F04D4;5
EVA_V20;Z-TRAVEL UNIT;BAT 41F04D4;3
LIT_A66;JOINT TORIQUE NOIR;BAT 41F04D4;19
AMA_003;JOINT KALREZ DASE BSR 3,4 X 1,9;BAT 41F04E1;1
AMA_008;VANNE PNEUMATIQUE 1-110-101;BAT 41F04E1;2
DEP_P45;PORTE FILTRE PALL;BAT 41F04E1;1
MET_A85;FLOWMETER ;BAT 41F04F1;31
DEP_J63;ROULEAU D ENTRAINEMENT PIN;BAT 41F04G1;32
MOT_F22;VERIN;BAT 41G01A1;1
MOT_F34;JOINT POUR LIFT PIN HOT PLATE ;BAT 41G01A1;3
MOT_F09;JOINT CANISTER HMDS 215,27 X 6,99;BAT 41G01A2;1
MOT_F20;CARTE CONTROLER MOTEUR XMP-CPCI-8-24V;BAT 41G01A2;2
MOT_F33;ENDEFFECTOR PAD. 6-8 A600V A600V (TEF, B=126MM);BAT 41G01A2;3
MOT_F29;"JOINT MAUVE (LIPPENDICHTUNG 8"""")""""";BAT 41G01A3;1
MOT_F06;"JOINT MAUVE 8"""" (LIPPDICHTUNG 8"""")""""";BAT 41G01A4;2
MOT_F15;CARTE STEPPER MOTOR;BAT 41G01A4;3
EMC_J15;PIN HP HIGH EXHAUST;BAT 41G01B1;1
MEC_007;RONDELLE 18*12*1.0 A2 ;BAT 41G01B2;4
MEC_017;"RONDELLE VCR 1/4 4VG-SS """;BAT 41G01B2;14
JNT_G75;RONDELLE GRAPHITE 4*1MM ;BAT 41G01B3;28
MEC_022;"AGRAFE GRAPHITE 12 """;BAT 41G01B3;6
MEC_028;BAGUE D'ÉTANCHÉITÉ 1/8 CORPS MÉTALIQUE ;BAT 41G01B3;4
MEC_029;O RING 30*4 ;BAT 41G01B3;8
MEC_034;O RING 6*2 ;BAT 41G01B3;9
MEC_F24;"DISQUE GRAPHITE 8 DM 205/60*2MM """;BAT 41G01B3;10
MEC_F28;"DISQUE GRAPHITE 8 DM 210*0.5 """;BAT 41G01B3;12
MEC_F29;VANNE ISO 1/4 DE TOUR;BAT 41G01B3;7
MEC_F32;ILLUMINATION COTROLLER MODEL 2130-C2;BAT 41G01B3;30
MEC_F34;BOL;BAT 41G01B3;6
MEC_F35;DEFLECTEUR;BAT 41G01B3;2
MEC_F36;TUBE PLONGEUR;BAT 41G01B3;4
MEC_F44;VANNE 1/4 TOUR;BAT 41G01B3;1
MEC_F47;CHAMBRE BONDING ;BAT 41G01B3;2
MEC_F49;BOND CHUCK 12/8 TI 50µM CERAMIC;BAT 41G01B3;1
MEC_F54;FILTER REVEN BIA;BAT 41G01B3;4
MEC_F56;ROULEMENT POUR CLAMP BONDCHUCK ;BAT 41G01B3;6
MEC_F59;ECRAN LOAD PORT VISION BROOKS ;BAT 41G01B3;20
MEC_F73;LOADPORT CASSETTE ADAPTER 200MM;BAT 41G01B3;42
MEC_F77;PRESSURE INSERT 8/12 TI W/0B WG;BAT 41G01B3;6
VIS_F69;SYSTÈME DE LEVAGE STAGE ;BAT 41G01B3;2
EMC_X85;SG4-3C-4N;BAT 41G01B4;11
EMT_G61;RADIAL AXE MOTOR;BAT 41G01C1;16
TTH_G33;O-RING PARAFLUOR;BAT 41G01C2;4
TTH_G37;PALETTE DU ROBOT STAUBLI ;BAT 41G01C2;1
TTH_G38;OPTIMIZER DI 0.05UM 8MM PILAR;BAT 41G01C2;2
TTH_G40;FILTRE DEVELOPPEUR ET DI WATER;BAT 41G01C2;1
EMT_G60;MALE CONNECTOR NPT1/4-1/2IMP-84-UAM ;BAT 41G01C3;2
BAG_008;JOINT TORIQUE CUP COATER 400*3 ;BAT 41G01D1;9
BAG_011;JOINT TORIQUE DRAIN CUP COATER 35*2 ;BAT 41G01D1;1
EMT_054;CHUCK INOX DEV 2 SOLVENT;BAT 41G01D1;4
EMT_I98;CAPACITIV SENSOR;BAT 41G01D1;11
EVA_F22;KIT TEACHING METHODE 3 POINT;BAT 41G01D1;4
JNT_267;PIN 300 MM CACUM;BAT 41G01D1;11
TTH_G47;PIN 300MM TIPED LIFT;BAT 41G01D1;0
VIS_040;SPACER LOT DE 10 PIECES;BAT 41G01D1;40
VIS_041;CARTE COMPACT FLASH CONTROLLEUR PLC (GAUCHE) ;BAT 41G01D1;24
EMT_052;JOINTPOUR VIDE BOUT ARBRE MOTEUR COATER ;BAT 41G01D2;14
EMT_S20;ENTRETOISE DE CENTRAGE COURONNE TEFLON COATER ;BAT 41G01D2;1
MEC_009;VIS 4*30 POUR COURONNE TEFLON COATER ;BAT 41G01D2;2
MEC_011;FILTRE-UNIT WAFERGARD N2 ;BAT 41G01D2;4
MEC_014;FILTRE N2 ENTRÉE ÉQUIPEMENT ;BAT 41G01D2;15
ROU_008;KIT PIN COATER V65972+V67599+V2819+G171098 ;BAT 41G01D2;1
ROU_009;GRAISSE ISOFLEX NBU15 LUBRIFICATION FOUR ;BAT 41G01D2;20
EMT_050;SORTIE A VISSER G 1/4 POUR FILTRE100056763 ;BAT 41G01D3;1
MEC_019;FILTRE N2 TYPE KA1V002PV3 0.1µ ;BAT 41G01D3;8
MEC_021;VIS PRISONNIÈRES COVER DE HOT PLATE;BAT 41G01D3;12
MEC_030;VIS 3*20 TF POUR CHUCK ;BAT 41G01D3;8
MEC_033;DRIVER BA;BAT 41G01D3;4
MEC_035;CHUCK COATER;BAT 41G01D3;2
MEC_037;MOTEUR SPINNER;BAT 41G01D3;1
MEC_038;CAMERA COGNEX ;BAT 41G01D3;4
MEC_041;FLOAT LEVEL SENSOR;BAT 41G01D3;1
MEC_046;AMPLIFIER BAE POUR DÉTECTEUR BULLE CPD ;BAT 41G01D3;4
COU_017;POMPE WAFERTEC ;BAT 41G01D4;1
COU_018;EPDM O RING ;BAT 41G01D4;2
COU_020;DISTRIB RING 2*BSRD= 314,5 * 21,5 ;BAT 41G01D4;1
JNT_175;RING COATER ;BAT 41G01D4;4
JNT_351;WAFER DE CALIBRATION ;BAT 41G01D4;7
COU_037;MASK CLAMPING;BAT 41G01E1;5
COU_040;OBJECTIF OPTIQUE X2.5 ;BAT 41G01E1;8
COU_041;JOINT ETANCHEITE RETICLE TABLE MA8 ;BAT 41G01E1;3
COU_F02;SENSOR WEC;BAT 41G01E1;5
COU_F05;TUBE ISO VERSINIC ;BAT 41G01E1;34
COU_F06;MIRROIR FROID 45°;BAT 41G01E1;2
COU_F07;MIRROIR FROID;BAT 41G01E1;17
COU_F08;PC BOARD MOTOR CONTROL ;BAT 41G01E1;32
COU_F13;MICROCONTROLLER 8B ;BAT 41G01E1;2
CHI_F01;MASQUE QUARTZ ;BAT 41G01E2;4
JNT_G74;POWER SUPPLY INSOLATING SYSTEM ;BAT 41G01E2;20
JNT_H02;PC BOARD ILLUMINATION MA8 ;BAT 41G01E2;7
JNT_H04;CARTE ELECTRONIQUE POUR MICROSCOPE ;BAT 41G01E2;15
JNT_H05;POTENTIOMETRE DE PRECISION100KOHMS POUR BSA ;BAT 41G01E2;38
JNT_H23;COMMUTATEUR 3 POLES 4 POSITION POUR BSA ;BAT 41G01E2;1
JNT_H24;TRIAC KONFEKTION MIKROSKOPBEL ;BAT 41G01E2;4
JNT_H26;VIBRATION DAMPER ;BAT 41G01E2;21
LIT_B46;DISTANCE SLEEVE;BAT 41G01E2;1
COU_K24;MIRROIR FRONTAL;BAT 41G01E3;0
COU_K25;LOWER COOL PLATE ;BAT 41G01E3;2
COU_K29;O RING;BAT 41G01E3;0
COU_K34;CAPTEUR PORTE FERMÉE ;BAT 41G01E3;10
LIT_C87;OPTOCOUPLEUR DC ;BAT 41G01E3;2
MOT_004;WEC;BAT 41G01E3;3
JNT_P19;SPACER LONG 2MM MA8A;BAT 41G01E4;2
JNT_P20;SPACER COURT 2MM MA8B;BAT 41G01E4;4
JNT_P22;VALVE PCS;BAT 41G01E4;10
JNT_P23;KIT DE CALIBRATION WEC MA8;BAT 41G01E4;9
JNT_P25;TUBE PFA 3/8 ;BAT 41G01E4;8
JNT_P26;CUP INSERT INOX (SOUDURE SUR LE PLAT) ;BAT 41G01E4;6
JNT_P27;ECROU + ECROU BORGNE M5 ;BAT 41G01E4;14
JNT_P28;STYLET ECRAN TACTILE ACS300 ;BAT 41G01E4;3
JNT_G76;VACUUM VALVE VENTURI ;BAT 41G01F1;66
JNT_G77;SERRURE COATER DEV ;BAT 41G01F1;13
JNT_G78;ELECTROVANNE;BAT 41G01F1;96
JNT_G80;RELAIS G7L-1A-T;BAT 41G01F1;42
JNT_G83;VERIN SHUTTER;BAT 41G01F1;1
JNT_G86;FAN FILTER UNIT(X);BAT 41G01F1;2
DET_F11;CANNE DE RESINE;BAT 41G01F2;1
DET_F13;BOUCHON POUR PORTE FILTRE;BAT 41G01F2;4
DET_F14;WAFER TEACHING;BAT 41G01F2;7
DET_F15;DETECTEUR HUMIDITE;BAT 41G01F2;3
DET_K93;PHOTO SENSOR EE-SX671;BAT 41G01F2;2
DET_K95;PLATE NETTOYAGE BOL;BAT 41G01F2;1
DET_K96;SPIN CHUCK;BAT 41G01F2;2
EMT_Y85;PIN CHUCK 200MM;BAT 41G01F2;1
BAG_F06;FILTRE N2;BAT 41G01F3;37
BAG_F10;RESIST NOZZLE;BAT 41G01F3;0
BAG_F19;FILTRE IMPACT 2 V2 0.05UM OF KALREZ;BAT 41G01F3;4
BAG_F21;IMPACT 2-DUO 10 NM OF KALREZ FILTRE RESINE;BAT 41G01F3;38
BAG_F28;PHU/BAKE POSITION ADJ JIG;BAT 41G01F3;2
BAG_F60;NOZZLE 1.5MM ;BAT 41G01F3;1
CON_V04;PORTE FILTRE MIKROLYSS;BAT 41G01F3;2
CRC_F05;BOTTLE CAP GALLON ;BAT 41G01F3;67
CRC_F09;KIT CUP 300MM;BAT 41G01F3;11
CRC_F10;KIT TEACHING 300MM ;BAT 41G01F3;2
CRC_F11;AVR UNIT F47 TYPE 50630-1129 (RECONDITIONNÉ) ;BAT 41G01F3;88
RAC_F28;BACKUP BATTERY;BAT 41G01F3;0
ROU_006A;HAND ASSY - IHU ARM 200MM;BAT 41G01F3;26
ROU_007;BOITE DE TRANSPORT PLAQUE SENSARRAY 200MM;BAT 41G01F3;0
ROU_F07;EXH FLOW MEASUREMENT JIG ;BAT 41G01F3;22
ROU_F08;CABLE;BAT 41G01F3;10
ROU_F09;LP LEVEL CHECK BASE;BAT 41G01F3;45
ROU_F12;AHP TEMP MEASUREMENT JIG;BAT 41G01F3;13
ROU_F21;CAB_002;BAT 41G01F3;4
ROU_F22;MAGNETIC SWITCH;BAT 41G01F3;14
ROU_F24;ADJ_001;BAT 41G01F3;4
ROU_F28;PACKING ;BAT 41G01F3;15
VIS_F61;BYPASS FILTRE LITHO PETIT FORMAT;BAT 41G01F3;2
VIS_F62;TUBE POLYURETHANE ROBOT KAWASAKI ;BAT 41G01F3;1
VIS_F64;KIT BRIDAGE ;BAT 41G01F3;3
VIS_F66;DISPENSE STEP MOTOR Y2 ;BAT 41G01F3;1
VIS_F67;VITRE QUARTZ MODULE OWE ;BAT 41G01F3;3
VIS_F71;PICOTS QUARTZ ;BAT 41G01F3;37
VIS_F73;ENSEMBLE INTERLOCK CAPOT RCD8B ;BAT 41G01F3;4
VIS_F74;FILTRE ABSOLUS POUR CAUTER;BAT 41G01F3;2
VIS_F76;TUYAU DOUBLE ENVELOPPE DEV ;BAT 41G01F3;1
VIS_F78;DEBITLITRE A ULTRASON ;BAT 41G01F3;4
VIS_F81;FILTRE CHARBON ACTIF;BAT 41G01F3;64
VIS_X36;MANOMETRES SUR SUPPORT ;BAT 41G01F3;10
CAL_F42;FILTRE RESINE;BAT 41G01F4;1
BAG_F04;FILTRE RESINE;BAT 41G01G1;5
BAG_F05;GREASE ALVANIA;BAT 41G01G1;14
BAG_F08;VALVE AMC-VL-X1-DB;BAT 41G01G1;82
BAG_F09;CAPTEUR DE NIVEAU CANISTER ;BAT 41G01G1;22
BAG_F11;DOOR SWITCH ;BAT 41G01G1;30
BAG_F12;SERINGUE;BAT 41G01G1;127
BAG_F13;FILTRE RECTANGULAIRE AIR MOLECULAR;BAT 41G01G1;23
BAG_F14;FILTRE OPTIMIZER ST DEV 0.1µM ;BAT 41G01G1;7
BAG_F15;COAT UNDER CUP;BAT 41G01G1;32
BAG_F16;ASSY, 3P M/A S.S FLEX CABLE M12 ;BAT 41G01G1;2
BAG_F17;MAGNET OVEN ;BAT 41G01G1;35
BAG_F18;PINCETTE QUARTZ ROBOT (CS);BAT 41G01G1;60
BAG_F20;REGULATEUR EDI DEV ;BAT 41G01G1;71
BAG_F23;VERIN ELECTRIQUE OUTER CUP/DOWN SE;BAT 41G01G1;4
BAG_F26;MOTEUR DE SPINNER 300W 0,57N.M;BAT 41G01G1;82
BAG_F27;AC SERVO MOTOR PANASONIC;BAT 41G01G1;2
BAG_F30;"PINCETTE 8 """"""""";BAT 41G01G1;1
BAG_F32;CAPTEUR SENSOR COVER SET ASSY;BAT 41G01G1;3
BAG_F52;CAPTEUR;BAT 41G01G1;4
BAG_F54;WAFER EDGE SENSOR;BAT 41G01G1;3
BAG_F57;CAPTEUR SENSOR SHUTTER UP/DOWN ASSY;BAT 41G01G1;23
BAG_F63;"8 NOZZLE CHANGER HOME SENSOR""";BAT 41G01G1;20
COU_F15;"8 NOZZLE HEAD SENSOR""";BAT 41G01G1;3
MOT_F37;SENSOR LEAK;BAT 41G01G1;5
ROU_F10;SONDE SENSOR LEVEL;BAT 41G01G1;62
DET_F16;DÉBITMÈTRE 15 À 150 ML/MIN ;BAT 41G01G2;1
ELEC_F47;PRISE COURANT 250V 15A ;BAT 41G02A1;3
ELEC_F49;CABLE SVM SIGNAL;BAT 41G02A1;2
ELEC_F50;UNION COUDE PILLAR 8 MM;BAT 41G02A1;5
ELEC_F52;UNION DROIT PILLAR 6 MM;BAT 41G02A1;0
ELEC_G24;UNION PILLAR 8MM;BAT 41G02A1;3
ELEC_W22;RACCORD INOX COUDE 6MM;BAT 41G02A1;1
LIT_C95;UNION INOX PASSE CLOISON 8MM;BAT 41G02A1;4
LIT_C96;CAPTEUR A,C220V;BAT 41G02A1;3
MEC_F41;CAPTEUR AC110V;BAT 41G02A1;1
TTH_F97;DETECTEUR PLAQUES CS;BAT 41G02A1;2
MEC_F40;INTERRUPTEUR DEV CHUCK UP/VAC OFF SW;BAT 41G02A2;17
MEC_F43;TRANSFORMATEUR 400-440V 50/60HZ LED 24V;BAT 41G02A2;1
MEC_F45;POWER OFF SW ASSY;BAT 41G02A2;2
MEC_F60;FUSIBLE 5A;BAT 41G02A2;20
MEC_F72;FUSIBLE 10A;BAT 41G02A2;3
MEC_F83;FUSIBLE 2A;BAT 41G02A2;10
MEC_F85;REDUCING TUBE (21G);BAT 41G02A2;1
VAN_F26;BAGUE PLASTIQUE NOIR;BAT 41G02A3;2
KIT_F36;SEAL MK5 RESIST NOZZLE;BAT 41G02A4;1
KIT_F37;WAF BLOCK 8 (2P-45-F);BAT 41G02A4;2
EMT_G39;CATCH;BAT 41G02B2;33
EMT_G40;BUSE RESINES;BAT 41G02B2;15
EMT_G42;PL 12 NUT;BAT 41G02B2;1
EMT_G43;KIT POULIE COURROIE;BAT 41G02B2;2
EMT_G45;NOJJLE BASE A (PIECE TEFLON SINNER);BAT 41G02B2;18
EMT_G46;DRAIN MONIFOLD A (PIECE TEFLON SINNER);BAT 41G02B2;2
EMT_G47;DRAIN BLOCK A (PIECE TEFLON SINNER);BAT 41G02B2;4
EMT_G48;KIT SCAN BASE DEV ;BAT 41G02B2;1
EMT_G50;SUPPORT METALLIQUE;BAT 41G02B2;3
EMT_G51;GLISSIERE BALL SLIDE UNIT;BAT 41G02B2;1
EMT_G52;PULLEY PIGNON METALLIQUE;BAT 41G02B2;26
EMT_G97;REDUCING TUBE (24G);BAT 41G02B2;2
EMT_G99;VIS CSK HD M2X3 1-TYPE;BAT 41G02B2;3
EMT_Y81;RONDELLE INOX M14;BAT 41G02B2;8
MEC_F82;SCREW SET M4X5;BAT 41G02B2;2
MEC_W08;FINGER ROBOT;BAT 41G02B2;3
EMT_G87;PIN LIFT FOUR;BAT 41G02B4;1
ELEC_F38;TIP TYPE 2;BAT 41G02C1;2
EMC_Z11;ELECTROVANNE VIDE CHUCK;BAT 41G02C2;1
EMT_972;ELECTROVANNE 0-100 PSI VAC 85 PSI - 24 VDC;BAT 41G02C2;2
MOT_V23;ELECTROVANNE;BAT 41G02C2;4
ELEC_F42;ELECTROVANNES SHUTTER ;BAT 41G02C3;1
TTH_G61;SPEED CONTROLLER (PNEUMATIQUE) ;BAT 41G02C3;2
TTH_G80;SENSOR PRESSURE ;BAT 41G02C3;1
TTH_G82;CARTE ÉLECTRONIQUE X, THETA-BASE3..T326-17315-0;BAT 41G02C3;2
TTH_I08;MANOMÈTRE PRESSION 0 À 0.2MPA ;BAT 41G02C3;4
KIT_Z03;MAIN ARM H.S CONN B BOARD ;BAT 41G02C4;1
EMC_Z09;BAGUE PLASTIQUE NOIR;BAT 41G02D1;3
LIT_A31;BAGUE PLASTIQUE NOIR;BAT 41G02D1;32
LIT_A32;TUBE FLEXIBLE PENN CHEMCT 1/4 1,5FEET B=50;BAT 41G02D1;4
ELEC_F43;TUYAU FLEXIBLE PENN CHEMCT 1/4 700MM;BAT 41G02D2;3
EMT_C57;FUSIBLE 5A;BAT 41G02D3;1
VIS_F01;O RING SPIN MOTOR ;BAT 41G02D3;2
ELEC_F13;JOINT NOZZLE BATH;BAT 41G02D4;1
TTH_E65;JOINT;BAT 41G02E1;4
TTH_E67;JOINT VITON TORIQUE NOIR;BAT 41G02E1;2
TTH_E68;JOINT TORIQUE NOIR PF S-4 BLK;BAT 41G02E1;10
TTH_E69;JOINT TORIQUE NOIR 9/16X11/16X1/16IN   14,00X;BAT 41G02E1;4
TTH_E70;JOINT TORIQUE NOIR PF S-4 BLK;BAT 41G02E1;8
TTH_E72;JOINT TORIQUE NOIR BUTYL AS568-257 BLK;BAT 41G02E1;1
TTH_E73;JOINT TORIQUE NOIR PF S-6 BLK;BAT 41G02E1;4
TTH_E75;JOINT TORIQUE NOIR PF AS568-013 BLK;BAT 41G02E1;1
TTH_E76;JOINT TORIQUE NOIR NOZZLES PFS-22-4 BLK;BAT 41G02E2;7
TTH_E78;JOINT TORIQUE PFS-10.BLK;BAT 41G02E2;4
TTH_E80;SEAL TEFLON AR13499;BAT 41G02E2;14
TTH_E81;O-RING;BAT 41G02E2;1
TTH_E83;JOINT KALREZ 26.52*2.62 ;BAT 41G02E2;2
TTH_E85;JOINT KALREZ NOZZLE BATH ;BAT 41G02E2;1
TTH_E86;JOINT KALREZ 29.51*5.33MM ;BAT 41G02E2;83
TTH_E88;JOINT VITON ;BAT 41G02E2;4
TTH_E89;TUYAU D'AIR COMPRIMÉ 3.7MM ;BAT 41G02E2;1
TTH_I62;JIG CALIBRAGE ROBOT ;BAT 41G02E2;2
TTH_G51;EMBOUT DE SERINGUE ;BAT 41G02E3;1
TTH_G52;RONDELLE POUR CHUCK;BAT 41G02E3;9
TTH_I61;TUYAU DISPENSE MANUELLE;BAT 41G02E3;4
DET_074;TUBE TEFLON;BAT 41G03A1;2
EMC_Q08;MODIFICATION INSTALLATION TARC BLOCK HOLDER(2;BAT 41G03A1;8
EMC_Q09;MODIFICATION INSTALLATION TARC ELEMENT METALL;BAT 41G03A1;7
EMC_U43;H-BAR-NOZZLE ;BAT 41G03A1;1
EMC_W30;VALVE,RESIN..TDCV-3 (SERYNGUE) ;BAT 41G03A1;3
LIT_A07;AXE METALLIQUE PIN (67);BAT 41G03A1;1
LIT_A51;AXE METALLIQUE PIN;BAT 41G03A1;4
LIT_B35;COURROIE CRANTE NOIR DRIVE BELT;BAT 41G03A1;2
LIT_B39;COURROIE CRANTE NOIR BRACKING BELT;BAT 41G03A1;3
LIT_C100;COURROIE CRANTE VERT DRIVE BELT;BAT 41G03A1;2
LIT_D51;COURROIE PLATE CRANTEE NOIRE BELT TIMING B60S;BAT 41G03A1;13
LIT_D52;COURROIE PLATE CRANTEE NOIRE BELT TIMING 1325;BAT 41G03A1;6
LIT_D74;COURROIE PLATE CRANTEE NOIRE BELT TIMING B60S;BAT 41G03A1;1
LIT_D75;COURROIE CRANTE GRISE BELT TIMING 100-L-1300A;BAT 41G03A1;2
LIT_A04;COURROIE CRANTE NOIR TIMING BELT 290-2GT-9;BAT 41G03A3;1
COU_009;COURROIE CRANTE NOIR TIMING BELT 192-3GT-9;BAT 41G03B1;5
EMC_J27;COURROIE CRANTE NOIR TIMING BELT B60S3M789G;BAT 41G03B1;1
EMC_J28;COURROIE CRANTE JAUNE;BAT 41G03B1;2
EMC_M27;COURROIE CRANTE NOIR BELT;BAT 41G03B1;1
VEN_W03;COURROIE 687-3GT-8;BAT 41G03B1;2
ELEC_A19;COURROIE Z;BAT 41G03C2;1
LIT_B65;COURROIE EVR ;BAT 41G03C2;4
LIT_B98;ENTONNOIR PTFE 100MM ;BAT 41G03C2;2
LIT_E35;REGULATEUR DE PRESSION 2KG;BAT 41G03C2;2
LIT_A85;VALVE AIR OPERATED;BAT 41G03C3;3
LIT_A86;VALVE AIR OPERATED;BAT 41G03C3;8
LIT_A90;VALVE AIR OPERATED;BAT 41G03C3;3
LIT_B69;VALVE RESIN AMDZ1-X10;BAT 41G03C3;1
LIT_B71;VALVE EXHAUST;BAT 41G03C3;3
ELEC_X65;VENTILATEUR 115V 16 CM;BAT 41G03C4;1
LIT_A87;VENTILATEUR SANYO;BAT 41G03C4;8
LIT_A88;VENTILATEUR EBMPAPST 24V 8/8 CM 8314;BAT 41G03C4;2
LIT_A91;COMPRESSOR MEDO POMPE;BAT 41G03C4;1
LIT_B37;KIT REGLAGE ROBOT ;BAT 41G03C4;6
LIT_B38;TEACHING KIT ARDIMUS MK8;BAT 41G03C4;8
LIT_B42;VERIN ELECTRIQUE MK-8 CYLINDRE SCAN U/D;BAT 41G03C4;1
LIT_B43;PORTE FILTRE INOX SOLVANT;BAT 41G03C4;15
LIT_E65;PORTE FILTRE PTFE / RESINE;BAT 41G03C4;0
DET_V62;CAPOTS INOX ;BAT 41G03D1;2
ELEC_V48;FILTRE VACUUM ;BAT 41G03D1;1
EMC_I31;SOLENOID VALVE ;BAT 41G03D1;2
EMC_P52;K3MAJA-2;BAT 41G03D1;1
JNT_P29;DÉBIMÈTRE 0.1L/MIN - 1.2L/MIN ;BAT 41G03D1;4
JNT_Z05;PORTE FILTRE ;BAT 41G03D1;15
LIT_B62;GLISSIERES NOZZLE ARM;BAT 41G03D1;2
LIT_B63; DRIVE BELT IF;BAT 41G03D1;1
LIT_D65;CABLE OPERATION;BAT 41G03D1;2
CLD_V08;FLEX W DUCT;BAT 41G03D2;7
EMC_U27;VERRIN ECRAN TEL MK8;BAT 41G03D2;1
JNT_A074;PIN HOTPLATE TEL MK8;BAT 41G03D2;0
JNT_Z06;ENTONNOIR INOX ;BAT 41G03D2;4
ELEC_V57;BLOC GAUCHE;BAT 41G03D3;1
EMT_S25;BLOC DROIT;BAT 41G03D3;2
JNT_M68;VACCUM CONTROLLER;BAT 41G03E3;1
JNT_M69;CARTE ELECTRONIQUE SVG 80072 E TRACK INTERFACE BD;BAT 41G03E3;2
LIT_F99;POULIE;BAT 41G03E4;1
LIT_G00;CARTE D'EXTENSION POUR CARTE ELECTRONIQUE ;BAT 41G03E4;6
EVG_000;COURROIE ROBOT ACT8 ;BAT 41G03F1;30
EVG_001;COATER CUP UPPER ;BAT 41G03F1;4
EVG_003;COATER CUP UPPER ;BAT 41G03F1;6
EVG_004;FILTRE PALL 0.1µM DEV ;BAT 41G03F1;2
EVG_005;RING CUP ..&CP (MIDDLE CUP DEV) ;BAT 41G03F1;1
EVG_006;NOZZLE, 110DEG,.052ORF,1/8BSPT ;BAT 41G03F1;2
EVG_007;NOZZLE, SPRAY, VEEJET, 80 DEG ;BAT 41G03F1;1
EVG_008;NOZZLE, SPRAY, FULLJET, 3 ;BAT 41G03F2;2
EVG_010;KIT DE REGLAGE AIR PURGE;BAT 41G03F2;1
LIT_F32;FLOAT SW TH;BAT 41G03F2;3
EMC_L40;GREASE..NSK GRS LG2 ;BAT 41G04A1;1
LIT_G01;GREASE G-331 30G (GRAISSE À VIDE) ;BAT 41G04B1;80
LIT_G02;GREASE..GREASE OIL-AFE.GR ;BAT 41G04C1;75
TTH_J06;GREASE..C GREASE ;BAT 41G04D1;1
TTH_J07;GREASE..GREASE OIL-AFF.GRS+70G-S;BAT 41G04D1;2
TTH_J11;KIT DE REGLAGE EXHAUST ;BAT 41G04E1;1
LIT_D82;PRB CONTROLLER, VALVE...AMC-T-X1;BAT 41G05A1;3
LIT_D81;FIXTURE ASSY H NOZZLE ACT8;BAT 41G05B1;1
LIT_E59;SOLENOID VALVE ;BAT 41G05B1;5
LIT_E37;COUDE INOX 3/8 ;BAT 41G05C1;1
LIT_D71;VALVE AIR OPR VANNE PNEUMATIQUE ;BAT 41G05E1;2
LIT_D79;PIN TCP (MÉTAL) ;BAT 41G05E1;1
MET_B50;FUSE MP063 ;BAT 41H00A1;1
EMC_M107;8INCH PINCETTE ASSY PRA (PINCETTE);BAT 41H01A1;2
EMC_M84;CENTERING WAFER TRS ACT8;BAT 41H01A1;3
EMC_M86;SPIN CHUCK ;BAT 41H01A1;5
LIT_A18;BEAM ASSY WIND VELOCITY CSB;BAT 41H01A1;1
LIT_A68;PINCETTE PIECE;BAT 41H01A1;2
LIT_A69;SPACER PCH;BAT 41H01A1;6
LIT_B73;SPACER LHP;BAT 41H01A1;1
LIT_B74;PIN LHP;BAT 41H01A1;4
LIT_B76;FUSE GP75 PRB;BAT 41H01A1;6
LIT_B84;TIP ASSY NOZZLE;BAT 41H01A1;1
LIT_B86;PIN HHP;BAT 41H01A1;2
LIT_C88;FUSE CR2LS-30UL PRB;BAT 41H01A1;1
LIT_C90;TEFLON FINGER NOIR;BAT 41H01A1;3
LIT_C91;PIN ADH;BAT 41H01A1;1
LIT_C92;PIN TRS IFB;BAT 41H01A1;4
LIT_C99;PIN TRS;BAT 41H01A1;1
LIT_D43;TIP NOZZLE COT;BAT 41H01A1;3
LIT_D45;FLANGE + FLANGE PACKING PRB;BAT 41H01A1;6
LIT_D46;FUSE GP40 PRB;BAT 41H01A1;5
LIT_E11;TIP NOZZLE 2-2 COT;BAT 41H01A1;12
LIT_E13;NOZZLE LIGNE 4 DIAM. 3MM ;BAT 41H01A1;1
LIT_E14;INER CUP POUR DEV ;BAT 41H01A1;2
LIT_E15;MANIFLOD 34*38 (CONNECTEUR POUR DEV) ;BAT 41H01A1;1
LIT_E16;MANIFOLD 34*34 (CONNECTEUR POUR DEV) ;BAT 41H01A1;4
LIT_E17;PIN T170-01309-1 ;BAT 41H01A1;2
VIS_214;3P M/A S S Z COIL SPRING ASSY ;BAT 41H01A1;15
VIS_215;CABLE BRACKET ;BAT 41H01A1;46
EMT_X90R;TABLE DE TRAVAIL WORKTABLE(N) ASSY;BAT 41H01B1;2
LIT_G03;MAGNETPLATTE AIMANT;BAT 41H01B1;1
EMC_M85;KAMMERGRUNDTEIL COAT MODUL 300MM;BAT 41H01C1;2
EMC_Z66;POMPE SH 110 ;BAT 41H01C1;1
LIT_B85;MANOMETRE CANISTERE 0-7 BARS;BAT 41H01C1;2
LIT_E95;REGULATEUR PRESSION 0-7 BARS CANISTERE;BAT 41H01C1;1
POM_A11;VERIN PNEUMATIQUE;BAT 41H01C2;2
LIT_A60;FILTRES D AMBIANCE PISTE TEL ;BAT 41H01D1;1
LIT_B67;TUBE FITTING ;BAT 41H01D1;2
LIT_E09;BILLES CERAMIQUE POUR HOTPLATE ;BAT 41H01D1;4
EMC_007;MFC TYLAN 100 SCCM N2 ;BAT 41H01E1;2
EMC_C39;RB END EFFECTOR RIGHT;BAT 41H01E1;4
EMC_X50;RB EFF SUPPORT LEFT ;BAT 41H01E1;1
JNT_084;LS RB WAFERARM ;BAT 41H01E1;22
LIT_F30;PLUG FOR CARTRIDGE;BAT 41H01E1;1
EMC_002;CARTRIDGE;BAT 41H01E2;54
EMC_F13;KIT BRIDAGE PRA ;BAT 41H01E2;2
EMC_M83;TOOTHED BELT ;BAT 41H01E2;3
EMC_T20;SNAP RING 13MM ;BAT 41H01E2;2
EMC_T21;CLAMP ;BAT 41H01E2;1
EMC_Z59;CLAMP;BAT 41H01E2;2
LIT_A34;FORK LIGHT BARRIER ;BAT 41H01E2;1
LIT_B45;SENSOR FORK ;BAT 41H01E2;2
LIT_E27;ACCOUPLEMENT ENCODEUR DEV;BAT 41H01E2;1
LIT_E28;LEVEL SENSOR (CANNE CANISTER);BAT 41H01E2;3
LIT_E29;ROULEMENT NOZZLE ;BAT 41H01E2;1
LIT_E30;COLLAR NOZZLE ;BAT 41H01E2;3
LIT_E60;VIS ;BAT 41H01E3;1
LIT_F60;GUIDE FOR COATER ;BAT 41H01E3;6
EMC_F16OC;PLOT LEVELING CASSETTE SICONEX 1 ;BAT 41H01E4;3
EMC_U33;COURROIE GEAR BELT;BAT 41H01E4;1
EMC_U37;FLOW INDICATOR ;BAT 41H01E4;2
LIT_A74;MONOTORING UNIT FOR FUME SENSOR ATEX;BAT 41H01E4;1
LIT_F03;STANDARD-BUSCOUPLER WITH ETHERNET 1,00 PCS 363,70 ;BAT 41H01E4;3
EMC_C95;VACUUM SENSOR SMC;BAT 41H01F1;1
LIT_E48;EXHAUST MOTOR ;BAT 41H01F1;7
LIT_F84;CARTRIDGE ADAPTER;BAT 41H01F1;8
LIT_F85;LINEAR GUIDE;BAT 41H01F1;2
KIT_V71;EBR NOZZLE;BAT 41H02A3;1
LIT_A92;DEBIMETRE DEV 0.4-->2L/MIN;BAT 41H02B2;5
LIT_D22;SU NOZZLE 4MM ;BAT 41H02C2;1
LIT_D23;SP LARGE ;BAT 41H02C2;2
LIT_E67;FINGERS LARGE ;BAT 41H02C2;1
LIT_F78;RB WAFER SUPPORT ;BAT 41H02C2;2
LIT_F79;NOZZLE ;BAT 41H02C2;3
EVA_F51;AIGUILLE DROITE BSR;BAT 41H02D1;1
REL_F08;POWER SUPPLY 24 V GENERIC SIEMENS ;BAT 41H02D1;2
LIT_C35;SERVO-AMPLIFIER DIGITAL COMPACT Z-AXIS;BAT 41H02E1;0
LIT_F18;PUDDLE NOZZLE (DEV) ;BAT 41H02E1;2
EMC_B83;"VANNE 1/2 TOUR 3 VOIES 1/4 POUR CANISTER """;BAT 41H03A1;1
EMC_B84;FILTRE DUO IMPACT 8G 5NM ;BAT 41H03A1;7
LIT_E70;FILTRE DUO IMPACT 8G 5NM (REF 2) ;BAT 41H03A1;1
DET_V45;JONCTION CONNECTEUR RITS 6 FILS POUR RF3 ET DUO ;BAT 41H03A2;2
ELEC_Z14;CONNECTEUR RITS 6 FILS (DIAM. FILS:1,15-1,34) DUO ;BAT 41H03A2;5
LIT_E71;CONNECTEUR RITS 3 FILS (DIAM. FILS:1,15-1,34) DUO;BAT 41H03A2;1
EMC_B93;CONNECTEUR RITS 3 FILS (DIAM. FILS:1,0-1,15) DUO;BAT 41H03A3;2
EMC_B94;CONNECTEUR RITS 8 FILS (DIAM. FILS:1,0-1,15) DUO;BAT 41H03A3;5
EMC_U30;CONNECTEUR RITS 6 FILS (DIAM. FILS:1,0-1,15) DUO;BAT 41H03A4;1
EMC_B34;JONCTION CONNECTEUR RITS 8 FILS RF3 ET DUO ;BAT 41H03B1;5
EMC_B57;CONNECTEUR RITS 3 FILS (DIAM. FILS:1,35-1,60) DUO ;BAT 41H03B1;3
LIT_A70;NÉON HE 14W/840 ;BAT 41H03B1;2
LIT_C67;ALCP SENSOR UNIT (PIÈCE POUR DIAG );BAT 41H03B1;4
LIT_E93;EMBOUT PIPETTE 200MM;BAT 41H03B1;20
EMC_X59;SUPPORT DE PIPETTE;BAT 41H03C1;10
BOT_099;TUBE POLYAMIDE 6X4MM (ROULEAU DE 25M);BAT 41H03D1;3
LIT_E76;SUPPORT PIPETTE BAT41 200MM;BAT 41H03D1;1
LITKIT_002;LAMPE FIA ;BAT 41H03D1;2
LIT_E04;CAMERA NIKON INFRAROUGE;BAT 41H03E1;1
LIT_E63;CAMERA OLYMPUS COLORWIEW;BAT 41H03E1;9
EMC_B92;CAMERA OLYMPUS UC30;BAT 41H03F2;1
EMC_E72;CARTE FIRE WIRE POUR CAMERA OLYMPUS;BAT 41H03F4;2
JIG_002;SUPPORT PIPETTE BHT 200MM ;BAT 41H04A1;3
LIT_C40;SUPPORT PIPETTE 300MM;BAT 41H04A1;1
LIT_C42;LONF LIFE PT SHIELD, ICP-MS SHILED TORCH ;BAT 41H04A1;2
LIT_C43;KIT NON INERTE INTRO TORCHE+CHAMBRE+CONNECTEURS;BAT 41H04A1;1
LIT_C48;PIÈCES AUTOSAMPLER ;BAT 41H04A1;2
LIT_C50;CONNECTORS FOR PLASMA + AUX GAS ;BAT 41H04A1;1
LIT_C51;PLASMA AND AUX GAS LINE TUBING ;BAT 41H04A1;2
LIT_C52;VITON O-RINGE 9.25MMX1.78MM ;BAT 41H04A1;5
LIT_C60;TORCHE POUR KIT INERTE ;BAT 41H04A1;2
LIT_E66;CONNCTEUR BARB 116 ID TO 18 ID TUBE ;BAT 41H04A1;1
KIT_F02;GAS TUBING KIT ;BAT 41H04B1;0
LIT_E18;BARB CONNECTOR 1/16IN ID TO 1/16IN ID ;BAT 41H04C1;2
LIT_E78;GRAPHITE GASKET FOR SAMPLING CONE ;BAT 41H04C1;1
EMC_X98;SCREWS FOR SKIMMER BASE;BAT 41H04E1;3
LIT_E46;LAMPE VTSS 12V 50W (4000 HRS);BAT 41H04G1;1
EMC_G14;JOINT COLONNE;BAT 41I01A1;3
LIT_A44;JOINTS CHUCK ;BAT 41I01A1;8
DEB_001;STYLUS;BAT 41I01A2;1
EMC_H65;SOURCE SEM ;BAT 41I01A2;2
GAU_001;ELECTROVANNE;BAT 41I01A2;1
LIT_C08;PRESSURE SWITCH;BAT 41I01A2;2
LIT_C09;LAMPE XENON;BAT 41I01A2;8
LIT_C11;LAMPES XENON ;BAT 41I01A2;1
LIT_F86;FILAMENT;BAT 41I01A2;2
SEN_001;TUBE SOUPLE GRANDE LONGUEUR (3M);BAT 41I01A2;3
SEN_002;EMBOUT PIPETTE;BAT 41I01A2;1
EMC_D95;CORDON PIPETTE;BAT 41I01B1;12
EMT_H05;CONNECTEUR PIPETTE;BAT 41I01B1;1
LIT_B80;EMBOUT PIPETTE 300MM;BAT 41I01B1;6
EMC_J21;MANCHE PIPETTE;BAT 41I01B2;2
LIT_D95;RACCORD UNION DROIT 6X4;BAT 41I01C2;1
EMC_Z58;AGRAFE PEEK 45,9 X 20 X 13,5 ;BAT 41I01C3;3
EMT_G92;ECROU PAPILLON PEEK 30 X 13 X 15 MM ;BAT 41I01C3;2
EMC_U85;AXE PEEK 6 X 36,5 MM-M4 ;BAT 41I01D1;7
CLD_F05;PLASMA YTRI;BAT 41I01D2;1
MOT_F40R;BEAM HOMOGENIZER ASSEMBLY 26X36 ;BAT 41I01D2;4
MOT_V26;TUYAU EAU : LONGUEUR 3M + 2 SERFLEX ;BAT 41I01D3;1
EMC_C88;MID SPOT SLIT EDRC ASSY ;BAT 41I01D4;9
DET_F21;ORING ID 514.8 MM CSD 7HX 6.5W PTFE ;BAT 41I01E1;2
DET_F24;ENSEMBLE POUR REFROIDISSEMENT ;BAT 41I01E1;0
DET_F32;FTG TBG 1/8T BACK FERRULE TEFLON;BAT 41I01E1;1
DET_F39;FTG TBG 1/8T FRONT FERRULE TEFLON;BAT 41I01E1;2
DET_W06;SUSCEPTOR CALIBRATION TEMPERATURE ;BAT 41I01E1;1
DET_W07;TC PROBE POUR CALIBRATION TEMPERATURE ;BAT 41I01E1;2
EMC_J20;RING POUR CALIBRATION TEMPERATURE ;BAT 41I01E1;3
JAU_F14;ORING 22.5 X CSD 0.275 VITON ;BAT 41I01E1;1
LIT_B79;SLIT VALVE YOKE CLAMP;BAT 41I01E1;3
ELEC_Y26;SLIT VALVE DOOR CLAMP ;BAT 41I01E2;1
EMT_J78;DPN HD KIT QUARTERLY PREVENTIVE MAINTENANCE 300MM ;BAT 41I01E2;3
RAC_X19;DPN HD KIT SPARES LEVEL 2;BAT 41I01E3;10
RAC_X20;COMPENSATEUR + CARTE DE COMPENSATEUR (ATTENTI;BAT 41I01E3;8
RAC_X21;CARTE ELECTRONIQUE;BAT 41I01E3;4
RAC_X28;CABLE ELETRIQUE ET LED THRU BEAM;BAT 41I01E3;10
RAC_X30;CARTE AMP/INTERFACE;BAT 41I01E3;2
DET_F18;ASSY DBS FIELD;BAT 41I01E4;5
DET_F23;PIECE METALLIQUE;BAT 41I01E4;4
DET_W08;SUPPORT DE LAMPE (LAMP HOUSING) UV1050 / SE12;BAT 41I01E4;1
ELEC_F56;ALIMENTATION LASER ;BAT 41I01E4;4
ELEC_F57;PLAQUE DE BRIDAGE SENSOR;BAT 41I01E4;1
EMT_J80;CHUCK P16 / P15 / P11 ;BAT 41I01E4;2
FUS_V42;KIT DE BRIDAGE P16;BAT 41I01E4;8
FUS_V43;SENSOR;BAT 41I01E4;10
FUS_V44;VENTILATEUR 115V 50HZ - 60HZ 100MA 8-9W;BAT 41I01E4;5
RED_F03;BATTERIE CONTROLER ROBOT 3,6V;BAT 41I01E4;2
BAG_F46;FAN HARNESS;BAT 41I01F1;4
BAG_F47;LAMP CARTRIDGE, SUPER-MAX, BRIGHT FIELD ;BAT 41I01F1;10
EMC_C84;POMPE TURBO PFEIFFER;BAT 41I01F1;4
EMC_J12;DISPENSER;BAT 41I01F1;3
EMC_J18;LAMPE UV EXPO ;BAT 41I01F1;9
EMC_J19;LAMPE HALOGEN CANON ;BAT 41I01F1;2
EMC_X91;FI SERVER END/MOCVD/CMP,,,;BAT 41I01F1;1
EMT_907;SERIAL INTERCONNEDT BOARD END 300A;BAT 41I01F1;2
EMT_908;DNET SCANNER BOARD;BAT 41I01F1;3
EMT_910;PTFE ULPA FILTER ASSEMBLY 5,3 FI;BAT 41I01F1;2
LIT_A47;COVER RING IMPULSE;BAT 41I01F1;1
MEC_F65;WINDOW COVER 5,X FILTRE UV LAMPE FI;BAT 41I01F1;2
MEC_F66;WINDOW COVER LEFT  SIDE 5,X  FILTRE UV LAMPE FI;BAT 41I01F1;14
MEC_F88;CAPOT D WET ASSY ANDURA 300;BAT 41I01F1;2
RED_F02;HIGH TEMP RETAINING RING - METAL CONTOUR ;BAT 41I01F1;4
VIS_F82;HALOGEN LAMP LL ;BAT 41I01F1;17
VIS_W77;TÊTE DE POLISSAGE 8 ZONES PRIME ;BAT 41I01F1;20
VIS_Y08;SCREW M3X 10MM - VIS BLADE ROBOT CLEANER ;BAT 41I01F1;2
EMC_X92;CAPTEUR PHOTO ELECTRIQUE ;BAT 41I01F2;3
EMC_X94;FLOW SWITCH BAC MEGASONIC ;BAT 41I01F2;6
EMT_J81;ASSEMBLY OUVERTURE PORTE BAC MEGASONIC ;BAT 41I01F2;1
EVA_F25;POMPE SLURRY YAMADA ;BAT 41I01F2;6
EVA_V18;KIT PM POWATEC;BAT 41I01F2;3
EVA_V26;CC FILTER - DWR ;BAT 41I01F2;4
LIT_A42;PUMP HEAD FOR LS/24 ;BAT 41I01F2;1
LIT_A54;SUPPORT PAD MEMBRANE - 192MM - ALPSITEC;BAT 41I01F2;2
LIT_A63;SUPPORT PAD MEMBRANE - 192MM - CUBIT;BAT 41I01F2;1
LIT_B78;RACCORD PNEUMATIQUE POMPE À VIDE KNF N035.2 ANE;BAT 41I01F2;0
LIT_B82;ANNEAU DE MAINTIEN 200 MM INTERIEUR AVEC INSE;BAT 41I01F2;7
LIT_F95;RACCORD F/F 9/10;BAT 41I01F2;1
BAG_F44;"VANNE SIRAI NC 3/8""""""""";BAT 41I01F3;4
BAG_F45;VANNE PROPORTIONELLE (0-1BAR);BAT 41I01F3;2
EMT_H18;KIT DE 2 CULASSE POUR POMPE NO35;BAT 41I01F3;4
EMT_J88;ALTIVAR 58 - 0.75 KW ;BAT 41I01F3;1
FUS_086;CA SENSOR DOWN;BAT 41I01F3;0
JNT_A004;SCREW SST SHCS M8X25 NICKEL PLATED VENTED;BAT 41I01F3;1
JNT_A048;SCREW SST FH SLOTTED M3X10 NICKEL PLATED VENTED;BAT 41I01F3;4
JNT_A049;DOWEL PIN NICKEL 6MM DIA, X 12MM;BAT 41I01F3;2
JNT_H11;SCREW PEEK SHCS M5X20 VENTED;BAT 41I01F3;1
JNT_H12;SCREW SST FHCS M5X30;BAT 41I01F3;4
JNT_H14;SCREW SST FH SLOTTED M3X8 NICKEL PLATED VENTED;BAT 41I01F3;1
JNT_H15;O RING;BAT 41I01F3;3
JNT_H16;KIT DE REPARATION DE VANNE PNEUMATIQUE;BAT 41I01F3;2
JNT_H17;SWITCH REED D-R731L;BAT 41I01F3;3
JNT_H29;SWITCH REED D-R732L;BAT 41I01F3;6
JNT_H30;JOINT INJECTION GAS ID 0,421 CSD:,139 CZ SC513;BAT 41I01F3;19
JNT_H61;END EFROR 4AXIS O RING;BAT 41I01F3;48
JNT_X63;O RING CZ 2-384;BAT 41I01F3;5
JNT_Z52;O RING CZ 2-234 ELEVATOR;BAT 41I01F3;3
LIT_A26;O RING CZ 2-383;BAT 41I01F3;1
LIT_A27;CABLE POWER DELIVERY BRISKH;BAT 41I01F3;10
LIT_A29;ORING;BAT 41I01F3;1
LIT_A30;ORING ID 1,862 CSD ,103 EPDM 70 DURO;BAT 41I01F3;3
LIT_A45;ORING;BAT 41I01F3;2
LIT_A79;ENSEMBLE ROTULE VERIN;BAT 41I01F3;1
LIT_D14;GATE 5000 ZA SLIT VALVE;BAT 41I01F3;3
VIS_W67;SCR CAP SKT 10-24 X 1-1//8L HEX TITANI;BAT 41I01F3;7
EMC_D99;RONDELLES;BAT 41I01F4;1
EMC_J16;SCREW CAPTIVE 10-32 X ,59 SKT HD;BAT 41I01F4;2
EMT_C86;WSHR FLAT M4 8MM OD X 4,3MM ID X 0,5MM THK;BAT 41I01F4;1
EMT_C88;O RIG SLIT;BAT 41I01F4;3
LIT_A41;O RING;BAT 41I01F4;2
LIT_E45;SCR SKT HD CAP CAPTIVE 8-32;BAT 41I01F4;1
MEC_F64;RTNR UNIV WDO CAPTIVE HDW;BAT 41I01F4;11
MEC_F89;LINER SPACER;BAT 41I01F4;12
COU_F30;SCR SCH CAP 1/4-20 X 3/8? AL ANO;BAT 41I01G1;1
COU_F43;COMMUTATEUR DONNEES DB25 FEMALE 2 VOIES;BAT 41I01G1;2
COU_F55;CABLE SUB-D25 VOIES MALE-FEMELLE 0,61M;BAT 41I01G1;1
COU_F75;VANNE COUDEE DN25 ISO PNEUMATIQUE GENESIS;BAT 41I01G1;3
COU_F76;VANNE EQUERRE MANUELLE DN25 ISO;BAT 41I01G1;1
COU_F77;CIRCUIT BREAKER 240 V / 3 POLES / 20A;BAT 41I01G1;2
COU_F20;ADHESIF SILICONE GENERAL ELECTRIC;BAT 41I01G2;1
COU_F31;POMPE TURBO 5150CP AVEC MONTAGE (SOCLE) ET VE;BAT 41I01G2;4
COU_F32;POMPE TURBO 5150CP;BAT 41I01G2;2
COU_F33;LAMP HALOGEN 800W;BAT 41I01G2;3
COU_F48;PAD VESPEL CHAMBER LINER 300MM DPSII;BAT 41I01G2;2
COU_F54;ORING ID 2.425 CSD .103 KALREZ ;BAT 41I01G2;1
COU_W02;O-RING ID .624 CSD .103 VITON;BAT 41I01G2;2
COU_W04;JOINT VITON NOIR 1,859 X 0,139;BAT 41I01G2;1
EMC_X87;O-RING ID 3.987 CSD  .103 VITON 75DURO;BAT 41I01G2;2
EMC_Z65;WINDOW NEDPOINT DPS;BAT 41I01G2;7
VAN_F29;JOINT CARRIER 2X14 V40190 ;BAT 41I01G3;1
VAN_F30;QUARTZ, SINGLE RING, DEEP ETCHED ;BAT 41I01G3;5
VAN_F31;LIFT PIN;BAT 41I01G3;2
VAN_F33;VIS M4 X 14 MM;BAT 41I01G3;1
VAN_K65;VIS M4 X 16 MM;BAT 41I01G3;3
VAN_V31;O-RING BAGUE QUADRIPOLE;BAT 41I01G3;2
VEN_V19;RF MATCH ADVANCED ENERGY NAVIGATOR;BAT 41I02B2;1
VEN_V21R;IO CARD DNET 3U COMB;BAT 41I02B2;3
VEN_V17;VIS;BAT 41I02B3;2
EMT_G37;VIS;BAT 41I02B4;1
KIT_V99;VIS;BAT 41I02B4;2
LIT_F31;VIS;BAT 41I02D1;1
CLD_F06;VIS;BAT 41I02D2;0
EMC_F67;VIS;BAT 41I02D3;1
EMC_F69;VIS;BAT 41I02D3;3
LIT_A39;ECROUS;BAT 41I02D3;2
LIT_A53;ECROUS;BAT 41I02D3;1
LIT_B32;ECROUS;BAT 41I02D3;10
LIT_B59;ECROUS;BAT 41I02D3;1
LIT_B81;ECROUS;BAT 41I02D4;9
EMC_S64;RONDELLE;BAT 41I02F2;1
EMC_Z14;LID SUPPORT RING;BAT 41I02G1;3
EMC_Z25;HEATER LID ASSY 300MM;BAT 41I02G1;1
EMC_Z26;TS HEATED MANOMETER ISO VALVE ASSY;BAT 41I02G1;1
EMC_Z28;OUTILLAGE DE MANUTENTION ROBOT;BAT 41I02G1;2
EMC_Z30;VENTILATEUR / FAN 60X60X15 24VDC;BAT 41I02G1;4
EMC_Z31;INSULATEUR QUARTZ;BAT 41I02G1;4
EMC_Z60;JOINT TORIQUE ID 0,237 CSD ,103 VITTON 75 DUR;BAT 41I02G1;2
MEC_A01;O-RING ID 1.174 CSD103VIT;BAT 41I02G1;1
MEC_A02;O-RING  ID 13.975 CSD .210 VITON 75 DURO;BAT 41I02G1;1
EMC_Z27;O-RING .421 CSD .139 VITON 75 DURO;BAT 41I02G2;3
EMT_237;O-RING ID .609 CSD .139 VITON 75DURO BLK - 15;BAT 41I03A1;2
EMT_E56;JOINT TORIQUE ID 8.734 CSD .139 VITON 75 DURO;BAT 41I03A1;5
TTH_H16;O-RING ID 8.234 CSD .139 VITON 75DURO BLK;BAT 41I03A1;1
COU_L01;O-RING CENT AP1 / CENT300 LTM1;BAT 41I03B1;1
LIT_E01;O-RING ID 8.475 CSD .210 VITON CENT300 LTM1 /;BAT 41I03B1;4
LIT_E02;O-RING ID 28.0 CSD .210 VITON CENT300 LTM1 /;BAT 41I03B1;2
LIT_F01;SEAL, TYPE MSA 02B -281,R6;BAT 41I03B1;1
LIT_F35;FINGER (LIFTER PIN CERAMIQUE 200 MM);BAT 41I03B1;5
LIT_F70;VIS SCR CAP SKT HD 5/16 -18X3/4L HEX SKT SST;BAT 41I03B1;10
LIT_F73;VIS SCR CAP SKT HD 4   - 40X3/8L HEX SKT SST;BAT 41I03B1;3
LIT_F74;CARD CPCI 32/16 ANALOG 32/16/I/O;BAT 41I03B1;3
LIT_B02;"ASSEMBLY PCB IO CDN 491 W/TYPE ""AB""CONNECTOR";BAT 41I03D3;1
LIT_B58;MOTION CONTROLL BOARD;BAT 41I03D3;1
LIT_D16;POWER SUPPLY CPCI 3U ONE SLOT M-TYPE;BAT 41I03D3;2
LIT_D17;ASSEBLY SBC 1,6GHZ 1GB DDR AND 80GB HDD PENTIUM M VMIC 7326;BAT 41I03D3;3
LIT_D18;VERIN PNEUMATIQUE;BAT 41I03D3;0
LIT_D19;DETECTEUR SIMS;BAT 41I03D3;4
LIT_D20;VENTILATEUR AXIAL SUNON 220 ? 240 V C.A., 120 X 120 X 38MM, 85CFM, 21W;BAT 41I03D3;1
LIT_B03;CABLE SIMS;BAT 41I03D4;0
LIT_B99;CABLE SIMS BLEU;BAT 41I03D4;2
LIT_C01;ACTUATOR + JOINT;BAT 41I03D4;1
LIT_D67;SHIELD DEPO 8S-2ES;BAT 41I03D4;1
LIT_D93;VIS SPECIAL TEL;BAT 41I03D4;8
LIT_E58;WINDOW DEPO P-1 HOLE;BAT 41I03D4;4
MET_A54;PEDESTAL ASSY 200 MM NOTCH CH A/B ;BAT 41I03D4;12
MET_A58;RING QUARTZ PLASMA SCREEN 300MM DPSI;BAT 41I03D4;1
LIT_B04;RING QUARTZ PLASMA SCREEN 300MM DPSI;BAT 41I03E1;0
LIT_C04;KIT, VAT VALVE SEAL DN100 ;BAT 41I03E1;1
LIT_E36;VIEWPORT SAPPHIRE;BAT 41I03E1;2
LIT_B14;LECTEUR CD-ROM (IDE) ;BAT 41I03E3;1
LIT_B08;MASSFLOW 50 SCCM HE (DIM NON STANDARD );BAT 41I03E4;2
LIT_B09;MASSFLOW GAS N2 FULL SCALE RANGE: 173-438 REF;BAT 41I03E4;1
LIT_B10;MASSFLOW MFC 50 SCCM HE JOINT VITON FC2901;BAT 41I03E4;1
LIT_B16;O-RING VITON 42,52 X 2,62 ;BAT 41I03E4;3
LIT_B17;O-RING SILLICONE ROUGE BUBLER QUARTZ ET SPOOL ;BAT 41I03E4;12
LIT_B18;JOINT DE CLAPET VANNE SILLICONE ROUGE 34,52X3;BAT 41I03E4;10
LIT_B19;VERIN LIFT PIN - VERIN PNEUMATIQUE MDC ABLM-1;BAT 41I03E4;3
LIT_B20;VERIN PNEUMATIQUE DOUBLE EFFET UDR 17 - 2 MB;BAT 41I03E4;12
LIT_B21;VERIN PNEUMATIQUE DOUBLE EFFET CN586;BAT 41I03E4;9
LIT_B22;VERIN PNEUMATIQUE;BAT 41I03E4;3
LIT_B23;QUARTZ (PICOTS);BAT 41I03E4;3
LIT_B25;JAUGE AIM-S-NW25;BAT 41I03E4;2
LIT_B27;BUBLER;BAT 41I03E4;1
LIT_B29;COUDE QUARTZ;BAT 41I03E4;1
LIT_B30;ECRAN TACTILE ;BAT 41I03E4;14
LIT_B31;SOURCE RF DPSII;BAT 41I03E4;3
LIT_D58;INTERNAL CERCLIP B03;BAT 41I03E4;1
LIT_D68;ELECTROVANNE COOLING POUR TURBO LEYBOLD MAG 2000;BAT 41I03E4;1
LIT_D69;JOINT PLAT PROTECTION HUBLOT;BAT 41I03E4;3
LIT_D70;AFFICHEUR;BAT 41I03E4;3
LIT_F36;VIDEO MONITOR;BAT 41I03F1;12
LIT_F38;CAMERA;BAT 41I03F1;1
LIT_F94;HC INLINE VALVE;BAT 41I03F1;1
LIT_A08;VENTILATEUR 24VDC 6X6X2.5;BAT 41I04A1;2
LIT_C07;RACCORD DIAM 04 MALE M5 ;BAT 41I04A1;2
LIT_D87;RACCORD DIAM 4 MALE 1/8 NPT ;BAT 41I04A1;1
POM_A40;MFC MILLI PORE FC 2901 4V 100SCCM N2;BAT 41I04A1;1
EMC_A102;O-RING KALREZ 9100 15.47MM X 3.53MM ;BAT 41I04B1;3
EMC_A103;RELAIS L/P NF 4E PCB ;BAT 41I04B1;4
EMC_P32;CORPS DE COUPLAGE, MONTAGE FILETÉ DROIT 1/4POUCE;BAT 41I04B1;2
LIT_A35;BARATRON PRESSURE SWITCH;BAT 41I04B1;2
LIT_B48;LOADLOCK O'RING;BAT 41I04B1;1
LIT_D90;O-RING ID. 278.99 MM-S3.53;BAT 41I04B1;34
TTH_E37;JOINT TORIQUE 351,21 X 4 NOIR (CORRESPOND AU;BAT 41I04B1;1
EMC_U05;JOINT;BAT 41I04C1;4
EMC_U60;SUPPORT HUBLOT;BAT 41I04C1;1
EMC_U49;THRUST COLLAR B03;BAT 41I04C2;1
EMC_H63;FLANGED BALL BEARING;BAT 41I04C3;10
EMC_H64;BEARING SPACER B03;BAT 41I04C3;10
KIT_045;CAN CLAMP SHIM;BAT 41I04D1;1
EMC_U50;SEAL RETAINER B03;BAT 41I04D2;2
EMC_U66;VENTILATEUR 12VDC 92*92*25 3 FILS ;BAT 41I04D2;50
EMC_T99;RONDELLE ( M5 INSULATING WASHER );BAT 41I04E1;1
EMC_U06;RONDELLE WASHER PLAIN M6;BAT 41I04E1;1
EMC_U46;VIS DE REGLAGE (BRAS CAROUSEL);BAT 41I04E1;2
EMC_U48;CAPACITOR SLIMLINE 65-850 PF;BAT 41I04E1;2
LIT_A65;CAPACITOR SLIMLINE 500PF;BAT 41I04E1;1
LIT_A73;CHAMBER INTERFACE PCB ASSY ;BAT 41I04E1;1
LIT_A76;BARATRON;BAT 41I04E1;3
LIT_A77;LINK ARM;BAT 41I04E1;3
LIT_B51;SPATULE CAROUSEL;BAT 41I04E1;2
LIT_B52;OMRON LASER RETROFIT KIT;BAT 41I04E1;2
LIT_B64;JAUGE PIRANI KF25 ;BAT 41I04E1;3
LIT_B91;MODIFIED O-RING CARRIER;BAT 41I04E1;3
LIT_D56;SOUFFLET DE VANNE;BAT 41I04E1;4
LIT_E98;TUBE KIT VM100;BAT 41I04E1;1
LIT_F40;SWITCH;BAT 41I04E1;0
LIT_F77;PK PK DC BIAS DETECTOR;BAT 41I04E1;1
MOT_V37;SEAL DOWTY N°625 ;BAT 41I04E2;3
EMC_C40;O SEAL MALE CONN1/4 IN ;BAT 41I04E4;0
EMC_C42;BARATRON 1 TORR;BAT 41I04E4;2
EMC_C89;PLAQUE MASFLOW;BAT 41I04E4;1
EMC_H98;ACCOUPLEMENT;BAT 41I04E4;1
EMC_U40;SUPPORT DN40;BAT 41I04E4;1
EMC_U41;VIEW PORT;BAT 41I04E4;6
EMC_U42;M5 X13 SOCKSET CAP VERTED NICKEL PLATED;BAT 41I04E4;6
EMC_U61;CAPDHEAD SCREW M6 X 20 MM;BAT 41I04E4;5
EMC_U67;VIS POUR CERAMIC ACCESS SERVICE PLATE;BAT 41I04E4;7
LIT_B56;FILTRE POUR CHILLER BETTATECH;BAT 41I04E4;2
LIT_B66;NUT - ECROU MOLETÉ ;BAT 41I04E4;1
LIT_C37;BAGUE POUR VIS TEFLON ;BAT 41I04E4;1
LIT_F93;RACK ELECTRONIQUE;BAT 41I04E4;1
VAN_003;CONTROLEUR TEMPERATURE WATLOW ANAFAZE CLS204;BAT 41I04E4;2
LIT_F46;SONDE DE TEMPERATURE LID;BAT 41I04F1;3
LIT_F47;SUPPORT FIBRE OPTIQUE LID;BAT 41I04F1;3
LIT_F49;ANNEAU DE CIRCULATION WALL ;BAT 41I04F2;10
LIT_F51;O RING 11.984 ID X 139 C/S;BAT 41I04F2;5
LIT_F52;O-RING 13.984ID X 0.139 (CHAMBRE);BAT 41I04F2;2
LIT_F53;CARTE INTERLOCK/NETWORK ;BAT 41I04F2;4
LIT_F54;ASSY SPINNER MOTOR;BAT 41I04F2;6
LIT_F55;PENDULUM;BAT 41I04F2;8
LIT_F56;ALIMENTATION MAGNETEC ;BAT 41I04F2;5
LIT_F97;STEPPING MOTOR 12 8872 053 PK243A1A SG18 0,95A;BAT 41I04F2;1
MET_B61;R-CH;BAT 41I04G1;17
LIT_F64;BOUCHON COVER, NUT, BOT GAS FD W/O SLOT LAM 9;BAT 41J01D1;0
EMC_I60;GASKET EMI (RECT CROSS SECTION);BAT 41J02B3;78
EMC_D65;RONDELLE TEFLON;BAT 41J02C1;9
EMC_AA4;RONDELLE TEFLON;BAT 41J02C2;3
EMC_AA2;RONDELLES VCR CALIBREE;BAT 41J02C3;14
LIT_F04;RONDELLES VCR CALIBREE;BAT 41J02D1;4
EMC_AB1;RONDELLE EPAISSE SPECIALE;BAT 41J02E1;1
EMC_AA8;SEAL BEARING;BAT 41J02F1;71
EMC_AA9;RONDELLES GROWER 5/16;BAT 41J02F2;6
EMC_AB0;VIS 4 PIN LIFTER ;BAT 41J02F2;10
EMC_AA1;LINER ROUND CHAMBER AL,ALLI,BSR ;BAT 41J03C1;30
EMC_AA6;LINER CHAMBER TRNSN MNFLD ADAPTOR ;BAT 41J03C2;2
MET_B60;LINER U CHAMBER, TRNSN MANF ;BAT 41J03G1;0
MET_B62;VIS SCR FL HD 1/4-20 KEL-F;BAT 41J03G1;1
MET_B63;DYNAMIC ALIGNMENT SENSOR BANNER HIGH SPEED;BAT 41J03G1;1
MET_B66;WDO SAPPHIRE 25 MM X .087;BAT 41J03G1;2
MET_B67;NOZ INJ 8 X .055-45DEG RDL-1CRT;BAT 41J03G1;0
MET_B69;CERAMIQUE 21 TROUS ;BAT 41J03G1;0
MET_B72;R, EDGE, NON LANDED, 8'' NOT, 96PTX ;BAT 41J03G1;1
MET_B73;KIYO RING EDGE BOT QUARTZ 200-300 ;BAT 41J03G1;0
MET_B74;PLATE WINDOW EOP ;BAT 41J03G1;3
MET_B75;PC ENDPOINT LAM VERSYS;BAT 41J03G1;0
MET_B76;GSKT EMI RECT.C/S ;BAT 41J03G1;0
MET_B77;O-RING,VITON,14.984IDX ;BAT 41J03G1;0
MET_B78;O-RING 8-3/4 ID X 1/ ;BAT 41K01A2;5
MET_B81;VIS;BAT 41K01F2;2
LIT_C24;VIS;BAT 41K01G1;2
MET_B05;RING GROUND CHBR BSR ( LAM MEMS1 ET LAM 9600B);BAT 41K01G1;1
MET_B82;APERTURE MOLY ;BAT 41K01G2;1
MET_B83;SONDE ;BAT 41K01K1;0
MET_B85;CAPTEUR HOME POUR FIXTURE ;BAT 41K01K2;3
AMP_F31;JNT PORTE ;BAT 41K01N1;3
MET_A49;RING CLAMP UPPER 200MM STD ;BAT 41K01O1;2
ELEC_K93;MICROSWITCH 6A 250V ;BAT 41K01O2;2
EMC_AA7;INSUL,ESC,9600XX ;BAT 41K02L1;3
EMC_AA5;R YNIFTU CYT-OYT 220MM ;BAT 41K02L2;8
EMC_C46;TÊTE COMPLÈTE - CONTOUR METAL ;BAT 41K02M1;1042
CON_V10;TÊTE COMPLÈTE - CONTOUR METAL  A REFAIRE;BAT 41K02N2;22
EMC_AA0;ECRAN TACTILE ELO ET1515L-7CWA-1-G  E849124;BAT 41K02O1;6
EMC_C44;DISQUE DUR IBM 4.5GB ;BAT 41K02O2;1011
EMC_AA3;VANNE EQUERRE VAT DN40;BAT 41K02P1;53
TTH_J69;QUADRANT CLAMP SECTOR ( EPS ASSY ) ;BAT 41K04A1;8
TTH_J70;PRESSURE SENSOR;BAT 41K04A2;2024
TTH_J71;PRESSURE SENSOR CONTROLLER;BAT 41K04B1;8
LIT_F98;HUBLOTS DN 40;BAT 41L04E1;1
TTH_H48;M4X12 CSK ALI VENT SLOT;BAT 41L06D1;0
MET_B20;O-RING FOR CATHODE ;BAT 41L06E1;4
MET_B25;GATE VALVE O-RING KIT ;BAT 41L06E1;1
DEP_M49;COFFRET VAT SÉRIE 65 ;BAT 41L07A1;1
DEP_M51;JOINT ;BAT 41L07A1;2
DEP_M55;JOINT POUR PUIS DE POMPAGE (75.57MM X 5.33MM) ;BAT 41L07A1;4
DEP_M56;O RING FLUOROCARBON FR10/80 ;BAT 41L07A1;4
DEP_M59;O RING 279 K8575 ;BAT 41L07A1;1
DEP_M60;O RING 389 K8575 ;BAT 41L07A1;1
DEP_M61;O RING 326 K8575 ;BAT 41L07A1;1
DEP_D38;O RING 275 K8575 ;BAT 41L07D1;10
DEP_M42;O RING 171 K8575 ;BAT 41L07D1;2
DEP_M43;O RING 272 K8575 ;BAT 41L07D1;2
DEP_M72;O-RING 281  K8575;BAT 41L07D1;4
DEP_M81;O-RING KALREZ INNER CLAMPING 142.47 X 3.53 MM K255;BAT 41L07D1;1
EMT_D18;O-RING KALREZ OUTER CLAMP RING 280.00 X 2.62 MM;BAT 41M01A3;2
EMT_G80;O-RING KALREZ OUTER CERAMIC BAS 266.29 X 3.53 MM;BAT 41M01A4;1
EMT_G85;O-RING KALREZ INNER CERAMIC BAS 158.34 X 3.53 MM;BAT 41M01A4;5
EMT_H15;O-RING KALREZ SOURCE BODY LOWER RING 346.00 X 3.5;BAT 41M01A4;1
EMT_J70;O-RING KALREZ CENTRAL VIEWPORT ASSY 34.52 X 3.53MM;BAT 41M01B1;2
MEC_F93A;O-RING KALREZ CENTRAL VIEWPORT ASSY 26.57 X 3.53;BAT 41M01B1;1
EMT_N71;O-RING KALREZ NW 10 15 X 5 MM;BAT 41M01B2;4
MET_A88;EPS FINGER 200MM TDESC ;BAT 41M01B2;1
EMC_B80;VIS M5 X 10 IUNNEL;BAT 41M01B3;1
EMT_A04;VIS M4 X 6 SANS TETE;BAT 41M01B3;2
EMT_Z75;VIS EPS ( SKT HD CAP M4 X 12 ) ;BAT 41M01B3;1
LIT_C18;PLATEN SHIELD;BAT 41M01B3;1
VEN_V08;INSULATED NW16 C-CLAMP ;BAT 41M01B3;2
MET_B92;CACHE VIS EPS EN TÉFLON ( SCREW SHIELD CAP M4 ) ;BAT 41M01C1;3
VEN_V22;OUTER CERAMIC;BAT 41M01E2;2
MET_A66;EPS RING;BAT 41M02C1;1
MET_A07;CHUCK;BAT 41M02C2;1
MET_B86;GENERATEUR RF BIAS PARAMOUNT 1513;BAT 41M03B1;0
LIT_D66;CLAMP RING ;BAT 41M04D1;3
LIT_D89;UPPER SHIELD ;BAT 41M04D1;2
DEP_P75;INSULATOR;BAT 41N01E1;1
DEP_P79;"COVER RING 8 TI 101""";BAT 41N01E1;1
DEP_P80;BELLOWS OD400MM;BAT 41N01E1;3
QUARTZ  DSQ;CLAMP (PM3) ;BAT 41N02A1;0
DEP_H98;JOINT CAVITY PM2;BAT 41N02D1;1
AMA_006;QUARTZ WAFER SUPPORT (PM2) ;BAT 41N02G1;1
AMA_007;QUARTZ COVER PM2 ;BAT 41N02G1;1
DEP_P74;SHIELD LOWER 8 IN. DURA TTN SST;BAT 41N02G1;1
TTH_E45;SUSCEPTOR, 400µM PINS, USED ;BAT 41O01A1;2
LMP_K11;SHEATH THERMOCOUPLE, L=787 MM ;BAT 41O01B1;8
TTH_D83;TUNGSTEN LIFT PIM ;BAT 41O01E1;2
TTH_I76;LIFTING PIN BUTTON - SIC COATED ;BAT 41O01E1;30
TTH_K00;LIFT PIN SLEEVE BEARING ;BAT 41O01E1;4
TTH_K01;DRIVE DOG ;BAT 41O01E1;2
TTH_K03;SHEATH THERMOCOUPLE L=100 MM ;BAT 41O01E1;1
POM_A37;FERRULE 1/16¨ FRONT NYL;BAT 41O02A1;7
TTH_D02;FERRULE 1/16¨ BACK NYL;BAT 41O02E1;1
TTH_D35;FLANGED BUSH TOP DEP SHIELD;BAT 41O02E1;4
TTH_H99;FLGD BUSH BTM 3MM C'BORE DEP SHEILD;BAT 41O02F1;0
TTH_I99;DISC QUARTZ 12X4.5 SMALL;BAT 41O02F1;8
TTH_K21;ASSY BEARING HOUSING INSULATED;BAT 41O02F1;8
TTH_K15;O-RING*405.26X3.53*EPDM70*BLACK;BAT 41O03C1;2
EMT_Z85;SPRING RING ASSY ;BAT 41O03D1;6
RAC_V89;ORING BS283EP70 ;BAT 41O03E1;7
VAN_V17;SHAFT, CONN ROD, DEP. SHIELD ;BAT 41O03E1;5
VAN_V04;BALL BEARING (FOUR POINT CONTACT);BAT 41O03E2;0
MEC_V27;HEATER CLAMP ;BAT 41O03E4;1
TTH_H09;QUARTZ DISC SPACER ;BAT 41O03F1;0
GRV_L87;RONDELLES 3880-01006;BAT 41P01F1;1
GRV_L88;VENTED SCREW 8-32 VENTED FLAT HEAD;BAT 41P01F2;4
GRV_L89;GASLINE FLEXLINE;BAT 41P01F2;3
GRV_L90;HEATER PLATE MOW CH4;BAT 41P01F2;2
GRV_L91;ALU FLUX OPTIMISER POUR AMBER CU;BAT 41P01F2;12
GRV_L92;COVER RING POUR AMBER CU;BAT 41P01F2;4
GRV_L93;DEPOSITION RING POUR AMBER CU;BAT 41P01F2;9
GRV_L94;CABLE ASSY INTLK DRIVER PVD 300 AMBER CU;BAT 41P01H1;17
JNT_R08A;ORING ID 1.299 CSD .103 CZ SC513 80 DURO;BAT 41P01I4;3
GRV_L62;SCREW AL 8-32 X 1/2L VENTED BLOCKER PRODUCER G-GT;BAT 41P02D2;2
GRV_L63;PIN-RING SUPPORT SQ CHAMBER ,150 LG;BAT 41P02D2;2
GRV_L60;STUD VERTICAL AXIS ADJUSTER ISM PROD;BAT 41P02E1;1
GRV_L65;VCR GASCKETS  (SS-8-VCR-2-GR);BAT 41P02E2;1
GRV_L72;O-RING 283 FR 10/80;BAT 41P02G1;3
GRV_L75;VIS DPS LINER CATHODE;BAT 41P02G1;1
GRV_L77;O-RING2-380/75D WHT-FLUOROCARBON;BAT 41P02G1;1
GRV_M04;O-RING 6.07*1.78 FFKM 75 BLANC;BAT 41P02H1;1
GRV_L99;ORING 2-320/75D WHT-VITON;BAT 41P02H2;5
GRV_M01;KIT O-RING PROCESS CH SHORT FLNG INJ;BAT 41P02H2;2
GRV_M03;VCR 1/2 SS AVEC CLIP;BAT 41P02H2;22
GRV_L97;JOINT TORIQUE  215,49 X 3,53  V747- 75;BAT 41P02I2;3
GRV_L95;JOINT METTALIQUE GAZ PANEL;BAT 41P02I3;1
GRV_L96;ORING ID 1.112 CSD .103 VITON 75DURO BLK;BAT 41P02I4;18
GRV_M05;ORING 2.112 X 103 2037 KALREZ;BAT 41P02J1;2
GRV_M06;ORING ID .234CSD .139FFKM (CHEMRAZ 513);BAT 41P02J1;8
GRV_M07;O-RING VITON ID ,299 CSD ,103 ;BAT 41P02J1;37
GRV_M11;JOINT;BAT 41P02J3;2
GRV_M30;JOINT TORIQUE  ID  0,468  CSD  0,078  VITON;BAT 41P02J3;1
GRV_M18;O-RING 281 V71;BAT 41P02J4;6
GRV_M22;O-RING 475.0 ID X 4.0 FR10/80 ;BAT 41P02O1;1
GRV_L66;KIT REBUILT COLD CATHODE SENSOR KF25;BAT 41P02P2;2
GRV_L68;SH THERMAL GASKET REVB ;BAT 41P02P2;1
DEP_P65;O-RING 227 CHEMRAZ 655 ;BAT 41P03A;2
DEP_P67;O-RING 109  V75;BAT 41P03B1;2
DEP_P69;ORING ID 11.484 CSD .139 VITON 75 DURO BLK;BAT 41P03C1;1
DEP_P70;ORING ID 2.859 CSD .139 CZ SC513 80 DURO WHI;BAT 41P03C1;1
EMC_P47;O-RING 2-382/75D WHT-FLUOROCARBON;BAT 41P03C2;2
EMT_475;JOINT TORIQUE  ID 12,984  CSD 0,139   VITON;BAT 41P04P1;4
EMT_C54;JOINT TORIQUE   ID    14,984    CSD  0,139;BAT 41Q00A1;1
EMT_C54R;O-RING .234 X 139 4079 KALREZ;BAT 41Q00A1;3
AMP_V16;ORING;BAT 41Q00B2;8
EMC_J01;ORING ID .426 CSD .070 CHEMRAZ 80  DURO ;BAT 41Q00B3;11
GRV_C102;ORING ID 1.975 CSD .210 4079 KALREZ;BAT 41Q00C3;3
JNT_K25;RONDELLES 3880-01218;BAT 41Q00C3;27
JNT_K34;JOINT TORIQUE  3700-01035;BAT 41Q00C3;23
JNT_Z55;THROTTLE VALVE;BAT 41Q00C3;6
PRO_K22;THROTTLE VALVE MKS 653B-2-50-1;BAT 41Q00D3;2
GRV_J57;BARATRON 100T;BAT 41Q01B1;0
PRO_Q28;ASSY TC FRONT/SIDE;BAT 41Q01B1;1
EMT_965;C3M TURBO PORT SHIELD;BAT 41Q01C3;0
VIS_X11;LIFT PIN METAL 85MM LONG ;BAT 41Q01C3;0
VIS_X12;LIFT PIN METAL 85MM LONG RECONDITIONNEE;BAT 41Q01C3;0
JNT_X48;TARGET WEARSTRIP;BAT 41Q01D2;1
ELEC_Y03;300MM MODULE, S/H GASKET ;BAT 41Q01E1;0
EMC_A100;C3M 300 MKII CHAMBER SHIELD ;BAT 41Q01E1;0
VIS_159;LOOM PLATEN HEATERS ( COMPATIBLE VERSALIS );BAT 41Q01E1;10
VIS_162;MINI VACUUM SWITCH 10 TORR;BAT 41Q01E1;6
VIS_163;MFC N2 2000 SCCM DNET ;BAT 41Q01E1;10
VIS_164;M3X10 TX PAN VENTED 0.8MM ;BAT 41Q01E1;20
VIS_165;LOOM DC COIL (25MM/15M);BAT 41Q01E1;10
VIS_166;KIT SPTS VERSALIS TTN 300;BAT 41Q01E1;10
VIS_167;FILTRE MINI ULTRAMET L MEDIA INOX 316L ;BAT 41Q01E1;10
VIS_168;SHUTTER BLADE;BAT 41Q01E1;11
VIS_169;PEDESTAL;BAT 41Q01E1;12
VIS_170;O RING 2-129/70D NITRIE;BAT 41Q01E1;21
VIS_171;VANNE ÉQUERRE DN 40 DE LA CHBRE PULSAR;BAT 41Q01E1;18
VIS_172;C3M 300 MKII LOAD SLOT SHIELD RECONDITIONNEE;BAT 41Q01E1;7
VIS_177;SHOWERHEAD 2 GAS INLET ELBOW NETTOYEE;BAT 41Q01E1;13
EMC_B39N;SHOWERHEAD INSULATOR OUTER;BAT 41Q01H1;0
EMC_B40W;BAFFLE PLATE 2.5/2.5 MOCVD;BAT 41Q01H1;0
GRV_J81;BAFFLE PLATE 2.5/2.5 MOCVD;BAT 41Q01H1;0
EMT_J82;C3M PLATEN WAFER ADAPTOR ;BAT 41Q02A1;1
VEN_V28;C3M PUMP GALLERY ;BAT 41Q02B3;1
EMT_369;C3M WAFER PIN GUIDE RECONDITIONNEE;BAT 41Q02C1;1
JNT_I97A;REV B SHOWERHEAD INSULATOR ;BAT 41Q02D2;12
JNT_K32A;M3X16 VENTED PAN HD TORX ;BAT 41Q02D2;4
JNT_K35G;SHIELD 15CM RF;BAT 41Q02D2;8
JNT_Q66A;GASKLEEN V SERIES PRECONDITIO;BAT 41Q02D2;5
JNT_Q68G;MINI VACCUM XWITCH 650TR;BAT 41Q02D2;5
JNT_V40;TEACHINGWAFER ETW300-SI;BAT 41Q02D2;2
JNT_V45G;SHOWER NITRURE CVD;BAT 41Q02D2;5
JNT_X34;SOURCE LIQUIDE VIDE;BAT 41Q02D2;4
JNT_X38;CANISTER VIDE NETTOYE TESTE;BAT 41Q02D2;9
JNT_X39;BOITE D'ACCORDS RF    P5000 RF MATCH;BAT 41Q02D2;10
EMT_W03;ASSY TC HEATER 200 MM TECTRA TI/TIN;BAT 41Q02E1;29
VIS_089;PIN WAFER LIFT 200MM BW;BAT 41Q02E1;12
VIS_098;TERMINAL BUSHING BWCVD;BAT 41Q02E1;6
VIS_099;VANNES 4 VOIES;BAT 41Q02E1;10
GRV_M23;JOINT TEFLON BLANC POUR CVG;BAT 41Q02E2;2
GRV_M24;BLOCKER PLATE;BAT 41Q02E2;1
GRV_M25;OUTIL DE CALIBRATION ALUMINIUM P5000;BAT 41Q02E2;1
GRV_M26;TEFLON CVG P5000;BAT 41Q02E2;1
GRV_M29;MFC N2 100 SCCM ;BAT 41Q02E2;0
CLD_K01;MFC N2 5 SLM ;BAT 41Q03A1;2
GRV_I99;HEATER LAMP DRIVER;BAT 41Q05A1;1
VEN_W04;CABLES INFORMATIQUES P2 P1 10-28-00;BAT 41Q05B1;2
GRV_I96;ROULEMENTS A BILLES;BAT 41Q05D1;1
GRV_I98;LEAF, SPRING, SLIT VALVE;BAT 41Q05D1;1
GRV_M08;SHUNT EMO 4 PILES;BAT 41Q06B1;1
GRV_M09;ASSY SWITCH CASSETTE HANDLER;BAT 41Q06B1;1
VIS_079;ELEMENT MECANIQUE;BAT 41Q06E2;4
EMC_L105;ELEMENT MECANIQUE;BAT 41Q06E3;3
GRV_B83;PRISES;BAT 41Q07E3;3
GRV_K07;PUMPING PLATE CERAMIC 6 POUCES;BAT 41Q08D1;0
GRV_K07N;THERMOCOUPLE MALE;BAT 41Q08D1;0
GRV_J10;THERMOCOUPLE;BAT 41Q08E1;2
GRV_J43;THERMOCOUPLE RACCORD FEMELLE;BAT 41Q08E1;4
EMC_R39;THERMOCOUPLES;BAT 41Q09C1;0
MSFLW_K12R;EMBOUT THERMOCOUPLES TYPE K;BAT 41Q09C3;0
MSFLW_K14;TETES DE THERMOCOUPLES;BAT 41Q09C3;0
MSFLW_V16;TETES DE THERMOCOUPLES;BAT 41Q09C3;1
JNT_475;RALONGE SUB D15 FEMELLE-FEMELLE;BAT 41Q09D1;11
JNT_L35;CABLES INFORMATIQUES;BAT 41R00A1;29
JNT_L57;CABLES ELECTRIQUES;BAT 41R00A1;37
CLD_018;ELEMENT PLASTIQUE;BAT 41R00B1;1
CLD_019;KIT TEFLON CASSETTE HANDLER;BAT 41R00B1;3
CLD_020;RELAIS 120 AC ;BAT 41R00B1;1
CLD_V03;ASSY ISO + THROTTLE WXZCVD;BAT 41R00B1;4
EMT_341;BELLOW HEATER;BAT 41R00B1;7
JAU_Q05;CONTACTOR, 3P, 3PH, 40A, 600V, COMPLETE WITH 24V COIL;BAT 41R00C2;0
EMT_339R;"COVER PLATE 8 """" CHBRE DXZ PATTERNED CENT 5200""""";BAT 41R00E1;1
EMT_340;VENTILATEUR FAN POUR HEATER CHBRE B;BAT 41R00E1;1
GRV_F22;PIN LIFT HEATER P5000B / CENT 5200E;BAT 41R00E1;1
GRV_L78;SUSCEPTOR R3 ROTATION NO CENTER EPI2;BAT 41R01F1;1
CRC_V17;MANIFOLD OUTPUT DXZ CHAMBER;BAT 41R02A1;0
EMC_M10;PERFORED PLATE 200MM W;BAT 41R02A1;1
EMC_M93;ISOLATOR CERAMIC;BAT 41R02A1;0
EMT_K20;HEATER BASE (CHAMBRE DXZ);BAT 41R02A1;0
EMT_K21;CORDON CHAUFFANT LIGNE DE GAZ 120V ;BAT 41R02A1;0
EMT_K22;MOTOR STEPPER DRIVER 5P ;BAT 41R02A1;0
GRV_B56;ORING ID:1.600 CSD:0.21 DURO WHITE ;BAT 41R02A1;3
GRV_B64;KIT RF PLUG DXZ;BAT 41R02A1;1
GRV_B78;MOTOR DXZ LIFT HEATER;BAT 41R02A1;15
GRV_B79;PLUG THROTTLE VALVE;BAT 41R02A1;2
GRV_C19;ORING;BAT 41R02A1;1
GRV_D66;BLADE PIVOT ASSY (RIGHT);BAT 41R02A1;0
GRV_D80;BLADE PIVOT ASSY (LEFT);BAT 41R02A1;0
GRV_I16;ORING CD 29.0 CSD 210 CSD SPLICE VITON 75D;BAT 41R02A1;8
JAU_Q03;ROULEMENT SABOT BLADE;BAT 41R02A1;8
JNT_M86;SHOWER;BAT 41R02A1;0
JNT_N27;COVER PLATE 8 CHBRE DXZ PATTERNED;BAT 41R02A1;0
JNT_T04;ABSOLUTE PRESSURE SWITCH;BAT 41R02A1;0
JNT_Z14;DUAL THERMOCOUPLE TOP HDP CVD;BAT 41R02A1;0
KIT_K03;SMC FILTER HOT LOOP;BAT 41R02A1;1
MEC_V06;SNSR,FLOW INSERTION SST;BAT 41R02A1;2
MEC_V09;CONNEXION POWER SUPPLY HEATER;BAT 41R02A1;2
MEC_V11;JOINT TORIQUE POUR SAS 557.66X6.99;BAT 41R02A1;0
MEC_V78;ALIMENTATION STARTER 4000 REMOTE ;BAT 41R02A1;0
MEC_V99;OC1 CREUSET 6;BAT 41R02A1;0
VEN_V24;PELLE;BAT 41R02A1;1
VIS_W91;RONDELLES;BAT 41R02A1;0
VIS_W92;JOINT SLIT ENDURA OU LL PREFORME VITON;BAT 41R02A1;5
VIS_X07;CABLE CONNECTION DTLR VERS SYSTEME;BAT 41R02A1;6
EMC_F32;CABLE POUR DTLR TEOS;BAT 41R02B1;2
EMC_F33;CABLE EMO 2 PIN 25M;BAT 41R02B1;3
GRV_D81;QUICK CONNECT MALE;BAT 41R02B1;0
EMC_A09;ADAPTATEUR NW40-CF 2.75 (DN40);BAT 41R02B2;1
MEC_V05;QUICK CONNECT FEMELLE;BAT 41R02B2;0
MEC_V88;RACCORD MALE QUICK CONNECT VISSE 3/4;BAT 41R02B2;0
EMC_H74;RACCORD FEMELLE QUICK CONNECT VISSE 3/4;BAT 41R02B3;0
GRV_D32;VANNE MANUELLE 1/4 DE TOUR CIRCULATION HX;BAT 41R02B3;1
EMC_G26;CAROTTE DES HEATER DES CHAMBRES ABC ET LL;BAT 41R02C2;11
EMT_J68;FLAPPER SEAL VALVE;BAT 41R02C2;1
EMT_K23;VALVE RTV DEVICENET PRODUCER CHAMBRE A ET B;BAT 41R02C2;0
GRV_A90;OUTIL DE CAL ALIGNEMENT ET PARALLELISMES ROBOT;BAT 41R02C2;0
GRV_B94;GIZMO 300MM;BAT 41R02C2;0
GRV_J87;OUTIL CAL HAND-OFF LOAD LOCK ET CHBRE;BAT 41R02C2;0
GRV_K00;OUTIL DE CENTRAGE DES HEATERS DES LL;BAT 41R02C2;3
JAU_K02;CABLE ASSY  SACVD CHBR LID INTERLOCK;BAT 41R02C2;1
MEC_G05;RACCORD RAPIDE PARKER FEMELLE 3/4;BAT 41R02C2;1
MEC_K01;RACCORD RAPIDE PARKER FEMELLE 9/16;BAT 41R02C2;0
MEC_K02;RACCORD RAPIDE PARKER MALE 9/16;BAT 41R02C2;1
MEC_K03;HOSE ASSY INTERCONNECT(SUPPLY)PRODUCER SE/MKII;BAT 41R02C2;1
VIS_V83;CABLE ASSY LID INTERLOCK;BAT 41R02C2;8
VIS_V84;CLAMPING RING HEATER UNIVERSAL GASBOX;BAT 41R02C2;80
VIS_X08;RAC,PLASTIQUE 3 VOIS 1/4T X 3/8 T;BAT 41R02C2;0
EMT_P52;"HD SATA 2.5 160 GB 24X7 EXTENDED """;BAT 41R02C3;0
VIS_086;DNET BUS SCANNER, TWO CHANNEL, SST CPCI ;BAT 41R02D1;1
VIS_080;"HD SATA 2.5 320 GB""";BAT 41R02D2;5
GRV_L79;LIFT PIN PRODUCER ;BAT 41R02E1;2
GRV_L83;LIFT PIN CHA OU CHB ;BAT 41R02E1;2
GRV_L84;SENSOR LIGHT / LIGHT DETECTOR BOARD CH C;BAT 41R02E1;1
GRV_L85;LIFT PIN;BAT 41R02E1;1
GVR_L86;JOINT SUR CENTREUR NW50;BAT 41R02E1;1
JNT_716;JOINT DN80 KALREZ;BAT 41R03A1;1
JNT_F50;CABLE ALIMENTATION ECRAN PRISE AMERICAINE;BAT 41R03C1;17
GRV_L53;CABLE MF INTERFACE PANEL ;BAT 41R04E1;1
MOT_024;JAUGE PIRANI RANGE 3X10-10 À 750 TORR DEVICE NET;BAT 41R05E1;0
KIT_026;MFA DXZ;BAT 41R05E2;0
GRV_C12;ASSY LIFT DXZ;BAT 41R05F1;1
GRV_M33;LID DXZ;BAT 41R06A1;1
ELEC_092;ASSEMBLY BLANCK OFF PLATE CHAMBER;BAT 41R06B1;0
EMT_508;CABLE ASSY W812 CH-Y DNET HUB TO AC REMOTE EPI 3;BAT 41R06B1;19
EMC_M76;CABLE EVC MALE TO EVC MALE SO FT 300MM CENTURO;BAT 41R06B2;3
VIS_151;CABLE ASSY EMO MAC AC MOD 1 TO AC MODU 2 EFS4 EPI ;BAT 41R06B2;58
VIS_152;CABLE ASSY W591 EMO SICONI AC TO EPI AC;BAT 41R06B2;2
VIS_154;CABLE ASSY W203 CH-Y SCR CONTROL EPI 300MM;BAT 41R06B2;1
VIS_155;SCREW  PN HD;BAT 41R06B2;5
VIS_146;PIN WAFER LIFT 300MM SICONI;BAT 41R06B3;2
VIS_158;SPACER PIN EDGE RING SICONI 300MM;BAT 41R06B3;12
VIS_200;SCRCAP SKT HD 6-32X1-1/4LHEX SKT SST SLVR PL NIPT;BAT 41R06B3;4
VIS_208;SCR CAP SKT HD 6-32X7/8L HEX SKT SST SLVR-PLT NIPT;BAT 41R06B3;20
EMC_P77;SCR CAP SKT HD 6-32X7/8L HEX SKT SST SLVR-PLT TIN;BAT 41R06F1;1
EMC_P89;O-RING ID 20.0 CSD .210 VITON 75 DURO UHP BLK TIN;BAT 41R06F1;0
EMC_P91;ALIM-POUR RGA END 5500A;BAT 41R06F1;0
VIS_149;ALIM +24 OMEGA MML400;BAT 41R07C3;11
EMC_L92;CONTROLLEUR TURBO TD20 LEYBOLD;BAT 41R07D2;14
EMC_B10;CABLE DC SOURCE ENDURA 50 FT;BAT 41R07D3;0
EMC_B12;COURROIE CRANTEE;BAT 41R07D3;1
GRV_B45;COURROIE CRANTEE;BAT 41R08D1;1
EMC_S77;"BELT TMG 3/8 PITCH 1/2W NEOPRENE 16.500""";BAT 41R09B1;1
EMC_A89;VGA VIDEO CONTROLLER;BAT 41R09D1;1
GRV_H96;MFC TYLAN 2900 200 SCCM N2;BAT 41R09D1;0
GRV_I31;RF MATCH PRECLEAN;BAT 41R09E1;0
GRV_E45;CHUCK ORIENTER 8 POUCES;BAT 41S00A1;8
GRV_F14;PLATE GATE VALVE TXZ CHMBR;BAT 41S00A1;1
GRV_F16;ROULEMENT BLADE KAYDON REALI-SLIM BALL BEARIN;BAT 41S00A1;0
VIS_186;UPPER SHIELD ;BAT 41S00A1;8
VIS_187;CAP 8 INCH BUFFER FROG LEG;BAT 41S00A1;10
GRV_E63;BRG BALL .312 ID .688 OD FLGD SST L;BAT 41S00B1;3
GRV_D86;MANIFOLD INPUT DXZ CENT;BAT 41S01A1;6
GRV_D94;SHIELD UPPER G12 DBL KNEE SST TI;BAT 41S01A1;3
GRV_H23;ELEMENT;BAT 41S01A2;2
GRV_H30;COOLING WATER BOX 200MM TXZ;BAT 41S01A2;2
GRV_I60;SHOWER TIN CVD;BAT 41S01A2;1
GRV_L35;COFFRET POMPE TURBO ACT201H;BAT 41S01A2;2
GRV_E95;UPPER SHIELD TIN CHBRE 2;BAT 41S01D1;1
GRV_E70;COLLIMATOR FOIL 1.1 X 5/8 HEX;BAT 41S01F1;3
EMC_R76;SHIELD ALTI 8 WAFER TYPE ALU PVD;BAT 41S02B1;2
EMC_R76-USED;RING INNER CERAMIC WXZ;BAT 41S02B1;3
GRV_M20;CAPTEUR DE PRESSION 10 TORR;BAT 41S03E1;1
GRV_C77;TETE DE JAUGE BCG450 DN40 CF-R ;BAT 41S04D1;0
GRV_M40;NEON FI LAMP 17W;BAT 41S06A1;1
EMC_X10;RETROFIT KIT FOR 0010-00957 LASER OPTICS END/CENT2;BAT 41S07C1;6
GRV_M41;JAUGE IONIQUE AVEC FILAMENT POUR ENDURA ;BAT 41S07C1;1
GRV_M42;BARATRON PRESSURE TRANSDUCER 10 TORR;BAT 41S07C1;1
EMC_G68;BRACKET MOTOR;BAT 41S07D1;6
EMC_K31;PUL TIME BELT;BAT 41S07D1;7
GRV_B31;PCBA ROTATION MOTOR;BAT 41S07D1;0
GRV_B38;VENTILATEUR HEATER CHAMBRE W (TUNGSTENE)  11;BAT 41S07D1;0
GRV_B74;REGULATED POWER SUPPLY;BAT 41S07D2;1
GRV_F95;"THERMOCOUPLE TYPE C"" 1/16 DIA X 38"" LO """;BAT 41S07D2;1
GRV_I45;CAPTEUR DE PORTE ;BAT 41S07D2;5
GRV_J80;PRESURE TRANSDUCER ;BAT 41S07D2;0
GRV_J89;PRESURE TRANSMITTER MODEL 616-C-2 FABRICANT DWYER;BAT 41S07D2;1
GRV_J91;LEVEL SENSOR (TANK);BAT 41S07D2;0
GRV_J92;SUCK BACK JD-90M-TEF;BAT 41S07D2;0
GRV_J93;LEVEL SENSOR CHAMBER;BAT 41S07D2;1
GRV_J94;VANNE PNEUMATIQUE FABRICANT PARKER MODEL CASY 17-11;BAT 41S07D2;0
GRV_J95;DETENDEUR FABRICANT NORGREN REF ROS-200-RN-LA;BAT 41S07D2;0
JNT_B66;SPRAY;BAT 41S07D2;2
JNT_Y87;VISSERIE CHAMBRE;BAT 41S07D2;4
JNT_Y88;CANNE ASPIRE CHIMIE SSEC ;BAT 41S07D2;4
JNT_Y89;LEAK DETECTOR EX-F6-PN FABRICANT SUNX;BAT 41S07D2;7
JNT_Y90;CHIMICAL SENSOR  ASBIL HPQ-T1;BAT 41S07D2;4
JNT_Y91;Z HANDLER HOME SENSOR SUNX REF A6-PM-L24;BAT 41S07D2;0
JNT_Y92;RACCORD TOURNANT GAUTIER 3S76667-KVR;BAT 41S07D2;10
JNT_Y93;RETAINER RING RMT - SECOND SOURCE ;BAT 41S07D2;10
JNT_Y97;PROCESS PUMP SMC;BAT 41S07D2;6
EMC_W90;ECRAN LATERAL TYPE 7592;BAT 41S07D3;8
VIS_W96;FILTRE CHIMIQUE;BAT 41S07D3;60
VIS_W99;"CHUCK 8""";BAT 41S07D3;2
VIS_Y06;LAMPE A BAILLONETTE;BAT 41S07D3;19
EMC_G66;CIRCULATOR MK8C (MI2472);BAT 41S07E1;0
GRV_A86;FC SERIES 120 WATT REGULATED HIGH VOLTAGE DC POWER SUPPLIES;BAT 41S07E1;1008
EMC_W89;JAUGE;BAT 41S07E3;6
CER_Q21;LAMPE 21V 150W EKE POUR CAPTEUR INFRAROUGE;BAT 41S07F1;3
CER_Q30;LAMPE VTSS 12V 50W (1100 HRS);BAT 41S07F1;2
CHU_F06;COFFRET DE CONTROL PROTOCOL-4 (POUR PIECES);BAT 41S08E3;1
GRV_L81;RING DEP IMPULSE ;BAT 41S09C1;2
DEP_F104;DRIVER NSK EP0810AF3-05 - ROTATION TÊTE ;BAT 41T01A1;0
DEP_F105;RELAIS STATIQUE;BAT 41T01A1;0
DEP_G29;RELAIS STATIQUE;BAT 41T01A1;0
EMC_K25;TRANSISTOR MJ11032G;BAT 41T02C1;1
DEP_M40;CONTROLER TURBO ADIXEN MAGPOWER;BAT 41T03A1;1
DEP_B36;FAN 24VCC 135X135X38 ;BAT 41T04C1;2
DEP_B44;COUPLING FLEXIBLE;BAT 41T04C1;0
DEP_B34;LOWER RING INSULATOR ;BAT 41T04D1;0
DEP_B35;TB, QUARTZ, A3 ;BAT 41T04D1;1
DEP_L00;TB, QUARTZ, A3 ;BAT 41T04D1;0
AIX_018;GATE VALVE ASSEMBLY;BAT 41X01C1;1
AIX_008;KIT PM ANNUEL OXFORD IBE1;BAT 41X01E1;7
AIX_011;CERAMIIC SPACER MALE;BAT 41X01E1;3
AIX_012;FIBER OPTIC CABLE;BAT 41X01E1;6
AIX_014;VANNE A MEMBRANE ALD INOX-ACTIONNEUR ALD3T;BAT 41X01E1;5
AIX_015;"HEATER, AIN ASSY, 8""";BAT 41X01E1;11
AIX_025;LOOM. 300MM PVD RF PLATEN FEED ;BAT 41X01E1;7
AIX_031;JOINT TORIQUE MOULE KALREZ 4079 ID 5,94 MM S 3,53 K-202;BAT 41X01E1;9
AIX_032;TURBOTRONIC NT 150/360;BAT 41X01E1;9
AIX_034;EDGE RING SICONI 300MM;BAT 41X01E1;8
AIX_035;OUTIL CALIBRATION LEVELING SPACING;BAT 41X01E1;0
AIX_039;INSERT RING CERAMIC ;BAT 41X01E1;8
AIX_041;"CLAMP RING 8TIN SNNF""";BAT 41X01E1;3
AIX_049;KIT RETROFIT MOTEUR PVD 200MM;BAT 41X01E1;4
AIX_061;CAISSON AIXTRON_CRIUS1 FILTRE CHAMBRE;BAT 41X01E1;0
AIX_067;VARIATEUR CTI CRYOGENICS N° SERIE 93E942011;BAT 41X01E1;6
AIX_071;DIB POL 8PC  213-173;BAT 41X01E1;4
AIX_121;SBVM 1/4 OR 1/4 FNPT;BAT 41X01E1;0
DEP_F45;COMPOSANT PNEUMATIQUE SD-1242;BAT 41X01E1;11
DEP_F47;ELECTROVANNE;BAT 41X01E1;0
VIS_045;KIT XDS5 / XDS10;BAT 41X01F1;18
DEP_H27;VENTILATEUR;BAT 41X02A1;16
DEP_P29;VENTILATEUR;BAT 41X02A1;3
DEP_P84;VENTILATEUR;BAT 41X02A1;2
DEP_P47;COFFRET ALIMENTATION RF (DC);BAT 41X04C1;1
DEP_P58;SOUFFLET DN25 COURSE 15 PLANAR;BAT 41X04C1;1
DEP_P59;FLOW SWITCH 215973746;BAT 41X04C1;1
DEP_P95;OPTO KT 3586 TEGAL;BAT 41X04C1;1
JNT_Q32;TUBE POLYURETHANE 4/6 VERT ;BAT 41X05B2;5
DEP_P41;TUBE POLYAMIDE 10/12 VERT ;BAT 41X05F2;1
DEP_P62;TUBE POLYURETHANE 5.5/8 ROUGE;BAT 41X05O1;3
DEP_P63;FILTRE EAU PALL R1F400;BAT 41X05O2;3
VIS_207;HUILE POUR VIS SANS FIN AXE Y;BAT 41X05P4;7
DEP_J17;POMPE PERISTATIQUE MASTERFLEX 0-600 TRS/MINUT;BAT 41X06B1;2
VIS_Y12;CAISSE TRANSPORT POUR TÊTE DE POLISSAGE PRIME ;BAT 41X06D4;6
DEP_P53;RACCORD RF 2 BROCHES  R616.549.000;BAT 41X06F3;2
BAG_Q20;RACCORD RF;BAT 41X06G1;6
BAG_Q22;EZTFZET;BAT 41X06G1;11
BAG_F88;EMBOUT;BAT 41X06H2;7
DEP_H74;CLAPET;BAT 41X06P2;247
JNT_Q45;COUDE;BAT 41X07C1;8
JNT_M76;BOUCHON PNEU;BAT 41X07E2;20
JNT_V66;TEE FESTO;BAT 41X07G1;101
JNT_V85;RACCORD RF R191419;BAT 41X07G1;0
JNT_B87;RACCORD RABDA0060;BAT 41X07H3;0
JNT_R96;ROULEMENT;BAT 41X07H4;6
JNT_Q67;VANNE;BAT 41X07J2;47
JNT_R10;VANNE MANUELLE INOX;BAT 41X07J4;5
JNT_B47;VANNE;BAT 41X07L1;6
BAG_Q16;"RACCORD 1 EN T""";BAT 41X07M1;4
DEP_E88;COUDES EGAUX MATIÈRE INOX;BAT 41X07M2;0
EMC_W03;COUDES EGAUX MATIÈRE INOX;BAT 41X07O4;3
JNT_141;COUDES EGAUX MATIÈRE INOX;BAT 41X07P4;4
JNT_B67;ANNEAUX DE CENTRAGE INOX/VITON;BAT 41X07P4;5
JNT_Q37;DISJONCTEUR C60N;BAT 41X08C3;2
JNT_V94;CERAMIQUE 10054995;BAT 41X08C3;5
DEP_P35;RÉSEVE DE VIDE;BAT 41X08E2;2
JNT_Q84;EXPANDED GAS PANEL INTERFACE BD;BAT 41X08E4;6
JNT_Q53;ALIMENTATION POUSSE POUSSE;BAT 41X08H4;0
JNT_R45;BLOC LAMP 100W;BAT 41X08K3;0
JNT_R42;SHUTTER;BAT 41X08L1;3
JNT_R47;CACHE CIBLE H35 PLANAR;BAT 41X08L2;1
JNT_S26;CACHE CIBLE H85 PLANAR;BAT 41X08L3;3
VIS_058;CACHE CIBLE H135 PLANAR;BAT 41X08O3;42
JNT_195;GATE VALVE ALLIANCE A6 ;BAT 41X08P1;3
VAN_V69;MOTEUR + LIFT ASSEMBLY;BAT 41Y01C3;2
DEP_D79;POMPE TURBO EDWARDS STPA1303C ;BAT 41Y02C1;1
DEP_F58;JOINT TORIQUE  ,208021  (E1507);BAT 41Y02D1;1
DEP_P64;JOINT TORIQUE  3700-01336;BAT 41Y02F1;1
DEP_E92;JOINT TORIQUE  3700-01094;BAT 41Y03B1;3
DEP_I54;ORING ID.424 CSD 103 VITON 75 DURO BRN 3700-01337;BAT 41Y03B1;0
DEP_I54W;ANNEAU DE CENTRAGE+JOINT NOIR PERBUNAN DN16;BAT 41Y03B1;6
EMC_X88;ANNEAU DE CENTRAGE+JOINT NOIR PERBUNAN DN16;BAT 41Y03B1;5
EMC_X37;JOINT;BAT 41Y03D1;3
EMC_X81;JOINT TORIQUE;BAT 41Y03D2;1
DEP_D90;JOINT TORIQUE;BAT 41Y03F1;2
DEP_E81;JOINT TORIQUE;BAT 41Y04E1;0
DEP_J65;JOINT TORIQUE;BAT 41Y04E1;1
EMC_W01;JOINT TORIQUE;BAT 41Y04E1;16
DEP_E83;JOINT TORIQUE;BAT 41Y04F3;1
DEP_G96;JOINT TORIQUE;BAT 41Y04F3;0
DEP_E03;JOINT TORIQUE;BAT 41Y04G1;7
DEP_K58;JOINT TORIQUE;BAT 41Y05A1;0
EMC_K23;JOINT TORIQUE;BAT 41Y05A1;1
DEP_A96;JOINT TORIQUE;BAT 41Y05B3;0
DEP_P92;JOINT TORIQUE;BAT 41Y05C1;1
DEP_D05W;JOINT TORIQUE;BAT 41Y06C1;3
DEP_J24N;JOINT TORIQUE 51.5*3.55 G2 T74501;BAT 41Y06C1;1
DEP_O32;JOINT TORIQUE 16*1.9 R12BIS G2;BAT 41Y06C1;2
CAI_028;ASSY TC PROBE SONDE DE TEMPERATURE;BAT 41Y06D1;1
CAI_028W;FILTRE ULTIPOR N66;BAT 41Y06D1;1
DEP_D10W;KIT AMAT LIFT;BAT 41Y06D1;4
DEP_D11W;INSERT SLIT DE LA CH A TICH 4;BAT 41Y06D1;2
DEP_I53W;RF GASKET ID 2.300 CS.180;BAT 41Y06D1;9
EMC_V22;PKG WDO AND BLANK OFF 2300;BAT 41Y06E3;2
DEP_M84;LINER BIAS ELCTD CANTIVEL HP;BAT 41Y06G1;50
DEP_O56;PLASMA SOURCE ASSEMBLY ;BAT 41Y06G1;4
DEP_P38;CERAMIC LINER CVD TIN CH3;BAT 41Y07A1;1
DEP_P39;DEP SHIELD GR,SIC,6MM,G3,GV,R200 OLD;BAT 41Y07A1;4
DEP_O59;CONTROL-REMOTE SCORPION;BAT 41Y08D1;0
EMT_J16;VANNE (VALVE-HIGH PRESSURE DIAPHRAGM);BAT 41Z01A1;1
CHI_Q01;COLLIERS DE SERRAGE MATIÈRE ALUMINIUM;BAT 41Z01A3;1
EMC_G29N;COLLIERS DE SERRAGE MATIÈRE ALUMINIUM;BAT 41Z01A3;1
EMT_H84;DOUCHE ETCH;BAT 41Z01A4;3
EMT_B68;VALVE SOL 24VDC 213-051;BAT 41Z01B1;1
EMT_J26;VALVE TEFLON PNEUMATIC 213-010;BAT 41Z01B1;2
EMT_Q39;PIECE 0020-30404-B;BAT 41Z01B1;9
VAN_F64;PIECE 0020-10527;BAT 41Z01B1;1
VIS_Q12;EMBOUT LONG DN25;BAT 41Z01B1;67
EMT_J23;COLLIERS DE SERRAGE MATIÈRE ALUMINIUM;BAT 41Z01B2;2
EMT_J29;TES INEGAUX MATIÈRE INOX;BAT 41Z01B2;1
EMT_J22;KIT AD 100 A;BAT 41Z01B4;3
DEP_D94;COLLIERS DE SERRAGE MATIÈRE ALUMINIUM;BAT 41Z01C1;1
DEP_D95;LIFTER SPINNER ( FROM 9600A) ;BAT 41Z01C1;1
EMC_F70;EDGE DETECTOR ASSY (FROM 9600A) ;BAT 41Z01C1;3
EMT_H83;LOWER MATCH ;BAT 41Z01C1;1
EMT_H87;ALIM EWS600-28 ;BAT 41Z01C1;6
EMT_H90;ASSY,PCB,ISI INTFC T-MTCH ;BAT 41Z01C1;10
EMT_H92;ASSY,PCB,16 CHANNEL HEAT/ ;BAT 41Z01C1;2
EMT_H98;BARATRON 0-100MT ;BAT 41Z01C1;2
EMT_I28;BELLOW VCE II ;BAT 41Z01C1;6
EMT_I29;BELLOW VCE II ;BAT 41Z01C1;3
EMT_I53;BELLOW VCE II ;BAT 41Z01C1;7
EMT_J28;DISJONCTEUR MONO 20A;BAT 41Z01C1;1
EMT_J34;ANAFAZE CONTROL TEMP ;BAT 41Z01C1;1
EMT_J35;ORING ID 0924CSD ,103 SILICONE;BAT 41Z01C1;1
EMT_J36;ORING ID 10,606CSD ,103 SILICONE;BAT 41Z01C1;1
EMT_J37;ORING ID 8,237CSD ,103 SILICONE;BAT 41Z01C1;1
EMT_J40;ORING ID 7,237CSD ,103 VITTON;BAT 41Z01C1;3
EMT_J41;VACCUM SWITCH;BAT 41Z01C1;5
EMT_J43;O-RING 277V;BAT 41Z01C1;3
EMT_J45;SLT HD PAN M4 X 55;BAT 41Z01C1;2
EMT_J50;ROBOT SSEC;BAT 41Z01C1;1
EMT_J61;LOAD PORTE;BAT 41Z01C1;3
EMT_J63;PRESSURE TRANSDUCER;BAT 41Z01C1;4
KIT_F41;PRESSURE TRANSDUCER;BAT 41Z01C1;2
REL_Q05;PROLONGATEUR SORTIE STAGE;BAT 41Z01C1;1
VAN_Q04;POMPE TURBO;BAT 41Z01C2;1
EMC_K89;FOUR PR-HPB3-21 (29) DE RF3;BAT 41Z01C4;2
DET_K32;ELECTROVANNE PNEUMATIQUE;BAT 41Z01E4;1
EMT_V80R;EMO/COM;BAT 41Z02A1;2
VEN_V26;HEATER CONTROLLER MODEL 854;BAT 41Z02A1;1
EMT_D46A;STEPPER CONTROLLER 850;BAT 41Z02B1;6
EMT_S14;MOTEUR BRAS DE DISPENCE CHIMIE;BAT 41Z02B1;5
EMT_S24;LOGIC POWER SUPPLY A VEGA 650;BAT 41Z02B1;2
DEP_D83;MOTEUR DOOR;BAT 41Z02B3;1
DEP_E15;EMI LINE FILTER NETWORK;BAT 41Z02B3;1
DEP_E27;INTER LOCK PORTE;BAT 41Z02B3;1
DEP_G09;CABINE ELECTRIQUE;BAT 41Z02B3;1
EMC_S83;RELAIS RELPOL;BAT 41Z02B3;1
JNT_Z94;EMO+BOUTON POUSSOIR;BAT 41Z02B3;6
KIT_V64;REGULATION  CHUCK N2;BAT 41Z02B3;4
MOT_K34;FILTRE GAZ;BAT 41Z02B3;4
VAN_Q01;PRESS SWITCH;BAT 41Z02B3;0
DEP_O46;THERMOCOUPLE;BAT 41Z02B4;6
EMT_S38;ROULEMENT 80-200-127;BAT 41Z02B4;5
EMT_S39;DISJONCTEUR/3;BAT 41Z02B4;10
JNT_Z44;FILTRE EXTRACTION 68778;BAT 41Z02B4;11
ROU_Q01;ELEMENT 0100-09042;BAT 41Z02B4;2
DEP_I14;FILTRE EAU;BAT 41Z02C1;1
EMT_V80;PIEDS LOADPORT ;BAT 41Z02C1;0
DET_V17;COUDES EGAUX MATIÈRE INOX;BAT 41Z02E1;2
EMC_C77;TUYAUX FLEXIBLES MATIÈRE INOX;BAT 41Z02E1;1
EMC_I76;TUYAUX FLEXIBLES MATIÈRE INOX;BAT 41Z02E1;1
VIS_V31;TUYAUX FLEXIBLES MATIÈRE INOX;BAT 41Z02E1;1
CON_K30;ELEMENT POUR SUSCEPTOR 0020-10133;BAT 41Z02E2;1
DEP_E93;LIGHT PEN 0190-70024;BAT 41Z02E2;2
ELEC_F21;CLAMP SHIELD 0020-30090;BAT 41Z02E2;0
ELEC_L50R;CLAMP SHIED 0020-10730;BAT 41Z02E2;1
EMT_S58;ELEMENT 3480-01037;BAT 41Z02E2;2
VIS_V21;ELEMENT 3480-01038;BAT 41Z02E2;2
JNT_Q65;ELEMENT 0030-00118;BAT 41Z02E4;3
ELEC_A04;PIN 40-297-001;BAT 41Z03A3;1
ELEC_V94;GUIDE A BILLE;BAT 41Z03A3;2
ELEC_V97;GUIDE A BILLE 80-200-144;BAT 41Z03A4;1
CON_V61;PIN 40-297-002;BAT 41Z03B1;4
DEP_E30;CI 80-520-013;BAT 41Z03B1;7
EMC_K20;CI 80-520-014;BAT 41Z03B1;3
RAC_X01;POULIE COURROIE 57-028-001;BAT 41Z03B1;1
RAC_X02;POULIE COURROIE 57-021-001;BAT 41Z03B1;2
VAN_V27;SUPPORT PIN 39-132-001;BAT 41Z03B1;2
EMC_C65;FILTRE GAZ PALL 4US R2553-1;BAT 41Z03B3;4
EMT_P45;SONDE TEMPERATURE 80-095-057;BAT 41Z03B3;2
EMC_Z69;ROULEAUX ENREGISTREURS  80-055-169;BAT 41Z03B4;1
CAL_V31;JOINT TORIQUE  3700-01350;BAT 41Z03C1;0
CAL_V32;JOINT TORIQUE  3700-01275;BAT 41Z03C1;1
CAL_V33;JOINT TORIQUE  3700-01131;BAT 41Z03C1;0
CAL_V34;JOINT TORIQUE  3700-1329;BAT 41Z03C1;1
DEP_D78;JOINT TORIQUE  3700-01336;BAT 41Z03C1;1
DEP_E24;JOINT TORIQUE  ETCH LID 0020-09375;BAT 41Z03C1;3
DEP_E25;COURROIE 3080-01029;BAT 41Z03C1;5
DEP_F60;COURROIE 3080-01030;BAT 41Z03C1;8
DEP_O29;COURROIE 3080-01031;BAT 41Z03C1;2
DEP_D85;COURROIE 3080-01041;BAT 41Z03D1;3
DEP_H88;CAPAS RF (915) 80-370-008;BAT 41Z03D1;2
RAC_F85;CAPAS RF (915) 80-370-007;BAT 41Z03D2;1
DEP_C88;SCREW 6-32X3/8  0020-10889;BAT 41Z03D3;1
DEP_C89;SCREW PN HD 0020-10890;BAT 41Z03D3;2
DEP_D04;VIS 3690-01676;BAT 41Z03D3;0
DEP_D59;CERAMIQUE 80-170-013;BAT 41Z03D3;6
DEP_D74;CERAMIQUE 80-170-002;BAT 41Z03D3;6
DET_V39;VERIN 80-080-065;BAT 41Z03D3;2
EMT_P48;BAGUE 0020-09609;BAT 41Z03D3;3
JNT_Z57;PADS VISIONPAD 3000 WINDOW FH2 20  ACAP;BAT 41Z03D3;8
JNT_Z93;;BAT 41Z03D3;2
ELEC_W01;;BAT 41Z03D4;4
ELEC_W02;;BAT 41Z03D4;1
DEP_E56;;BAT 41Z04A4;0
DEP_O61;;BAT 41Z04C1;1
DEP_O62;;BAT 41Z04C1;1
DEP_O75;;BAT 41Z04C1;0
DEP_N50;;BAT 41Z04D1;3
DEP_N52;;BAT 41Z04E1;1
DEP_N53;;BAT 41Z04E1;1
DEP_N54;;BAT 41Z04E1;1
DEP_N55;;BAT 41Z04E1;1
DEP_N56;;BAT 41Z04E1;1
VIS_Q03;;BAT 41Z04E1;0
DEP_B11;;BAT 41Z04F1;3
DEP_B12;;BAT 41Z04F1;3
DEP_B21;;BAT 41Z04F1;6
DEP_B22;;BAT 41Z04F1;6
DEP_B28;;BAT 41Z04F1;12
DEP_B32;;BAT 41Z04F2;3
ELEC_V33;;BAT 41Z05A1;1
ELEC_X92;;BAT 41Z05A1;1
EMC_G40;;BAT 41Z05A1;1
EMC_T55;;BAT 41Z05A2;3
COU_F65;;BAT 41Z05B1;5
COU_F67;;BAT 41Z05B1;1
COU_V23;;BAT 41Z05B1;2
DEP_E90;;BAT 41Z05B1;2
DEP_F03;;BAT 41Z05B1;1
EMC_H16;;BAT 41Z05B1;3
EMT_Q60;;BAT 41Z05B1;1
EMT_X45;;BAT 41Z05B1;1
ROU_F32;;BAT 41Z05B1;0
DEP_C71;;BAT 41Z05B3;1
EMC_C47;;BAT 41Z05C1;1
EMC_W44;;BAT 41Z05C1;11
DEP_D89;;BAT 41Z05C5;0
EMT_S98N;;BAT 41Z05F1;2
EMT_Q94;;BAT 41Z06A1;0
EMT_R28;;BAT 41Z06B1;1
EMT_Z10;;BAT 41Z06B4;1
DEP_Q01;;BAT 41Z06D1;1
EMC_H46;;BAT 41Z06D3;1
EMC_J46;;BAT 41Z06D3;3
EMT_G04N;;BAT 41Z06F1;1
EMT_Q50;;BAT 41Z07B4;0
DET_V09;;BAT 41Z07C1;0
JAU_F50;;BAT 41Z07C1;2
AMP_K23;;BAT 41Z07D1;2
DEP_O43;;BAT 41Z07D1;1
DEP_E59;;BAT 41Z07F1;1
EMC_H72;;BAT 41Z07G3;1
DEP_P49;;BAT 41Z08A1;0
DEP_P50;;BAT 41Z08A1;0
DEP_P52;;BAT 41Z08A1;0
VEN_V10;;BAT 41Z08E2;1
EMC_L21;;BAT 41Z08F1;3
AIX_007;;BAT BAT 41X01E1;3
TTH_A51;;BAT41A04A1;0
TTH_K32;;BAT41B01F4;3
TTH_K33;;BAT41B01F4;1
TTH_K35;;BAT41B01F4;1
TTH_K36;;BAT41B01F4;3
TTH_K37;;BAT41B01F4;1
TTH_K38;;BAT41B01F4;8
TTH_K41;;BAT41B01F4;6
TTH_K43;;BAT41B01F4;9
TTH_K44;;BAT41B01F4;5
TTH_K46;;BAT41B01F4;2
TTH_K47;;BAT41B01F4;1
TTH_K48;;BAT41B01F4;3
TTH_K49;;BAT41B01F4;1
TTH_K23;;BAT41B04A1;1
TTH_F49;;BAT41C01D1;4
TTH_K22;;BAT41C02A1;2
TTH_K27;;BAT41C02E1;2
TTH_E90;;BAT41D04C3;2
TTH_K26;;BAT41E01D1;1
AMP_K17;;BAT41F02E3;5
LIT_E74;;BAT41J03F1;1
LIT_G04;;BAT41J03G1;1
MET_B80;;BAT41K01F1;0
MET_B87;;BAT41K01L2;20
MET_B88;;BAT41K01M2;20
TTH_K29;;BAT41K02J2;1
DEP_H96;;BAT41N02C1;0
TTH_G83;;BAT41O02G1;1
GRV_M36;;BAT41P02P4;1
GRV_M37;;BAT41P02P4;1
GRV_M43;;BAT41Q02F1;20
GRV_M35;;BAT41Q07C1;1
GRV_M44;;BAT41R06B3;3
GRV_M45;;BAT41R06B3;2
GRV_M46;;BAT41R06F1;2
GRV_J18;;BAT41R08E1;2
GRV_J18R;;BAT41R08E1;2
GRV_M32;;BAT41S00A1;0
GRV_M39;;BAT41S01A1;1
GRV_M47;;BAT41S01A2;3
DEP_P98;;BAT41T01C1;2
DEP_Q00;;BAT41T01C1;2
DEP_Q02;;BAT41T01E1;1
EMC_X68;;BAT41X05O3;10
DEP_P85;;BAT41X05O4;17
EMT_P94R;;BAT41Z01A1;0
DEP_P94;;BAT41Z04B1;1
DEP_E50;;BAT41Z04G1;1
PRO_F12;;BAT41Z05C1;1
DEP_B81;;BAT41Z06F1;1
DEP_Q04;;BAT41Z08A1;1
EMC_Z42;;BATM26;0
DEP_P26;;C1B;0
EVA_024;;C1C;2
EVA_025;;C1C;3
EVA_F53;;C2D;2
EVA_F55;;C2D;2
KIT_V56;;C2D;4
VEN_005;;C2D;1
VEN_006;;C2D;2
VEN_008;;C2D;5
EMT_E27;;C3A;2
EMC_I27;;C3D;2
DET_018;;C4D;1
DET_023;;C4D;1
TUB_A12;;C4E;1
TUB_A13;;C4E;4
TUB_A17;;C4E;1
EMT_062;;D1C;11
CHI_Q02;;D1D;3
EMC_A65R;;D1E;1
TTH_F61;;D1E;2
CON_F28;;D2C;9
CON_F30;;D2C;2
ELEC_G63;;D2D;1
ELEC_G76;;D2D;1
KIT_F65;;D5D;6
RAC_002;;D5D;4
RAC_003;;D5D;1
RAC_004;;D5D;1
RAC_011;;D5D;1
RAC_020;;D5D;5
ROU_F34;;D5D;6
VAN_G15;;D5D;1
VAN_G16;;D5D;2
VAN_G17;;D5D;1
RAC_F31;;D6A;8
VID_008;;D6A;5
VID_009;;D6A;3
VID_011;;D6A;3
VID_027;;D6A;51
ELEC_G87;;D6D;1
CER_010;;E2B;8
EMC_L10;;E3A;1
EMC_L19;;E3A;1
EMC_K46;;E3B;1
EMC_K48;;E3B;1
DEP_L79;;E4C;2
DEP_L88;;E4C;4
DEP_L90;;E4C;0
DEP_L91;;E4C;2
GRV_K86;;E4D;1
MOT_V24;;E4D;1
GRV_L55;;E5B;1
JNT_017;;E5D;3
JNT_186;;E5D;6
JNT_188;;E5D;1
JNT_190A;;E5D;8
JNT_341;;E5D;37
JNT_341R;;E5D;3
JNT_H45;;E5D;4
JNT_N34;;E5D;10
JNT_N36;;E5D;2
JNT_N46;;E5D;1
JNT_N47;;E5D;4
JNT_N49;;E5D;1
JNT_N51;;E5D;6
JNT_N52;;E5D;10
JNT_N63;;E5D;1
JNT_N65;;E5D;2
JNT_N70;;E5D;2
JNT_N71;;E5D;2
JNT_N72;;E5D;1
JNT_N73;;E5D;2
JNT_Z89;;E5D;2
JNT_Z90;;E5D;1
EMT_E06;;E6D;1
EMT_E20;;E6D;3
DEP_Q03;;M26;1
EMC_H44;;ISSUS_D'UN_KIT;0
DEP_P28;;BAT 41P02J2;5
GRV_M15;;BAT 41R01C1;1
GRV_M16;;BAT 41R01C1;1
GRV_C39;;BAT 41S08D1;2
DEP_P55;;BAT 41Z05G1;2
DEP_F21OLD;;BAT 41X02F1;3
EMC_M18;;BAT 41B01D1;1
EMC_P04;;BAT 41B01E1;1
VID_019;;E5A;40
VID_020;;E4E;48
EMT_E08;;E2C;1
EVA_017;;C2B;1
EVA_029;;C2B;1
MEC_052;;E2C;1
MEC_053;;D1E;1
MEC_154;;C2B;3
VID_017;;E5A;17
VID_050;;D1E;2
KIT_019;;E6C;2
VID_018;;E4E;21
GRV_K93;;BAT 41Q08C1;1
GRV_K94;;BAT 41Q08C1;1
EMT_645R;;BAT 41R04D1;1
GRV_C59;;BAT 41R04D1;1
GRV_I80;;BAT 41R04D1;1
GRV_I82;;BAT 41R04D1;2
GRV_K42;;BAT 41R04D1;2
GRV_B25;;BAT 41S05C1;2
GRV_B26;;BAT 41S05C1;2
GRV_B27;;BAT 41S05C1;2
ELEC_067;;BAT 41R06C3;1
GRV_J07;;BAT 41R06C3;1
TTH_K55;;BAT41O01B1;12
TTH_K56;;BAT41O01B1;3
TTH_K57;;BAT41O01B1;4
TTH_K58;;BAT41O01B1;4
TTH_K59;;BAT 41G04D1;3
GRV_M48;;BAT 41P01H4;4
GRV_M49;;BAT 41S07D3;6
TTH_K60;;BATM26A0201;1
TTH_K61;;M26A03C1;2
TTH_D92;;BAT41B01E2;2
TTH_K31;;BAT41B01E2;2
MET_B93;;BAT 41M01D1;1
EMT_B07R;;BAT 41Q00A1;0
LIT_G06;;BATM26A03A01;1
TTH_K63;;BAT41E03G1;60
TTH_K64;;BAT41E03G1;1
TTH_K65;;BAT41E03G1;1
TTH_K66;;BAT41E03G1;2
TTH_K69;;BAT41E03G1;3
TTH_K70;;BAT41E03G1;2
TTH_K71;;BAT41E03G1;1
TTH_K72;;BAT41E03G1;1
TTH_K75;;BAT41E03G1;3
TTH_K76;;BAT41E03G1;3
TTH_K77;;BAT41E03G1;2
TTH_K78;;BAT41E03G1;1
TTH_K81;;BAT41E03G1;1
TTH_K82;;BAT41E03G1;1
TTH_K84;;BAT41E03G1;1
TTH_K85;;BAT41E03G1;2
ROU_011;;E5A;4
EMC_L25;;C3B;4
EMT_127;;B1C;3
EMT_071;;C1A;4
EMT_E21;;E3E;2
MET_A77;;A2B;1
VID_010;;C3B;1
VID_037;;C3B;4
VID_040;;C2C;1
VID_041;;C4C;9
EMT_069;;C1A;1
EMT_070;;C1A;0
EMT_072;;C1A;16
EMT_073;;C1A;8
EMT_074;;C1A;8
EMT_075;;C1A;8
EMT_076;;C1A;50
EMT_084;;E5A;5
EMT_123;;E5A;10
EMT_124;;E5A;7
EMT_128;;E5A;9
EMT_131;;E5A;1
EMT_133;;E5A;1
EMT_134;;E5A;2
EMT_135;;E5A;2
EMT_136;;E5A;6
EMT_137;;C1A;1
EMT_138;;E5A;3
EMT_118;;C2A;82
JNT_181;;C1A;2
JNT_183;;C1A;2
JNT_185;;C1A;4
JNT_191;;C1A;5
JNT_192;;C1A;1
JNT_193;;C1A;6
COU_023;;C1A;1
COU_024;;C1A;1
COU_025;;C1A;2
COU_027;;C1A;4
ELEC_003;;C1A;2
ELEC_004;;C1A;2
VIS_044;;C1A;6
VIS_046;;C1A;3
VIS_059;;C1A;8
CER_018;;C1A;21
CER_019;;E5A;35
CLD_012;;E5A;1
BAG_012;;C1A;6
LIT_C63;ARM POSITIONING JIG;BAT 41F03E1;2
LIT_C64;RONDELLE EP 0.05MM;BAT 41F03E1;60
TTH_H91;MOTOR BOAT ROTATION VT412B;BAT 41B03B2;2
